claim_type_enc,requested_amount,history_claim_count,days_since_last_claim,description_length,image_count,llm_confidence,llm_red_flag_count,amount_per_claim_ratio,norm_amount,fraud_label
3,247.55038494218263,1,87,279,5,0.6585899828537211,0,123.77519247109132,0.024755038494218264,0
4,5167.85781266037,2,20,609,3,0.9169228915050688,0,1722.61927088679,0.516785781266037,0
2,14960.591609821644,9,7,1223,3,0.7238353612789337,4,1496.0591609821645,1.4960591609821643,1
4,1144.2091989615283,3,198,1928,2,0.7439562271993518,0,286.05229974038207,0.11442091989615283,0
4,15618.55733113308,11,15,257,1,0.7579981522836342,6,1301.54644426109,1.561855733113308,1
1,9239.935334676109,1,367,1134,3,0.854298565533348,0,4619.9676673380545,0.9239935334676109,0
2,39909.47302605607,2,59,1916,2,0.7539882510866788,1,13303.157675352022,3.990947302605607,0
2,11799.605393172009,2,29,1190,3,0.7154146960851695,0,3933.201797724003,1.1799605393172008,0
2,3913.5334249400967,5,43,288,5,0.8722640698714589,1,652.2555708233494,0.39135334249400966,1
4,14003.814478061417,2,708,1956,1,0.8894419396374402,1,4667.9381593538055,1.4003814478061416,0
3,42082.937885179585,11,2,916,3,0.9075129232257645,3,3506.911490431632,4.208293788517959,1
2,3520.92689722583,2,41,97,1,0.8765701445402414,0,1173.6422990752767,0.352092689722583,0
4,2027.9177326228164,2,368,1521,1,0.9359140319870969,0,675.9725775409388,0.20279177326228165,0
1,990.0994888802821,4,101,806,5,0.534796055391849,0,198.01989777605644,0.0990099488880282,0
3,5075.049472450923,1,459,1541,5,0.6398865804380931,0,2537.5247362254613,0.5075049472450922,0
1,9795.361026115666,1,61,1366,4,0.4564801765298259,0,4897.680513057833,0.9795361026115667,0
3,7215.967775145434,0,100,1498,1,0.5903769725615015,1,7215.967775145434,0.7215967775145433,0
4,4918.897438285283,6,141,566,3,0.7522224791959023,2,702.6996340407547,0.4918897438285283,0
0,2604.783202625336,0,447,1685,5,0.6129086516414509,1,2604.783202625336,0.2604783202625336,0
3,16812.79411503003,3,407,254,3,0.7516958979077932,0,4203.198528757507,1.6812794115030028,0
1,1668.1019398414373,1,171,1253,1,0.9540268630916425,1,834.0509699207187,0.16681019398414373,0
4,20562.688951828255,1,51,1602,5,0.8584957981741659,1,10281.344475914128,2.0562688951828254,0
3,2434.117574143887,0,104,139,4,0.9107795791296658,0,2434.117574143887,0.2434117574143887,0
0,3284.8547544974626,1,743,549,1,0.9744880937868525,0,1642.4273772487313,0.32848547544974627,0
0,1393.8957047390982,1,188,1181,3,0.8097666597910073,0,696.9478523695491,0.13938957047390982,0
2,4439.590510184946,1,304,1263,4,0.8364980758811437,0,2219.795255092473,0.4439590510184946,0
2,26117.867827406604,2,120,1253,1,0.920052177545857,0,8705.955942468869,2.6117867827406602,0
1,15044.28864511471,3,152,1834,5,0.6444586628105325,1,3761.0721612786774,1.504428864511471,0
3,26215.510920307803,0,113,1836,1,0.9179891491714072,0,26215.510920307803,2.62155109203078,0
3,15162.355985263806,2,243,1093,2,0.723167025922512,0,5054.118661754602,1.5162355985263807,0
2,2155.1081906671398,2,382,1432,3,0.8182835062699572,0,718.3693968890466,0.215510819066714,0
3,26409.658655838623,7,6,1682,5,0.778513893561221,6,3301.207331979828,2.6409658655838624,1
3,3177.217348512737,1,132,1807,5,0.6682878348011323,0,1588.6086742563684,0.3177217348512737,0
0,323529.05985801166,10,7,1729,2,0.901158552456961,2,29411.732714364698,10.0,1
2,1927.258150259299,0,39,56,4,0.8553845374925726,0,1927.258150259299,0.19272581502592992,0
4,23681.21098517329,3,561,1935,5,0.8040526584953315,2,5920.302746293322,2.368121098517329,0
2,23660.08296625757,1,76,371,4,0.6723505080586315,0,11830.041483128785,2.366008296625757,0
4,72805.31516728771,1,323,317,4,0.8580339808392295,0,36402.65758364386,7.280531516728772,0
0,4956.1082704322835,4,252,1500,4,0.7622199591383894,0,991.2216540864567,0.49561082704322834,0
1,19049.318230632693,2,314,345,1,0.7608726234525328,0,6349.772743544231,1.9049318230632692,0
3,125239.37735914893,6,553,1586,2,0.545517073550548,0,17891.339622735562,10.0,1
0,3861.5733679236314,1,196,619,3,0.5795275499339414,3,1930.7866839618157,0.38615733679236314,0
3,1284.2776548412653,1,457,1460,2,0.8269128600262541,0,642.1388274206327,0.12842776548412654,0
1,848.9395304299946,2,37,313,5,0.7451589461124689,0,282.9798434766649,0.08489395304299946,0
1,19058.23240849496,2,198,139,2,0.4818595980662826,0,6352.744136164987,1.9058232408494962,0
0,7973.122174378491,5,12,1561,3,0.581425238885284,7,1328.8536957297486,0.7973122174378491,1
1,5183.40334786376,2,64,1660,1,0.8382815290644386,0,1727.8011159545867,0.518340334786376,0
4,13694.859527675848,3,270,902,5,0.7229557707479375,0,3423.714881918962,1.369485952767585,0
1,10119.41003490419,2,302,1334,1,0.9573600558381411,0,3373.1366783013964,1.0119410034904188,0
3,13501.19983334091,0,356,537,5,0.8104819185728263,0,13501.19983334091,1.3501199833340911,0
3,10580.286949876852,1,76,1867,3,0.6106402574645027,1,5290.143474938426,1.0580286949876851,0
3,37595.47498439403,1,229,1414,1,0.9512207176309875,1,18797.737492197015,3.759547498439403,0
3,2584.3268403657535,1,73,1402,3,0.7532649633722142,0,1292.1634201828767,0.2584326840365753,0
4,3596.10226543079,0,269,450,3,0.9573511166381521,0,3596.10226543079,0.359610226543079,0
2,3206.0940413919056,1,125,406,2,0.8686807298214066,1,1603.0470206959528,0.3206094041391906,0
0,21943.58617556069,2,183,804,5,0.6019860694106374,1,7314.528725186897,2.1943586175560688,0
3,23872.40112627115,1,108,548,4,0.9180615824607872,1,11936.200563135575,2.387240112627115,0
1,13925.408264519947,1,36,883,4,0.8234629596352722,0,6962.704132259973,1.3925408264519947,0
3,33529.88468407843,1,40,484,1,0.7784914498615599,0,16764.942342039216,3.352988468407843,0
1,1971.1077220269583,2,17,168,3,0.7428794781483236,0,657.0359073423194,0.19711077220269582,0
1,59914.206955015026,0,193,1120,2,0.8080514868906765,0,59914.206955015026,5.991420695501502,0
3,50407.05104974179,0,378,1241,5,0.8644511588121052,0,50407.05104974179,5.04070510497418,0
4,19589.449249708116,0,5,1072,1,0.8254682612299453,1,19589.449249708116,1.9589449249708115,0
1,68744.95909082079,2,14,397,3,0.9784718872416707,0,22914.98636360693,6.874495909082079,0
1,1109.9299129059202,1,123,1577,4,0.9106239196741734,3,554.9649564529601,0.11099299129059202,0
3,4318.494980888817,2,268,588,4,0.9260485941369931,0,1439.498326962939,0.4318494980888817,0
1,3353.084163755116,0,35,1369,5,0.9053520774492259,0,3353.084163755116,0.3353084163755116,0
1,19259.797831859007,1,64,1586,5,0.9550434030486866,0,9629.898915929503,1.9259797831859007,0
3,2298.084232593653,2,53,1247,5,0.6503447541142968,0,766.0280775312176,0.2298084232593653,0
3,20110.436320107197,3,102,1468,1,0.8994457153490679,0,5027.609080026799,2.0110436320107197,0
0,41967.18879533281,3,51,1752,5,0.5474547696302848,0,10491.797198833203,4.1967188795332815,1
4,18661.978171198858,2,87,579,1,0.8406584746125576,0,6220.659390399619,1.8661978171198859,0
4,11390.115859129068,0,261,1676,2,0.9774387043493454,0,11390.115859129068,1.1390115859129069,0
1,2476.377264954556,1,189,352,3,0.8796731751491358,0,1238.188632477278,0.24763772649545557,0
4,2932.9934643215847,3,17,251,4,0.636348523142811,0,733.2483660803962,0.2932993464321585,1
1,36298.89889624145,2,204,1606,1,0.8973058216376948,0,12099.632965413817,3.629889889624145,0
0,20644.801114588354,0,130,205,3,0.8112086234588228,0,20644.801114588354,2.0644801114588356,0
3,7732.415501153251,2,546,1970,5,0.905695613532418,0,2577.4718337177505,0.7732415501153251,0
3,4907.444147718349,4,69,63,4,0.7116966856971869,1,981.4888295436698,0.4907444147718349,0
3,712.6786034696868,3,260,1093,1,0.8952321951420997,0,178.1696508674217,0.07126786034696868,0
4,2241.6715574882014,1,263,805,5,0.9576911532270496,1,1120.8357787441007,0.22416715574882015,0
0,80314.29504426938,3,51,938,3,0.8956218416862761,0,20078.573761067346,8.031429504426939,1
4,1743.1573464515116,0,468,1530,2,0.9456104198358781,0,1743.1573464515116,0.17431573464515115,0
4,10171.813436278564,3,136,1246,3,0.9634585742844591,0,2542.953359069641,1.0171813436278565,0
0,239535.38096310315,9,11,494,1,0.6571624338872948,2,23953.538096310316,10.0,1
0,1797.3934272311246,1,32,1996,2,0.8357954482785261,0,898.6967136155623,0.17973934272311246,0
0,10113.764226164993,4,60,171,2,0.8715084975581018,0,2022.7528452329984,1.0113764226164992,0
0,24971.704553799267,2,177,1570,5,0.9787567285789857,0,8323.901517933089,2.4971704553799268,0
3,8225.539665342123,5,77,233,3,0.9584622951518681,0,1370.9232775570206,0.8225539665342123,0
2,253237.65301853104,3,139,1893,1,0.8321975840788978,1,63309.41325463276,10.0,1
2,1094.0928915059617,2,94,1653,2,0.8144938336642612,0,364.69763050198725,0.10940928915059617,0
0,28867.573959629797,0,205,1878,5,0.8847268759771614,1,28867.573959629797,2.8867573959629795,0
2,6585.581487407645,2,134,1923,2,0.9406346763980737,0,2195.1938291358815,0.6585581487407645,0
2,20461.578474151054,2,1,720,3,0.8008276246506608,0,6820.526158050351,2.0461578474151056,0
0,13760.653210296232,1,210,98,4,0.8543832561780046,0,6880.326605148116,1.3760653210296232,0
2,3361.735251241811,3,110,230,1,0.7924183946364888,0,840.4338128104528,0.3361735251241811,0
4,10665.779000536775,1,84,1880,4,0.741340848889115,0,5332.889500268388,1.0665779000536775,0
1,871.7635756647226,0,20,1467,3,0.7589831780087966,0,871.7635756647226,0.08717635756647225,0
1,16712.24562557725,3,50,1466,4,0.7622226940150172,1,4178.061406394312,1.671224562557725,1
0,11588.750930199327,4,51,1421,3,0.7881888308329892,0,2317.750186039865,1.1588750930199327,1
3,17437.74175182782,1,548,1549,3,0.7376013933280263,1,8718.87087591391,1.743774175182782,0
0,211436.44548079823,8,4,190,5,0.6783888023365446,2,23492.93838675536,10.0,1
3,12596.116211619252,3,9,579,4,0.9480859562735089,1,3149.029052904813,1.2596116211619253,1
1,9678.936453787584,0,30,1725,2,0.9073645224817093,0,9678.936453787584,0.9678936453787584,0
0,2815.001282043225,1,17,633,3,0.7390854678913441,0,1407.5006410216124,0.28150012820432246,0
4,3447.2603172875133,5,178,520,4,0.6487820620944262,1,574.5433862145856,0.3447260317287513,0
2,33660.541138262655,0,42,1827,2,0.6629603597485945,0,33660.541138262655,3.3660541138262654,0
3,45415.21621728139,2,139,1846,1,0.9251174419899969,0,15138.405405760464,4.54152162172814,0
2,6089.172520966466,0,93,1336,2,0.8363663217592027,0,6089.172520966466,0.6089172520966466,0
2,8562.977921854928,1,326,192,4,0.7156120402339701,0,4281.488960927464,0.8562977921854928,0
0,2736.5759099852735,4,78,756,4,0.9558547470913824,0,547.3151819970547,0.2736575909985273,0
2,33100.65051922857,4,123,1219,2,0.5323345289608983,0,6620.130103845714,3.310065051922857,0
4,18006.717981267604,0,256,343,2,0.8297789660401568,0,18006.717981267604,1.8006717981267604,0
2,83238.1390448434,7,114,1611,3,0.9741927953937898,0,10404.767380605424,8.32381390448434,1
0,14330.491065366426,8,10,1582,4,0.5194141800259358,3,1592.276785040714,1.4330491065366426,1
4,5148.138753144866,2,217,471,3,0.7884796251272467,0,1716.0462510482887,0.5148138753144866,0
1,10697.17649900966,1,106,1644,3,0.7882584408416665,0,5348.58824950483,1.069717649900966,0
2,17602.345606995706,3,141,613,1,0.9403373514714615,1,4400.586401748927,1.7602345606995706,0
0,6255.390399504331,0,684,466,4,0.9370683764885133,0,6255.390399504331,0.6255390399504331,0
1,2842.5212217034623,1,217,710,3,0.6435082118906762,0,1421.2606108517311,0.28425212217034623,0
1,174939.4917675966,7,12,962,1,0.8434254815741371,2,21867.436470949575,10.0,1
3,19251.849924154387,1,40,1180,3,0.8261550491580261,1,9625.924962077193,1.9251849924154387,0
4,2698.5532615347684,0,133,1391,3,0.5582945929098644,0,2698.5532615347684,0.26985532615347685,0
2,41213.92078201445,0,479,108,4,0.6950143628517967,0,41213.92078201445,4.1213920782014455,0
0,32999.19515919597,0,78,1065,2,0.9569835115056554,1,32999.19515919597,3.2999195159195973,0
3,9520.053968194636,3,687,307,2,0.8473575907351969,1,2380.013492048659,0.9520053968194636,0
4,8915.23985732555,1,21,842,4,0.9173226770166083,0,4457.619928662775,0.8915239857325551,0
3,15754.31106699546,2,466,1498,2,0.7472178160363192,0,5251.43702233182,1.5754311066995461,0
4,2881.183181554873,1,118,580,5,0.8806694699305943,1,1440.5915907774365,0.28811831815548733,0
4,8400.426648224824,1,16,215,2,0.7682124329523069,0,4200.213324112412,0.8400426648224824,0
2,612.2494187525992,1,424,1098,3,0.9227692494737957,0,306.1247093762996,0.061224941875259925,0
4,23196.270133077334,1,59,53,3,0.8570116648481666,1,11598.135066538667,2.3196270133077332,0
3,1244.1503586406534,1,5,52,1,0.8979600734170732,1,622.0751793203267,0.12441503586406534,0
4,49222.385759573786,5,30,467,4,0.858605038664559,0,8203.730959928964,4.922238575957379,1
2,5452.643888817845,0,216,411,1,0.8481353554876397,0,5452.643888817845,0.5452643888817845,0
2,6285.493396002738,1,762,955,3,0.6884503236929345,0,3142.746698001369,0.6285493396002738,0
3,3815.0891537005473,1,24,418,3,0.7920798071462829,0,1907.5445768502736,0.3815089153700547,0
1,5735.059195427263,2,124,588,1,0.6657310500663487,0,1911.6863984757545,0.5735059195427263,0
1,44455.217546516295,1,40,929,5,0.6026012874862184,0,22227.608773258147,4.4455217546516295,0
4,409.3741836122478,1,274,395,2,0.9240571985265317,0,204.6870918061239,0.04093741836122478,0
0,37509.83571518305,3,26,780,5,0.7710797325186165,0,9377.458928795762,3.750983571518305,1
4,12156.608098266328,1,55,946,5,0.7161702722187134,0,6078.304049133164,1.2156608098266328,0
3,1903.7368991266785,0,44,1117,5,0.9170794805411682,0,1903.7368991266785,0.19037368991266784,0
3,2229.7062478167636,1,161,773,5,0.8086603285704017,0,1114.8531239083818,0.22297062478167637,0
3,60577.06485310404,1,414,613,2,0.9468415362471722,1,30288.53242655202,6.057706485310404,0
3,15408.244093839525,12,16,1226,4,0.6702647551774145,2,1185.2495456799634,1.5408244093839525,1
3,2030.3823159523342,1,13,251,1,0.8279276426820632,0,1015.1911579761671,0.20303823159523343,0
2,31722.37195450006,2,166,370,5,0.8363216526135512,0,10574.123984833353,3.172237195450006,0
1,12164.3333315675,2,320,513,5,0.6531966301015618,0,4054.777777189167,1.21643333315675,0
3,2629.3430633096627,0,29,1084,1,0.8725748512945444,0,2629.3430633096627,0.26293430633096626,0
0,10508.607586763692,2,16,1653,1,0.8381044850768645,0,3502.869195587897,1.0508607586763692,0
0,2366.3330026628614,0,42,1300,4,0.8569974108607125,1,2366.3330026628614,0.23663330026628615,0
0,157432.4015221783,4,6,682,3,0.9277769136412196,4,31486.48030443566,10.0,1
0,28959.256066196554,1,180,382,4,0.9235999849356061,0,14479.628033098277,2.8959256066196555,0
2,15342.889770777772,2,156,1542,3,0.6596839830202555,0,5114.296590259258,1.5342889770777772,0
0,12506.368499335875,3,58,64,2,0.5384493957733163,0,3126.5921248339687,1.2506368499335874,1
3,336307.0173766018,11,3,1130,4,0.8188015890698123,3,28025.584781383484,10.0,1
4,8100.034442936481,1,676,1403,2,0.8549628240816973,0,4050.0172214682407,0.8100034442936481,0
0,1962.0616261512255,1,56,1137,1,0.8144713971217009,1,981.0308130756127,0.19620616261512255,0
2,85025.81109158394,8,14,279,4,0.6681136173117961,4,9447.312343509326,8.502581109158394,1
2,99037.75890130266,0,174,60,1,0.9276397575495613,1,99037.75890130266,9.903775890130266,0
0,2397.756070077054,2,27,1706,5,0.8316130296262201,1,799.252023359018,0.23977560700770542,0
4,5251.372132281131,3,126,1297,1,0.8732988218271035,0,1312.8430330702827,0.525137213228113,0
0,79237.68225527031,9,10,1810,5,0.6751688955579027,2,7923.768225527031,7.923768225527031,1
2,7595.522296967786,2,109,1710,3,0.5619332924158438,1,2531.840765655929,0.7595522296967786,0
1,2492.9840947697344,0,399,1733,5,0.6807828873222924,0,2492.9840947697344,0.24929840947697343,0
3,31139.407787869593,0,60,1813,3,0.7282299861113103,1,31139.407787869593,3.1139407787869593,0
2,131143.6893614661,2,170,591,5,0.8346602375904499,0,43714.563120488696,10.0,0
0,10253.329394795164,0,372,1579,5,0.8398522278273188,0,10253.329394795164,1.0253329394795165,0
3,2738.3697821988217,5,507,571,2,0.7659257111649612,2,456.3949636998036,0.2738369782198822,0
0,10298.307319308737,5,16,1127,2,0.8536001883806454,4,1716.3845532181228,1.0298307319308737,1
0,11043.211535310147,0,205,1771,1,0.9133150992205058,0,11043.211535310147,1.1043211535310147,0
1,30474.721387548983,2,1,1792,2,0.912795246110667,0,10158.240462516327,3.047472138754898,0
3,14331.300864394281,2,59,816,3,0.867864760501495,0,4777.100288131427,1.433130086439428,0
3,80497.6263022424,8,11,1230,2,0.8763617722586302,4,8944.180700249155,8.04976263022424,1
1,3995.3002740956777,1,20,690,1,0.8881014506652136,0,1997.6501370478388,0.3995300274095678,0
2,2185.07108621712,2,66,619,4,0.8488544865287827,0,728.35702873904,0.218507108621712,0
0,22063.977749719914,2,78,454,3,0.7599555703823037,1,7354.659249906638,2.2063977749719914,0
4,24258.587215513155,2,694,1472,4,0.9152031728137815,0,8086.195738504385,2.4258587215513154,0
0,1267.9088606705104,1,221,756,3,0.846374187728033,1,633.9544303352552,0.12679088606705105,0
0,54600.96162824495,4,112,978,1,0.9177081675190647,0,10920.19232564899,5.460096162824495,0
2,16137.248739756233,4,886,1476,2,0.7569354479740876,0,3227.4497479512465,1.6137248739756234,0
0,43456.40689158299,0,34,1973,4,0.8049051020014681,0,43456.40689158299,4.345640689158299,0
1,1618.8101803675972,1,130,1661,4,0.8084767326778046,0,809.4050901837986,0.16188101803675972,0
1,1573.4265145408071,0,209,1162,2,0.8633011501423666,0,1573.4265145408071,0.15734265145408072,0
3,6776.640985350812,1,12,1939,1,0.8985290413511843,0,3388.320492675406,0.6776640985350812,0
4,14814.19782304743,2,253,642,2,0.8089856846740118,0,4938.0659410158105,1.481419782304743,0
0,314980.42915520887,10,12,235,5,0.6692545981094495,4,28634.58446865535,10.0,1
0,18907.13601234667,0,31,1911,5,0.7844801122855034,2,18907.13601234667,1.890713601234667,0
2,6055.864787430791,1,35,1853,5,0.5710178511712832,0,3027.9323937153954,0.605586478743079,0
1,2364.5829687269684,4,529,944,4,0.9166723961300014,2,472.9165937453937,0.23645829687269684,0
4,35454.3306699827,2,230,128,4,0.9437417284734319,1,11818.110223327567,3.54543306699827,0
3,2546.1902187191695,2,214,194,1,0.8926557441446031,0,848.7300729063899,0.25461902187191693,0
1,57191.597271373364,4,163,1714,3,0.8586590071359915,0,11438.319454274673,5.7191597271373364,0
3,5760.263046671969,1,70,63,2,0.8745776356856829,0,2880.1315233359846,0.576026304667197,0
2,54649.6717477684,2,194,1704,3,0.8277770386691479,0,18216.557249256133,5.46496717477684,0
2,160508.40915402104,9,18,51,4,0.8603152272930444,4,16050.840915402103,10.0,1
0,6874.71462559613,3,32,565,2,0.8389782064920454,0,1718.6786563990324,0.687471462559613,1
4,4344.753715474528,0,234,805,4,0.842385602999394,0,4344.753715474528,0.4344753715474528,0
3,5382.512476359804,1,28,115,1,0.7311503327912459,0,2691.256238179902,0.5382512476359804,0
1,13547.807848894852,1,43,295,2,0.9093808046259462,0,6773.903924447426,1.3547807848894853,0
2,72540.73022904171,6,19,1675,4,0.9791042755910232,5,10362.961461291674,7.254073022904171,1
0,3973.5942244736016,0,216,1503,5,0.719204228800648,0,3973.5942244736016,0.39735942244736017,0
0,6642.490899680748,2,200,1763,5,0.9701283167362829,0,2214.163633226916,0.6642490899680749,0
3,8904.325382213607,2,109,621,4,0.7655190651567303,1,2968.108460737869,0.8904325382213607,0
2,629.8735511011254,1,101,1305,3,0.8603529859981857,0,314.9367755505627,0.06298735511011254,0
4,14041.9104147023,2,235,485,1,0.8545060913677869,1,4680.636804900767,1.40419104147023,0
2,2500.721402773223,2,270,402,1,0.6835523087246947,0,833.5738009244077,0.2500721402773223,0
3,13368.933728319107,10,10,1761,4,0.7959203857099333,2,1215.3576116653733,1.3368933728319108,1
3,5515.999023493551,11,8,728,1,0.9426611841581832,2,459.66658529112925,0.5515999023493551,1
2,7032.753586082024,6,19,432,2,0.764282248368428,3,1004.6790837260035,0.7032753586082024,1
3,1593.1412836287138,2,107,1783,1,0.9348823649568572,0,531.0470945429046,0.15931412836287137,0
2,3460.5224398978066,0,344,1133,5,0.9759488114076937,3,3460.5224398978066,0.3460522439897807,0
1,84449.66581477794,0,157,1999,4,0.7677836115125448,0,84449.66581477794,8.444966581477793,0
2,39646.505716688596,9,15,519,2,0.8202230346184849,4,3964.65057166886,3.9646505716688596,1
2,10029.641399464175,0,12,1484,1,0.8735590343880657,0,10029.641399464175,1.0029641399464175,0
3,13102.753314801177,1,171,1156,5,0.8049392975184515,0,6551.376657400589,1.3102753314801177,0
3,9483.210739023056,3,462,123,3,0.7148817682541311,0,2370.802684755764,0.9483210739023056,0
0,51429.51430442793,5,11,1384,1,0.9292779482294424,4,8571.585717404656,5.1429514304427935,1
0,1930.7184831412699,2,309,1527,5,0.8293572498035087,1,643.5728277137566,0.193071848314127,0
1,46217.46601667546,0,35,75,5,0.6561214277403583,0,46217.46601667546,4.621746601667546,0
0,70872.3728070906,1,89,1499,5,0.9154741085853718,0,35436.1864035453,7.0872372807090604,0
2,1075.7889378353034,2,54,1450,5,0.8419961437830206,0,358.5963126117678,0.10757889378353033,0
3,2371.2338036758974,0,76,1316,3,0.7662652713773186,0,2371.2338036758974,0.23712338036758973,0
0,5791.9690423179145,2,174,884,4,0.9695030654289245,0,1930.656347439305,0.5791969042317915,0
0,2546.702454245121,2,91,677,5,0.5322981585070196,0,848.9008180817069,0.2546702454245121,0
1,14870.856903871663,0,165,1396,4,0.9784887484613822,0,14870.856903871663,1.4870856903871663,0
1,3381.4955367511866,1,116,1253,3,0.5106262828467191,1,1690.7477683755933,0.3381495536751187,0
2,108887.14755795035,2,68,823,3,0.9465387444132581,1,36295.715852650115,10.0,0
3,33814.95073845462,3,21,1058,2,0.6394601694036353,0,8453.737684613656,3.3814950738454623,1
1,10457.647801517365,2,445,1699,2,0.8258716194262478,0,3485.8826005057886,1.0457647801517365,0
0,27788.665924360317,1,3,315,5,0.7951178480034027,0,13894.332962180159,2.7788665924360316,0
3,30548.794662195556,0,1,599,4,0.6084785760613675,0,30548.794662195556,3.0548794662195555,0
3,4118.577082356483,0,351,1453,3,0.8221908651194326,0,4118.577082356483,0.41185770823564827,0
0,3042.8179021428045,2,1150,126,1,0.7357944202601112,0,1014.2726340476015,0.3042817902142805,0
1,8899.689572019697,1,260,1687,2,0.9250693948114341,0,4449.844786009849,0.8899689572019697,0
0,22787.407264420577,1,4,1597,2,0.6287788913289737,0,11393.703632210289,2.2787407264420576,0
3,9574.632943045799,1,52,1887,1,0.9153306478719209,0,4787.3164715228995,0.9574632943045799,0
4,1221.218269911574,1,714,1122,4,0.9176331470698852,1,610.609134955787,0.1221218269911574,0
4,3092.1152024958515,1,331,1063,4,0.8324798381193873,0,1546.0576012479257,0.30921152024958515,0
2,7414.794674928438,0,168,1327,4,0.8101508984803797,0,7414.794674928438,0.7414794674928439,0
0,7399.748371842148,3,55,1932,5,0.8968974126818011,1,1849.937092960537,0.7399748371842149,1
0,86426.58568495687,2,3,1453,5,0.9641903726988245,0,28808.86189498562,8.642658568495687,1
2,1535.8119366291728,2,5,1322,1,0.9117399404801113,0,511.93731220972427,0.15358119366291728,0
2,14864.143128366213,1,190,1145,3,0.6727064264773115,0,7432.071564183107,1.4864143128366214,0
2,48384.54531275523,0,5,496,1,0.743365555538661,0,48384.54531275523,4.838454531275524,0
3,123715.48030743487,2,1012,555,3,0.6662618072653593,0,41238.49343581162,10.0,0
0,4987.664744739194,2,41,1782,1,0.7929124267238057,0,1662.5549149130647,0.4987664744739194,0
3,132193.9877488021,6,3,1326,5,0.9056941815629281,4,18884.85539268601,10.0,1
2,16053.985711093153,3,34,1045,4,0.9117781701774326,1,4013.4964277732884,1.6053985711093153,1
0,10245.338266705548,3,156,919,2,0.7264102940689299,0,2561.334566676387,1.0245338266705548,0
3,7196.756795924511,1,17,348,1,0.7187501439333981,1,3598.3783979622553,0.719675679592451,0
3,65272.86425138645,9,18,783,1,0.8382782308116878,3,6527.2864251386445,6.527286425138644,1
2,388.1161683349835,0,176,1133,2,0.6179051602532,1,388.1161683349835,0.038811616833498354,0
0,18370.16918601727,4,19,1430,1,0.7197682426542509,1,3674.033837203454,1.837016918601727,1
2,9427.756952482716,2,378,206,4,0.7589076013149701,1,3142.585650827572,0.9427756952482715,0
0,6204.500059882154,2,159,391,2,0.9241401282291042,0,2068.166686627385,0.6204500059882154,0
4,94488.61545637528,2,510,1023,2,0.8171309522198955,0,31496.205152125094,9.448861545637527,0
1,27321.132909358294,6,9,943,4,0.8537632348823802,3,3903.018987051185,2.732113290935829,1
1,4995.580063264762,0,507,1275,4,0.9630477654561547,0,4995.580063264762,0.49955800632647623,0
1,88420.92799624054,4,17,1852,2,0.7420673856826009,0,17684.185599248107,8.842092799624055,1
2,2985.511697788494,3,26,1108,4,0.7961183449632051,0,746.3779244471235,0.29855116977884943,1
4,4187.5104031985275,4,880,1840,4,0.8491281471110792,1,837.5020806397055,0.4187510403198527,0
0,6792.4670604113435,2,134,1608,4,0.6249972975504071,0,2264.155686803781,0.6792467060411344,0
3,22222.9624648067,2,55,1529,2,0.6271949773124743,0,7407.654154935567,2.22229624648067,0
0,10397.940210427423,1,294,966,1,0.7269652025124846,0,5198.970105213712,1.0397940210427423,0
3,1717.8857239407732,2,62,1238,3,0.6983423343386083,0,572.6285746469244,0.17178857239407733,0
0,4278.6709910562195,1,260,1101,2,0.8485543730856009,0,2139.3354955281097,0.42786709910562193,0
4,3909.5387534266238,4,364,1445,3,0.9227062890481933,1,781.9077506853248,0.3909538753426624,0
3,7385.949408435586,2,307,1936,4,0.806805458294596,0,2461.983136145195,0.7385949408435586,0
2,13507.662423768572,4,65,363,4,0.8922088220075511,0,2701.5324847537145,1.3507662423768572,0
0,13384.423803024662,1,103,1638,1,0.6757784932537084,0,6692.211901512331,1.338442380302466,0
0,4645.410917628069,10,18,1357,4,0.6114118393357799,5,422.3100834207335,0.4645410917628069,1
3,29048.705060998356,0,136,1371,3,0.7727909737071555,0,29048.705060998356,2.9048705060998357,0
2,10971.78893518523,0,37,524,2,0.7995347351361517,0,10971.78893518523,1.097178893518523,0
2,42677.98349006659,0,121,646,2,0.9545688586625528,0,42677.98349006659,4.267798349006659,0
4,13808.477480964102,3,143,1422,1,0.6774103780694034,0,3452.1193702410255,1.3808477480964103,0
2,30381.451382453408,2,152,685,3,0.8030859663008565,0,10127.150460817802,3.0381451382453406,0
2,14183.78051828511,2,343,494,4,0.9217282554948719,0,4727.92683942837,1.418378051828511,0
2,40760.58776778433,2,146,1280,5,0.7825093864002616,0,13586.862589261444,4.076058776778433,0
1,15164.322793212166,0,53,466,1,0.905226708948316,1,15164.322793212166,1.5164322793212166,0
4,7204.792468979294,0,218,488,1,0.6748449242774475,0,7204.792468979294,0.7204792468979294,0
0,123861.79474987833,1,320,214,5,0.9305916932179663,0,61930.897374939166,10.0,0
3,23549.139199442663,1,77,1632,2,0.9403177138708366,0,11774.569599721332,2.3549139199442664,0
0,16130.921599134945,2,208,469,2,0.8573529863322907,0,5376.973866378315,1.6130921599134944,0
4,1751.8623484160269,1,32,1444,2,0.8291471954981731,0,875.9311742080134,0.17518623484160267,0
3,1726.8096620988795,1,84,1741,5,0.8206085467003892,0,863.4048310494397,0.17268096620988796,0
4,11513.304728925843,0,480,1339,4,0.7229050134041942,0,11513.304728925843,1.1513304728925844,0
2,9649.153182000131,3,485,1352,4,0.8934230306915202,0,2412.2882955000327,0.9649153182000131,0
3,3877.915019165958,2,172,1037,3,0.8503860998135291,0,1292.6383397219859,0.3877915019165958,0
2,9596.744827961365,3,243,531,3,0.7712453873808466,1,2399.1862069903414,0.9596744827961365,0
0,54521.60442954477,2,385,566,2,0.8591850191686382,1,18173.86814318159,5.452160442954477,0
0,18666.448051622232,1,637,131,5,0.7148616488548101,0,9333.224025811116,1.8666448051622233,0
3,2060.6768757966947,1,135,168,1,0.8784895047645542,0,1030.3384378983474,0.20606768757966948,0
3,7088.219129924691,3,165,1847,4,0.7044174396007312,0,1772.0547824811727,0.7088219129924691,0
4,3084.177298994051,3,108,1710,5,0.8274955975672913,0,771.0443247485127,0.3084177298994051,0
4,5088.610572666535,0,15,1376,3,0.850314477182356,0,5088.610572666535,0.5088610572666534,0
2,4932.795778080156,2,110,1288,4,0.9659469519905888,0,1644.2652593600521,0.4932795778080156,0
3,21786.124740818836,6,9,77,4,0.9759026082229224,5,3112.3035344026907,2.1786124740818837,1
0,1796.9347105126094,0,327,830,5,0.4631958210234086,1,1796.9347105126094,0.17969347105126093,0
4,6952.2065833687475,2,446,547,3,0.9078149430078971,0,2317.402194456249,0.6952206583368747,0
4,4135.116725773158,3,11,586,5,0.6451030776949823,0,1033.7791814432894,0.41351167257731575,1
0,240.96738008788617,1,150,568,1,0.7230898059991233,1,120.48369004394308,0.02409673800878862,0
4,95183.93241693854,2,23,243,4,0.8266294149127694,0,31727.977472312847,9.518393241693854,1
2,176537.5323039203,12,13,641,5,0.8658363360033382,3,13579.81017722464,10.0,1
3,5158.696086305226,2,461,491,5,0.683062746025686,0,1719.565362101742,0.5158696086305227,0
0,8288.156604809728,1,138,1907,1,0.8839264440819616,0,4144.078302404864,0.8288156604809729,0
3,13384.690591347939,5,15,1109,5,0.819646303749987,4,2230.7817652246563,1.3384690591347939,1
4,61998.62295473283,2,14,307,4,0.7861043259168964,0,20666.20765157761,6.199862295473284,0
4,78963.92911737936,3,108,162,2,0.7695019932739577,0,19740.98227934484,7.896392911737936,0
0,9779.390831251421,1,225,1367,2,0.7138746654592222,0,4889.695415625711,0.9779390831251421,0
2,27673.672059316876,2,29,1787,3,0.9255928780190088,1,9224.557353105625,2.7673672059316874,0
1,10000.037627516049,2,79,63,1,0.7342401721458414,0,3333.345875838683,1.000003762751605,0
0,1629.338646867753,2,14,1740,3,0.7586451656516211,1,543.1128822892509,0.1629338646867753,0
1,4943.416435319703,3,211,960,2,0.6290725111521095,0,1235.8541088299257,0.4943416435319703,0
1,9493.0341392109,2,708,1670,1,0.9670055302484656,0,3164.3447130703003,0.9493034139210901,0
2,4696.358675392611,2,351,189,5,0.7162587780638339,0,1565.452891797537,0.4696358675392611,0
1,6233.018887695955,1,735,1444,5,0.8777131777712285,0,3116.5094438479773,0.6233018887695955,0
1,7261.346297029283,0,374,1500,4,0.8014861477973394,0,7261.346297029283,0.7261346297029283,0
2,7353.6039293756185,0,387,1170,2,0.3866068358754603,0,7353.6039293756185,0.7353603929375618,0
1,84114.3851142156,5,1,746,5,0.8625841423129743,3,14019.0641857026,8.41143851142156,1
1,2269.4071757796846,5,147,1561,1,0.930601717685534,1,378.2345292966141,0.22694071757796846,0
1,3427.48015349576,3,105,1415,5,0.8765720828051976,0,856.87003837394,0.342748015349576,0
0,1734.5423479012331,4,341,919,3,0.7739916933833694,0,346.9084695802466,0.1734542347901233,0
0,26196.43625309936,1,41,1565,3,0.8422639567903604,0,13098.21812654968,2.619643625309936,0
0,647.5679109121593,1,12,1573,3,0.9023868728642482,0,323.78395545607964,0.06475679109121593,0
2,32348.03033482342,2,591,1505,3,0.7872780234703115,0,10782.676778274474,3.234803033482342,0
4,397827.4791038528,4,1,238,3,0.8133007874613559,4,79565.49582077056,10.0,1
1,5638.556069232456,1,753,131,4,0.8666393573367441,0,2819.278034616228,0.5638556069232457,0
1,356.46479905739716,1,262,1885,3,0.6318750345024059,0,178.23239952869858,0.035646479905739714,0
2,23901.961617313897,7,16,1253,4,0.7108652918204936,3,2987.745202164237,2.3901961617313896,1
1,7502.4056877073535,1,240,1007,4,0.5972646812859683,0,3751.2028438536768,0.7502405687707353,0
0,2409.7592761606547,2,341,947,5,0.8440744587053435,0,803.2530920535515,0.24097592761606548,0
4,4366.5911541554515,3,57,1934,1,0.9308899145286931,0,1091.6477885388629,0.43665911541554514,1
3,50829.604960690696,0,295,1016,3,0.9433262144397356,1,50829.604960690696,5.082960496069069,0
1,17996.140455747372,1,327,1488,1,0.7000723799553182,0,8998.070227873686,1.7996140455747371,0
0,2671.841095781011,2,58,1178,2,0.7382612054675229,0,890.6136985936704,0.2671841095781011,0
3,1191.3959865267323,1,9,430,4,0.9599353534797007,0,595.6979932633661,0.11913959865267322,0
4,30511.50434801283,10,4,771,2,0.8263811075378171,4,2773.773122546621,3.051150434801283,1
3,6272.008170848495,1,45,378,4,0.8193517303747475,1,3136.0040854242475,0.6272008170848495,0
0,14697.593102484152,3,14,1322,3,0.6755305145244827,1,3674.398275621038,1.4697593102484152,1
3,4262.537609597417,3,259,121,2,0.9114394856018216,1,1065.6344023993543,0.4262537609597417,0
2,14969.940315036762,2,96,1746,5,0.8565767344932691,1,4989.980105012254,1.4969940315036763,0
3,309660.4771147432,9,15,182,2,0.7086672204631057,2,30966.04771147432,10.0,1
1,21560.13371359816,1,59,1313,4,0.9276807701007664,0,10780.06685679908,2.156013371359816,0
1,7648.721519368854,3,121,1151,4,0.8022417658521468,0,1912.1803798422136,0.7648721519368854,0
2,6504.304287056389,1,204,619,1,0.8034988202343938,0,3252.1521435281943,0.6504304287056388,0
0,5281.641608002503,1,420,510,2,0.8920890254575545,2,2640.8208040012514,0.5281641608002503,0
1,312845.5402674851,7,17,174,5,0.9290970929240254,2,39105.692533435635,10.0,1
4,3817.014550863848,2,94,1084,3,0.8508377157674296,0,1272.3381836212827,0.3817014550863848,0
1,8554.96633163863,2,404,1541,1,0.6867962710430495,0,2851.6554438795433,0.855496633163863,0
1,8616.52786180515,3,75,1480,2,0.5860981039756606,0,2154.1319654512877,0.8616527861805151,0
0,4437.555623712168,1,17,990,1,0.9415664600503567,0,2218.777811856084,0.4437555623712168,0
3,1560.9366590640452,2,118,76,2,0.8485386328967205,1,520.312219688015,0.15609366590640453,0
1,11939.045045881992,1,308,256,3,0.9380898935097173,1,5969.522522940996,1.1939045045881993,0
2,7531.091273804349,2,7,1295,3,0.8159852626484244,0,2510.363757934783,0.7531091273804349,0
3,14769.042754804157,2,177,361,5,0.8996747650812917,0,4923.014251601386,1.4769042754804158,0
4,4271.326152126643,2,181,431,1,0.512654811590251,0,1423.7753840422145,0.4271326152126643,0
0,35065.939670597334,0,528,1835,5,0.8820082569622852,0,35065.939670597334,3.5065939670597333,0
4,2829.5457419626255,1,68,1388,2,0.8701275039497562,0,1414.7728709813127,0.2829545741962625,0
3,63224.574451869106,0,66,1281,3,0.8309343369775397,0,63224.574451869106,6.32245744518691,0
3,995.0929881371076,1,117,1694,3,0.9327529082596662,0,497.5464940685538,0.09950929881371076,0
3,13653.129987876155,3,89,345,4,0.7940690700182598,2,3413.2824969690387,1.3653129987876154,0
4,14335.823436291192,2,267,451,4,0.6520372612934949,0,4778.607812097064,1.433582343629119,0
3,3119.199004359486,1,206,1508,5,0.6802410618296928,0,1559.599502179743,0.3119199004359486,0
4,13484.184045440814,2,285,1646,1,0.7510373950971289,0,4494.728015146938,1.3484184045440815,0
3,195649.37398205439,8,1,171,2,0.8894932177898983,3,21738.819331339375,10.0,1
2,566.692819729553,2,513,800,5,0.9220386355505522,0,188.89760657651766,0.056669281972955295,0
3,119322.10148321622,9,9,155,3,0.7453163828499029,3,11932.210148321621,10.0,1
4,406.69967573444853,1,836,840,3,0.895980772360336,0,203.34983786722427,0.040669967573444855,0
1,2543.2605954515534,1,49,1109,3,0.8678860423462655,0,1271.6302977257767,0.25432605954515536,0
3,57239.50797913778,1,251,1623,2,0.8142673917810962,0,28619.75398956889,5.723950797913778,0
1,22893.232845423743,8,2,121,5,0.8205776174334544,4,2543.692538380416,2.289323284542374,1
2,1980.9742392646576,0,340,617,2,0.8859431215883767,2,1980.9742392646576,0.19809742392646576,0
0,6389.905287142989,0,130,1240,3,0.7812422726687805,0,6389.905287142989,0.638990528714299,0
2,96905.11722231028,1,307,1294,4,0.7832461953766512,0,48452.55861115514,9.690511722231028,0
3,4222.061358051491,8,13,125,5,0.44321711493050003,6,469.1179286723879,0.4222061358051491,1
1,11543.225372540139,4,2,771,4,0.8173026978381034,4,2308.645074508028,1.1543225372540138,1
1,48869.952574197545,3,300,1059,5,0.6495481100835774,1,12217.488143549386,4.886995257419755,0
4,75300.55710589504,2,14,1284,3,0.4085055479211572,0,25100.185701965016,7.5300557105895045,0
1,7157.260183959397,2,46,277,4,0.8800388912924618,0,2385.7533946531325,0.7157260183959397,0
4,1831.9509245539286,1,733,1810,4,0.798943067516467,0,915.9754622769643,0.18319509245539287,0
0,100208.89159520641,0,237,502,5,0.7188476938208314,0,100208.89159520641,10.0,0
3,54903.417225165045,2,165,815,4,0.9759808118062889,0,18301.139075055016,5.490341722516504,0
4,18301.4649093082,0,92,536,4,0.7496085767449332,0,18301.4649093082,1.83014649093082,0
0,3056.779474092221,1,10,717,3,0.8186351499280412,0,1528.3897370461104,0.3056779474092221,0
1,7640.090984031916,1,93,1547,5,0.9440471473217301,1,3820.045492015958,0.7640090984031916,0
1,6684.641781907885,2,139,1948,5,0.6646147900415631,0,2228.2139273026282,0.6684641781907885,0
0,12052.429845722265,1,48,1734,1,0.7240223999980696,0,6026.214922861132,1.2052429845722266,0
1,46221.564200436726,0,39,879,5,0.8467098717467629,0,46221.564200436726,4.622156420043672,0
0,23278.848774719896,2,143,840,3,0.8568341568477796,0,7759.616258239966,2.32788487747199,0
4,2224.19138843373,0,177,1990,4,0.8475366572914843,0,2224.19138843373,0.222419138843373,0
4,42268.42954914858,2,55,1020,1,0.7382558780906574,1,14089.476516382862,4.226842954914858,0
0,11798.864393879589,2,178,539,4,0.7590138889107767,0,3932.954797959863,1.179886439387959,0
4,18480.639600819417,0,462,425,5,0.6448640483443937,0,18480.639600819417,1.8480639600819417,0
4,397836.8880664809,7,14,280,2,0.8741642051981449,4,49729.611008310116,10.0,1
4,2134.7476043764036,1,390,1985,4,0.883203506497419,0,1067.3738021882018,0.21347476043764035,0
2,7762.10861926476,1,525,751,5,0.8977070159710312,1,3881.05430963238,0.776210861926476,0
3,4282.338587782863,0,20,1298,3,0.7765955951112333,0,4282.338587782863,0.42823385877828635,0
1,1234.6819549762456,4,21,524,5,0.6512406894143573,0,246.93639099524913,0.12346819549762456,1
2,12283.988840791884,2,130,1650,1,0.7089715340809193,1,4094.662946930628,1.2283988840791884,0
4,670224.0457038668,12,16,1693,2,0.8446550580064633,3,51555.695823374364,10.0,1
0,890.6100760431124,2,111,1153,2,0.9136208944515368,0,296.87002534770414,0.08906100760431124,0
4,7795.198660045513,3,80,1718,2,0.7922529111655304,1,1948.7996650113782,0.7795198660045513,0
3,17477.18372484117,2,205,1759,3,0.8197061962054385,0,5825.72790828039,1.7477183724841168,0
4,9392.754207125294,0,1,1649,2,0.9192511488596969,0,9392.754207125294,0.9392754207125293,0
0,7074.459593012834,2,689,1283,4,0.9626253904820047,0,2358.153197670945,0.7074459593012834,0
3,1704.3521790234615,1,53,1370,3,0.7721243316680036,0,852.1760895117308,0.17043521790234614,0
4,10714.401944184674,1,499,1683,5,0.7109887715484225,2,5357.200972092337,1.0714401944184675,0
3,3267.835857714388,3,24,1245,1,0.778181627368871,0,816.958964428597,0.3267835857714388,1
1,585.2821004702323,0,55,1162,3,0.7267408917101588,0,585.2821004702323,0.05852821004702323,0
1,33979.43149864674,3,54,1947,1,0.8416685878442101,0,8494.857874661686,3.397943149864674,1
4,25592.7140825808,2,1113,275,3,0.5931169863386694,0,8530.9046941936,2.5592714082580796,0
3,8621.31731046346,1,1,192,5,0.6163154709964769,0,4310.65865523173,0.8621317310463461,0
0,10666.781149767305,2,205,757,1,0.8436467866633607,1,3555.5937165891014,1.0666781149767304,0
4,29412.69360027278,2,408,1764,3,0.8247656104864739,0,9804.231200090928,2.9412693600272783,0
1,10606.34396278824,2,224,103,1,0.9047095639228286,2,3535.44798759608,1.060634396278824,0
1,23976.298664108832,0,91,245,2,0.6511370507595573,0,23976.298664108832,2.3976298664108833,0
4,5670.436392634389,1,636,1802,2,0.7872967340008836,1,2835.2181963171947,0.5670436392634389,0
3,39119.662088375495,0,448,1562,2,0.7933894417784434,0,39119.662088375495,3.9119662088375495,0
1,11907.72789320512,1,114,894,4,0.9570542808282257,1,5953.86394660256,1.190772789320512,0
3,10227.77494470463,3,171,347,2,0.7832663648560111,0,2556.9437361761575,1.022777494470463,0
1,1765.0365785534893,1,686,1503,2,0.6667753747491959,0,882.5182892767447,0.17650365785534894,0
1,11434.004268749026,3,810,586,5,0.938915673600225,0,2858.5010671872565,1.1434004268749025,0
2,2985.892866951795,0,120,628,1,0.6394965929845947,2,2985.892866951795,0.2985892866951795,0
1,3767.0999039494177,1,376,1748,1,0.9540846413724352,0,1883.5499519747088,0.3767099903949418,0
0,3045.89251637108,1,72,549,2,0.5266354811823314,1,1522.94625818554,0.304589251637108,0
4,2254.1271001545756,4,93,673,1,0.8379420333280031,0,450.8254200309151,0.22541271001545757,0
4,103748.57298328263,4,37,890,3,0.9060200651184345,0,20749.714596656526,10.0,1
3,40038.904558900555,1,47,255,2,0.8316725433403219,0,20019.452279450277,4.003890455890056,0
1,81181.36482426348,1,214,1991,2,0.9496909850719115,0,40590.68241213174,8.118136482426348,0
0,1867.8176131712676,3,143,929,4,0.7541349083500619,0,466.9544032928169,0.18678176131712676,0
3,8826.417568498664,1,53,1210,3,0.9207289775236124,0,4413.208784249332,0.8826417568498663,0
2,1716.0679029609582,1,104,457,2,0.7901834468011555,0,858.0339514804791,0.17160679029609582,0
3,3516.3055134441493,2,94,328,2,0.5282930427702335,0,1172.1018378147164,0.3516305513444149,0
3,2692.559803430449,1,875,1518,1,0.6282383853029907,1,1346.2799017152245,0.2692559803430449,0
1,160328.02668319724,9,8,726,2,0.9645985113553787,2,16032.802668319724,10.0,1
2,5036.790669310743,0,99,990,2,0.971289486627487,0,5036.790669310743,0.5036790669310743,0
3,29203.831646926126,1,491,320,2,0.8623374508730038,0,14601.915823463063,2.9203831646926126,0
0,16729.770357655223,1,84,490,2,0.8876821463089245,1,8364.885178827612,1.6729770357655223,0
0,128587.7079372734,0,221,1301,4,0.6614468923081889,0,128587.7079372734,10.0,0
4,1372.881276968841,1,681,176,3,0.900382479789637,0,686.4406384844204,0.1372881276968841,0
2,36720.1117394874,1,99,1343,4,0.9201482448212599,0,18360.0558697437,3.67201117394874,0
2,32071.69179464531,0,228,1893,1,0.8593404860622281,0,32071.69179464531,3.207169179464531,0
4,2519.82666489406,3,71,1833,5,0.8518214240322143,0,629.956666223515,0.251982666489406,0
3,27134.46591438537,2,62,1925,2,0.8464484350538358,0,9044.82197146179,2.713446591438537,0
2,12129.235272407563,2,171,536,1,0.797508687946688,0,4043.078424135854,1.2129235272407564,0
0,6167.374428834513,2,776,597,5,0.928391253534414,1,2055.791476278171,0.6167374428834513,0
0,3014.7657631134907,1,121,1228,2,0.8812063957401485,0,1507.3828815567454,0.30147657631134905,0
1,3418.881255479603,2,555,1730,2,0.9019867877310083,1,1139.6270851598676,0.34188812554796033,0
2,94823.68652980044,2,492,1035,5,0.9947202454893433,0,31607.89550993348,9.482368652980044,0
3,40423.565616216285,8,5,986,4,0.8847618881842494,5,4491.507290690698,4.042356561621628,1
4,79789.12405570963,5,10,821,5,0.6258638684076728,5,13298.187342618272,7.978912405570963,1
4,3136.681716704277,3,207,1972,5,0.6383378569697735,0,784.1704291760692,0.3136681716704277,0
3,3178.5375006650575,1,146,68,3,0.8163348548244976,1,1589.2687503325287,0.31785375006650574,0
1,29684.54357867903,2,21,474,2,0.8086384190076614,0,9894.847859559677,2.968454357867903,0
4,1604.4054746108277,1,1014,985,2,0.7334549834563425,0,802.2027373054138,0.16044054746108277,0
2,4923.345108268886,0,280,107,4,0.9269576030428631,0,4923.345108268886,0.4923345108268886,0
1,8440.80441841216,2,116,472,4,0.8947087264954099,1,2813.6014728040536,0.8440804418412161,0
2,9261.739140993675,2,193,1848,3,0.7751669760230973,0,3087.2463803312253,0.9261739140993676,0
0,6536.04850671689,0,19,1621,3,0.7222009002407855,0,6536.04850671689,0.653604850671689,0
1,13029.662099948082,3,137,1796,3,0.8194642096043588,0,3257.4155249870205,1.3029662099948083,0
4,18609.48929919942,0,535,893,4,0.8162769698960719,1,18609.48929919942,1.860948929919942,0
1,19566.321071573064,0,454,1733,5,0.4635753564919856,0,19566.321071573064,1.9566321071573063,0
1,2482.5348388532716,2,83,1175,2,0.7859476725603345,1,827.5116129510906,0.24825348388532717,0
1,5761.849998890173,4,152,1149,2,0.8039043960991233,1,1152.3699997780345,0.5761849998890173,0
1,33986.390166898724,1,240,1998,1,0.9208916705156859,0,16993.195083449362,3.3986390166898723,0
2,23708.208683023633,3,84,1653,4,0.9351160091648523,2,5927.052170755908,2.3708208683023635,0
0,1560.1990031394084,3,14,115,4,0.7114765172323905,0,390.0497507848521,0.15601990031394083,1
3,12354.502869510987,2,141,864,3,0.9830693719954879,0,4118.167623170329,1.2354502869510986,0
1,754.556153897716,1,185,1807,1,0.6152614008521773,0,377.278076948858,0.0754556153897716,0
4,8572.561706237533,3,2,1224,1,0.7501173177148439,0,2143.1404265593833,0.8572561706237534,1
1,79009.2663464431,4,21,951,4,0.8005356726062162,0,15801.853269288618,7.90092663464431,1
4,2598.0819475296425,2,47,1859,3,0.8149487074219728,1,866.0273158432142,0.25980819475296424,0
2,2977.4197401296146,2,86,486,2,0.7973538203149247,1,992.4732467098715,0.2977419740129615,0
4,20268.75340174116,3,156,839,3,0.9535640548920766,0,5067.18835043529,2.026875340174116,0
3,1272.3720353390668,0,70,1141,2,0.6547566182461452,0,1272.3720353390668,0.1272372035339067,0
0,3792.171025950124,1,65,284,4,0.563841101556147,0,1896.085512975062,0.3792171025950124,0
4,16576.302018116072,1,408,1788,3,0.6253924786531452,2,8288.151009058036,1.6576302018116071,0
4,3785.2112728671627,1,32,1818,1,0.8835021887132409,1,1892.6056364335814,0.3785211272867163,0
0,6104.8329011232445,2,137,724,5,0.702896979258403,0,2034.9443003744148,0.6104832901123245,0
3,19791.797286342462,4,611,147,1,0.555777042352257,0,3958.3594572684924,1.9791797286342463,0
1,13438.181505117413,2,197,1082,2,0.8445285071903325,0,4479.393835039137,1.3438181505117412,0
4,11161.013816196699,2,253,976,4,0.7963447616114288,0,3720.337938732233,1.1161013816196699,0
0,5394.058046097166,0,113,1577,3,0.7297283245038523,1,5394.058046097166,0.5394058046097165,0
2,12633.07101651701,4,5,810,4,0.6927879839264238,0,2526.614203303402,1.263307101651701,1
0,6985.003577642693,2,208,1563,4,0.7624127373264604,1,2328.3345258808977,0.6985003577642693,0
2,14035.803430113649,1,200,476,2,0.8110427695629268,0,7017.901715056824,1.403580343011365,0
3,4463.469109290211,0,24,276,4,0.5469796711613617,1,4463.469109290211,0.4463469109290211,0
1,6508.844548529932,2,125,1826,3,0.8990236913762112,0,2169.6148495099774,0.6508844548529932,0
0,2470.190739073711,4,494,1660,1,0.8106665195637041,1,494.0381478147422,0.2470190739073711,0
4,7769.731354025799,0,46,66,4,0.7519091326815204,1,7769.731354025799,0.77697313540258,0
3,3061.924637231234,0,124,612,3,0.9289495155548114,0,3061.924637231234,0.3061924637231234,0
0,2128.4392844188324,2,124,277,3,0.9206791772036941,0,709.4797614729441,0.21284392844188324,0
4,38142.17432806866,8,11,755,2,0.8758425818010562,3,4238.0193697854065,3.8142174328068656,1
0,10459.72797460875,1,349,1865,4,0.5880318339227226,1,5229.863987304375,1.045972797460875,0
2,20732.306890369386,2,285,1311,2,0.9242021193980021,0,6910.768963456462,2.0732306890369387,0
0,44267.94068317523,9,4,1454,1,0.9641492951532076,3,4426.794068317523,4.426794068317522,1
0,13222.344150801335,1,15,1856,1,0.926229633533088,0,6611.172075400667,1.3222344150801335,0
0,15692.796850559977,0,86,1997,3,0.7953999155646901,1,15692.796850559977,1.5692796850559976,0
3,13818.016586434835,0,228,1460,4,0.8278934335014448,0,13818.016586434835,1.3818016586434834,0
0,3008.556217287108,0,243,718,3,0.8154593685988768,0,3008.556217287108,0.30085562172871083,0
4,9693.745655267825,0,671,303,4,0.6242062637617745,0,9693.745655267825,0.9693745655267825,0
2,12543.631370816809,2,121,1381,2,0.8402849762114829,0,4181.210456938937,1.254363137081681,0
2,8173.186696119326,5,201,1895,1,0.9006457522342455,0,1362.1977826865543,0.8173186696119327,0
0,662.6366561048076,2,155,1387,1,0.7779030236489625,0,220.87888536826918,0.06626366561048076,0
3,9824.038297772066,1,33,1374,2,0.8378597377618243,1,4912.019148886033,0.9824038297772065,0
3,115270.54934143067,4,124,167,5,0.8167010620425312,1,23054.109868286134,10.0,1
4,5260.350179112781,0,158,1918,5,0.8616728633927689,0,5260.350179112781,0.526035017911278,0
0,3382.2873236395803,1,603,99,5,0.7176482151376243,0,1691.1436618197902,0.338228732363958,0
2,12683.006069910847,0,92,1863,4,0.3766515006668673,2,12683.006069910847,1.2683006069910847,0
3,87131.8627457397,6,11,1637,2,0.8756703796178663,3,12447.408963677099,8.71318627457397,1
0,33903.79379621487,0,157,1254,4,0.8122458224444284,0,33903.79379621487,3.3903793796214874,0
3,1791.051600973214,0,56,592,4,0.843630945850163,0,1791.051600973214,0.1791051600973214,0
3,19489.990461369936,4,43,376,2,0.518426962683678,1,3897.9980922739874,1.9489990461369937,1
2,16457.00454059182,3,31,1576,4,0.9131957738746347,0,4114.251135147955,1.6457004540591822,1
1,6832.351311858671,2,121,1569,2,0.9047092240635503,0,2277.4504372862234,0.6832351311858671,0
4,12166.29596132419,3,5,993,5,0.8353427361778634,1,3041.5739903310473,1.216629596132419,1
4,27871.194462505147,1,118,1319,5,0.7675890425503287,0,13935.597231252574,2.787119446250515,0
2,23081.309490458254,1,892,651,4,0.821747334834308,0,11540.654745229127,2.3081309490458253,0
3,2055.7105333924624,0,222,1616,1,0.8280134864198501,0,2055.7105333924624,0.20557105333924625,0
0,21680.961931568603,0,286,151,2,0.3308533630780329,0,21680.961931568603,2.1680961931568605,0
3,7497.865612039419,1,26,1303,3,0.844148443795521,0,3748.9328060197095,0.7497865612039419,0
2,8843.596507376104,1,129,437,3,0.6533527880543207,0,4421.798253688052,0.8843596507376104,0
4,8847.023813666925,0,68,1682,4,0.7970541775392936,1,8847.023813666925,0.8847023813666925,0
3,6766.291377984225,1,450,1652,1,0.8255100815778036,0,3383.1456889921124,0.6766291377984225,0
4,33862.009340505574,2,41,1777,2,0.9117629440874355,1,11287.336446835192,3.3862009340505574,0
0,7328.590234277065,0,123,1284,5,0.7206593800694584,0,7328.590234277065,0.7328590234277065,0
4,2114.4386571887867,2,178,698,4,0.7296530095210588,0,704.8128857295956,0.21144386571887866,0
4,5053.135258212198,1,145,1503,2,0.8253198474342215,1,2526.567629106099,0.5053135258212198,0
1,10041.016771427367,2,355,388,2,0.8696724233254669,1,3347.0055904757887,1.0041016771427367,0
1,35420.91490402735,1,53,233,2,0.9286586153419037,0,17710.457452013674,3.542091490402735,0
1,16709.18123589422,2,95,105,1,0.6452748804986836,1,5569.727078631407,1.670918123589422,0
4,2920.0548096187563,0,315,1028,2,0.9447495421494169,0,2920.0548096187563,0.2920054809618756,0
2,159887.84825246577,1,151,1835,1,0.5747249108007275,0,79943.92412623289,10.0,0
4,11133.683848213652,1,103,1355,1,0.8326334932204401,0,5566.841924106826,1.1133683848213651,0
2,37439.02488817138,4,6,621,2,0.7515722276263,0,7487.804977634276,3.7439024888171377,1
2,6754.354450857772,1,280,1201,5,0.7866964656953187,0,3377.177225428886,0.6754354450857771,0
1,15367.82156623301,2,717,766,2,0.7662839225831202,0,5122.607188744337,1.5367821566233009,0
3,22189.227568348382,1,194,1799,5,0.7813991490182223,0,11094.613784174191,2.2189227568348384,0
0,34955.589177048896,1,389,1712,4,0.5368810415312307,0,17477.794588524448,3.49555891770489,0
1,28820.49273688041,1,146,1057,3,0.7877365368180563,1,14410.246368440205,2.882049273688041,0
1,211974.07729327673,9,11,1581,4,0.9313335284028903,2,21197.40772932767,10.0,1
3,5551.902398810044,1,3,1657,1,0.9602561060955148,0,2775.951199405022,0.5551902398810045,0
0,4080.214133217486,1,212,265,4,0.7422353703254514,0,2040.107066608743,0.4080214133217486,0
4,12077.85648427361,0,136,1163,3,0.6958835925262326,0,12077.85648427361,1.207785648427361,0
4,24828.654456723518,1,305,993,3,0.8214755781417875,0,12414.327228361759,2.482865445672352,0
1,6202.670220657591,1,238,363,5,0.6064574307279583,0,3101.3351103287955,0.6202670220657591,0
0,29091.64675494442,2,884,282,4,0.8823213920952133,0,9697.215584981474,2.9091646754944422,0
1,46311.24552922933,2,143,794,1,0.7577381199457557,1,15437.081843076443,4.631124552922933,0
2,2698.4016551031555,1,112,624,1,0.901452181983621,0,1349.2008275515777,0.26984016551031553,0
1,2968.1530077783787,3,68,937,5,0.466293868227024,0,742.0382519445947,0.29681530077783785,0
1,6846.890792539193,0,130,296,5,0.9408923687452805,0,6846.890792539193,0.6846890792539193,0
4,11720.974426023182,0,413,491,4,0.6165323938208582,0,11720.974426023182,1.1720974426023183,0
4,4317.878978539842,1,9,1972,5,0.8102419103343397,0,2158.939489269921,0.4317878978539842,0
4,41053.986138671404,3,763,184,3,0.8473395020484082,0,10263.496534667851,4.10539861386714,0
2,13478.892654801955,1,1002,1955,1,0.9473896943922709,0,6739.446327400978,1.3478892654801955,0
4,8495.878630470213,4,183,1065,3,0.9509454726054491,0,1699.1757260940426,0.8495878630470214,0
0,1446.5093255310521,0,81,1075,2,0.7247933487695711,0,1446.5093255310521,0.1446509325531052,0
3,1670.7384950810397,1,51,210,3,0.7612588905739335,0,835.3692475405198,0.16707384950810397,0
0,11352.702500504249,2,65,189,1,0.8522468998584477,0,3784.2341668347494,1.1352702500504248,0
0,626.961571081965,0,11,353,2,0.7617157973889152,0,626.961571081965,0.0626961571081965,0
4,27314.279186957814,0,129,1533,4,0.7690690724293142,0,27314.279186957814,2.7314279186957813,0
3,6702.362711706453,0,12,1894,2,0.8122193294607803,0,6702.362711706453,0.6702362711706453,0
3,397007.9416056387,0,254,1787,5,0.7376303889049111,1,397007.9416056387,10.0,0
3,1278824.82739163,8,6,174,1,0.9076317712019524,3,142091.6474879589,10.0,1
2,6517.597574844167,1,45,986,5,0.7220045273563719,0,3258.7987874220835,0.6517597574844167,0
4,7132.346751858134,2,158,1958,3,0.7205903489088119,0,2377.4489172860444,0.7132346751858134,0
3,26760.9179522568,3,729,1420,4,0.8532579576083689,0,6690.2294880642,2.67609179522568,0
2,62555.35551046747,3,238,1667,1,0.9757521046040785,0,15638.838877616867,6.255535551046747,0
1,1134.974123613026,3,136,1397,4,0.9050804741098036,0,283.7435309032565,0.1134974123613026,0
1,949.8930901468917,2,301,456,1,0.7523375588114701,0,316.6310300489639,0.09498930901468917,0
2,3841.26966682799,1,268,1542,5,0.868097016628928,0,1920.634833413995,0.384126966682799,0
2,16305.945906333478,2,445,213,3,0.7952811699524196,1,5435.315302111159,1.6305945906333479,0
4,14709.492440407259,1,46,911,2,0.84184414098335,0,7354.7462202036295,1.470949244040726,0
4,272564.86525641195,7,13,289,4,0.38692423767392553,6,34070.608157051494,10.0,1
1,1920.5424784261465,1,72,1286,1,0.738306163658285,0,960.2712392130733,0.19205424784261466,0
3,503.01870909975145,2,567,198,1,0.6106742399060416,0,167.6729030332505,0.05030187090997514,0
1,141728.87126854662,7,16,633,4,0.835953976911877,3,17716.108908568327,10.0,1
3,2999.3907762417202,0,524,1176,2,0.8585182360689528,0,2999.3907762417202,0.29993907762417205,0
3,718.9663551912606,0,664,1256,3,0.696684358304741,0,718.9663551912606,0.07189663551912606,0
4,87589.3006653007,9,18,554,1,0.8620275138544523,3,8758.93006653007,8.75893006653007,1
0,20990.197580801865,0,734,1769,1,0.9157246800763993,0,20990.197580801865,2.0990197580801864,0
0,6999.062156749732,1,18,574,4,0.9835051344332065,0,3499.531078374866,0.6999062156749732,0
2,4677.7941231161785,1,50,1453,4,0.7739561572604435,0,2338.8970615580893,0.46777941231161785,0
4,6692.650891009476,2,118,1817,1,0.9465668576335272,0,2230.883630336492,0.6692650891009476,0
3,24051.247580284096,9,17,1735,1,0.7390708693938074,2,2405.12475802841,2.4051247580284096,1
0,1607.3521321690578,1,135,824,1,0.3429569248055235,0,803.6760660845289,0.1607352132169058,0
3,3437.0993677241777,1,160,1097,5,0.7478727944472386,0,1718.5496838620888,0.3437099367724178,0
0,15146.668503800729,0,238,750,1,0.8802527785682264,1,15146.668503800729,1.5146668503800729,0
0,100705.77160742534,9,19,1206,3,0.8506885124180927,2,10070.577160742534,10.0,1
0,9913.6885920697,0,306,1067,3,0.7832782258000902,0,9913.6885920697,0.99136885920697,0
4,2454.852168149828,2,51,99,2,0.8091333715600463,0,818.2840560499426,0.24548521681498278,0
1,6517.174521762859,0,73,1007,4,0.7590429106599047,0,6517.174521762859,0.6517174521762858,0
3,594.3818418715296,0,21,744,2,0.9287062946270737,1,594.3818418715296,0.05943818418715296,0
4,10038.389747447109,4,207,75,1,0.6595101112317292,0,2007.6779494894217,1.003838974744711,0
4,45009.5176344342,4,40,699,4,0.8261540550851741,0,9001.903526886841,4.50095176344342,1
4,1381.660673905243,4,60,60,1,0.9684786936985482,0,276.3321347810486,0.13816606739052428,0
4,4011.364721764435,1,439,857,4,0.7949907321469238,0,2005.6823608822176,0.40113647217644355,0
4,12027.225305603632,3,80,1175,5,0.8811218622728759,0,3006.806326400908,1.2027225305603633,0
2,36439.59223646174,3,168,60,5,0.7371956486354091,1,9109.898059115436,3.643959223646174,0
3,4732.128879391216,0,102,1185,5,0.8926738070470637,1,4732.128879391216,0.47321288793912164,0
4,3530.87009320113,0,16,1679,2,0.9009503343696081,0,3530.87009320113,0.353087009320113,0
3,763.026093379959,3,91,821,4,0.9742148668089722,0,190.75652334498974,0.0763026093379959,0
2,9173.973212074792,1,105,819,2,0.6053913502980529,0,4586.986606037396,0.9173973212074792,0
2,93947.4862445664,4,453,1022,4,0.8242198556940703,1,18789.49724891328,9.394748624456641,1
3,11303.075709633797,2,79,1240,1,0.7926041493534669,0,3767.6919032112655,1.1303075709633796,0
0,7889.319999196301,0,96,1794,5,0.8904807994243978,0,7889.319999196301,0.7889319999196301,0
1,11926.269569254979,0,306,456,5,0.9162755613798725,1,11926.269569254979,1.192626956925498,0
0,7995.943225734095,1,285,1118,4,0.8898633757035423,0,3997.9716128670475,0.7995943225734095,0
0,3054.5353138834935,1,321,891,2,0.8909450090523376,1,1527.2676569417467,0.30545353138834935,0
0,21762.33275010233,1,615,766,2,0.8246840033950125,0,10881.166375051165,2.176233275010233,0
4,10624.456374536014,1,318,408,3,0.966708065984291,0,5312.228187268007,1.0624456374536013,0
2,8276.172667754421,0,105,603,5,0.7322059976124623,0,8276.172667754421,0.8276172667754421,0
0,2513.824976676189,1,345,334,5,0.8780320457648084,0,1256.9124883380946,0.25138249766761894,0
2,243463.16700048262,8,15,449,2,0.8274747080711611,2,27051.463000053624,10.0,1
3,17991.29474110726,2,66,1524,5,0.8874993275178639,0,5997.098247035753,1.799129474110726,0
1,4173.436162083195,0,73,1685,2,0.9669776866567875,1,4173.436162083195,0.4173436162083195,0
3,26962.163880045195,3,51,1517,3,0.6708191776080177,1,6740.540970011299,2.6962163880045193,1
3,4460.048832466769,3,32,437,4,0.7751803810068155,0,1115.0122081166924,0.4460048832466769,1
4,3170.345365317983,0,41,1429,4,0.7601531694019166,0,3170.345365317983,0.3170345365317983,0
1,3256.3306046535613,2,14,833,3,0.7905312402035168,0,1085.4435348845204,0.3256330604653561,0
3,967.5022362727519,5,439,474,5,0.9566037893465156,0,161.2503727121253,0.09675022362727519,0
3,14269.088832952988,2,535,1079,1,0.947913473964585,0,4756.362944317662,1.4269088832952987,0
1,900.2082684966332,0,177,1627,5,0.8921513115398811,0,900.2082684966332,0.09002082684966332,0
1,1855.4219258773062,3,368,1969,2,0.8720945997200142,0,463.85548146932655,0.1855421925877306,0
3,5252.564957496981,6,3,490,1,0.7089660719897355,2,750.3664224995688,0.5252564957496981,1
1,7307.937525293392,1,464,1997,3,0.8861222935139954,1,3653.968762646696,0.7307937525293392,0
3,6765.662373745876,2,142,405,4,0.8247386269461013,1,2255.220791248625,0.6765662373745875,0
3,5475.093018257013,0,14,968,4,0.7586875240633745,0,5475.093018257013,0.5475093018257012,0
4,22343.480824583865,6,7,814,5,0.5289895439910841,3,3191.925832083409,2.2343480824583866,1
0,1984.8914289374572,2,74,1661,4,0.9254186612461772,0,661.6304763124857,0.19848914289374572,0
3,14146.801516109908,1,9,603,5,0.8472775008496808,0,7073.400758054954,1.4146801516109908,0
2,4185.316812415854,0,75,1936,2,0.9004104995660691,0,4185.316812415854,0.41853168124158535,0
0,11844.631262011613,1,13,317,2,0.8463600489245947,0,5922.315631005807,1.1844631262011613,0
0,2800.9154149728806,3,54,1965,3,0.9293511462892281,0,700.2288537432202,0.28009154149728804,1
0,10069.590215857812,3,62,1041,2,0.9643322676444926,0,2517.397553964453,1.006959021585781,0
4,38713.11245586642,0,1036,1290,5,0.9444662359767668,0,38713.11245586642,3.8713112455866425,0
3,16373.164464857848,5,54,113,4,0.9412084726167719,0,2728.8607441429745,1.6373164464857848,1
4,4939.915072043823,4,55,491,2,0.8230905613332232,1,987.9830144087646,0.4939915072043823,1
3,11032.919499849548,2,233,1764,2,0.7320881874541921,0,3677.6398332831827,1.1032919499849547,0
4,6070.533615970737,0,393,590,5,0.6608227705869789,0,6070.533615970737,0.6070533615970737,0
4,8180.071919177841,1,98,1348,2,0.7458974523409848,2,4090.0359595889204,0.818007191917784,0
2,5482.22729149658,0,417,519,4,0.7467894046692408,0,5482.22729149658,0.548222729149658,0
4,6652.830970677873,1,84,1289,4,0.7623726821596104,1,3326.4154853389364,0.6652830970677873,0
1,10451.617432952578,1,44,1938,4,0.8022534776472858,0,5225.808716476289,1.0451617432952578,0
2,2460.130215121332,3,80,1886,4,0.9790418499227939,1,615.032553780333,0.24601302151213322,0
4,2394.5375648020613,1,188,1639,1,0.8061247831731785,1,1197.2687824010306,0.23945375648020614,0
0,1531.1110623775544,0,92,927,4,0.7038280991279698,1,1531.1110623775544,0.15311110623775545,0
1,1187.582105028802,1,224,1665,1,0.8701183439971809,0,593.791052514401,0.11875821050288021,0
1,1880.4394327501727,2,55,1267,4,0.622862870328904,1,626.8131442500576,0.18804394327501728,0
1,9811.937230742646,0,242,761,4,0.9205170117875445,1,9811.937230742646,0.9811937230742646,0
2,2775.6909367636335,2,86,62,5,0.8059919772451438,0,925.2303122545445,0.27756909367636334,0
4,15007.980276969245,0,122,271,4,0.7343845235489457,0,15007.980276969245,1.5007980276969246,0
4,8447.759172554512,1,164,1778,2,0.8107752608992442,0,4223.879586277256,0.8447759172554512,0
0,763.4097743027244,1,232,1469,4,0.923617772101916,0,381.7048871513622,0.07634097743027243,0
0,17782.510570958875,3,55,930,3,0.86309605337307,0,4445.627642739719,1.7782510570958876,1
1,21438.815676934304,1,362,888,5,0.6513374454282915,0,10719.407838467152,2.1438815676934304,0
0,2458.642851226615,1,256,801,5,0.7733640327968273,1,1229.3214256133076,0.24586428512266154,0
2,13416.356172306012,2,54,319,4,0.697514033036927,0,4472.118724102004,1.3416356172306012,0
4,2899.2347884641836,4,738,1371,3,0.5651814888798239,2,579.8469576928367,0.28992347884641834,0
1,9110.69659402992,2,219,1684,4,0.9483274600106856,0,3036.8988646766397,0.911069659402992,0
0,1776.8579940528002,1,121,781,2,0.8269262989241268,0,888.4289970264001,0.17768579940528,0
2,942.2515309796561,1,35,893,5,0.8993304260261544,0,471.12576548982804,0.09422515309796561,0
2,5118.513646474648,0,153,665,5,0.8945095441219139,0,5118.513646474648,0.5118513646474648,0
0,6985.03487464932,2,37,1505,3,0.975014662938404,0,2328.34495821644,0.698503487464932,0
4,5028.034180220525,2,113,1962,1,0.8986077148479776,0,1676.0113934068415,0.5028034180220525,0
0,1956.9909248970616,2,106,1481,3,0.6439850589866469,0,652.3303082990205,0.19569909248970616,0
1,5014.661123058622,1,255,114,2,0.9299667370520999,1,2507.330561529311,0.5014661123058622,0
0,11194.229520161578,2,43,1730,3,0.6808971311142921,0,3731.409840053859,1.1194229520161578,0
2,7678.107402858805,2,346,1111,1,0.9171889313307583,0,2559.369134286268,0.7678107402858805,0
0,10086.984785428462,2,79,77,2,0.8337152135053327,1,3362.3282618094872,1.008698478542846,0
4,3625.914311888581,1,118,1362,2,0.8582060768664262,0,1812.9571559442904,0.36259143118885806,0
3,33059.40910024231,3,296,1993,1,0.8234697424079934,0,8264.852275060577,3.3059409100242307,0
0,1975.5300007295057,3,197,1952,4,0.9322956441466187,0,493.8825001823764,0.19755300007295057,0
4,14546.015066602977,1,74,286,3,0.872158296526668,1,7273.007533301488,1.4546015066602977,0
4,33465.46570275635,3,98,1199,2,0.43107630079036596,1,8366.366425689088,3.346546570275635,0
2,14430.361613559746,2,73,433,3,0.6577001247027392,0,4810.120537853249,1.4430361613559746,0
4,6354.833144666412,4,181,375,1,0.9758477640268967,0,1270.9666289332824,0.6354833144666412,0
4,24152.97050984177,6,18,134,5,0.6725804720357073,2,3450.4243585488243,2.4152970509841767,1
4,28093.82783669307,3,259,798,1,0.7470056519584805,1,7023.456959173268,2.809382783669307,0
4,1469.1364962903738,1,174,295,3,0.9767572893959905,1,734.5682481451869,0.14691364962903739,0
1,2529.6870730858586,3,32,437,2,0.8884624348378644,0,632.4217682714647,0.25296870730858584,1
1,5028.769904565775,1,75,978,3,0.718225598699844,0,2514.3849522828873,0.5028769904565774,0
2,35781.43666567363,3,51,1960,5,0.8379921455492838,0,8945.359166418408,3.578143666567363,1
0,12781.079128915937,0,99,315,2,0.7577990356851886,0,12781.079128915937,1.2781079128915938,0
4,2536.0044994527652,0,146,810,5,0.721415164572117,1,2536.0044994527652,0.25360044994527653,0
0,22271.090033334418,10,12,853,4,0.711090844099869,2,2024.644548484947,2.227109003333442,1
0,3876.9817370992255,2,281,1278,1,0.8577985686086953,1,1292.3272456997418,0.38769817370992254,0
2,3457.3345479960917,1,42,277,4,0.8039644268425628,0,1728.6672739980459,0.34573345479960915,0
4,26230.220264916094,0,586,289,3,0.9101070672673572,1,26230.220264916094,2.6230220264916095,0
4,1562.2904254205714,2,84,1146,4,0.7687358014154281,1,520.7634751401905,0.15622904254205713,0
3,55856.267971837704,0,72,1744,1,0.6052805874458334,0,55856.267971837704,5.58562679718377,0
0,21891.979770876147,3,232,437,2,0.7404901358767325,2,5472.994942719037,2.189197977087615,0
0,30002.440421659954,2,328,427,5,0.9122102380208382,0,10000.813473886652,3.0002440421659955,0
1,4649.302956744771,2,96,261,2,0.8038266833097323,0,1549.767652248257,0.46493029567447713,0
3,6768.74611714672,1,275,1721,4,0.6120772809627122,2,3384.37305857336,0.676874611714672,0
1,1451.3041174804043,0,431,844,3,0.8695355058419821,1,1451.3041174804043,0.14513041174804042,0
1,4317.384730760711,0,292,725,4,0.7494898137811106,0,4317.384730760711,0.4317384730760711,0
1,14652.786734958108,1,7,698,1,0.8105955805603031,0,7326.393367479054,1.4652786734958108,0
2,38379.382262597675,2,352,220,1,0.7114350747877379,0,12793.127420865892,3.8379382262597677,0
2,11390.15399514006,11,1,1225,3,0.5747793337650567,6,949.1794995950049,1.139015399514006,1
1,5225.955210952939,3,222,1750,2,0.7417202880817922,2,1306.4888027382347,0.5225955210952938,0
3,6757.720687135314,3,286,858,1,0.8930262369060196,0,1689.4301717838284,0.6757720687135313,0
0,1517.854278104412,2,777,153,1,0.9560422987739757,0,505.951426034804,0.15178542781044121,0
3,16475.32506713807,1,113,1295,3,0.8866170863523263,2,8237.662533569035,1.647532506713807,0
4,3398.9152035288967,0,14,1355,2,0.9681226560016197,1,3398.9152035288967,0.33989152035288966,0
2,36874.84783005536,11,10,1461,4,0.8480065175738526,5,3072.903985837947,3.687484783005536,1
0,4711.024850617426,0,10,421,5,0.782922199202805,1,4711.024850617426,0.47110248506174257,0
0,3142.562387641004,4,70,178,3,0.7150485246209318,1,628.5124775282009,0.3142562387641004,0
4,8034.869345949844,2,177,1477,2,0.9665969950086623,0,2678.289781983281,0.8034869345949843,0
4,6255.826232586963,0,75,269,5,0.7633461668836724,0,6255.826232586963,0.6255826232586963,0
1,5186.27266198358,0,232,1246,3,0.8703561340252827,0,5186.27266198358,0.5186272661983581,0
2,3380.726999585516,1,346,521,4,0.6989491052174857,0,1690.363499792758,0.3380726999585516,0
2,11889.72195862959,1,110,1933,4,0.9514640595073266,0,5944.860979314795,1.188972195862959,0
3,58943.85868639521,2,461,1037,2,0.9185625668722437,1,19647.95289546507,5.894385868639521,0
1,87594.8107381412,9,3,1526,2,0.8406297286205913,4,8759.48107381412,8.75948107381412,1
1,26778.158634306703,0,367,657,4,0.7990362410950239,0,26778.158634306703,2.6778158634306704,0
1,1528.0286045643109,1,353,1575,4,0.853687553101121,0,764.0143022821554,0.15280286045643107,0
1,9791.928738004182,2,78,1125,3,0.8033617136598897,1,3263.976246001394,0.9791928738004182,0
2,2171.466483720408,1,71,143,2,0.6211443100837333,0,1085.733241860204,0.2171466483720408,0
2,12548.68595336017,10,1,1649,5,0.7925926621467067,3,1140.7896321236517,1.254868595336017,1
1,3336.7558483098196,1,334,1094,4,0.8486069049569841,0,1668.3779241549098,0.333675584830982,0
3,33869.805433817826,1,357,155,5,0.9915010933991274,1,16934.902716908913,3.3869805433817826,0
0,25336.947740831227,3,81,1921,2,0.7328739814388856,0,6334.236935207807,2.5336947740831226,0
0,10846.586123527757,2,180,1273,2,0.8029519630824209,1,3615.528707842586,1.0846586123527757,0
3,1287.888491677689,2,30,1917,1,0.8033907666606058,0,429.296163892563,0.1287888491677689,0
1,6402.624211374601,1,127,1425,4,0.7797917324554705,2,3201.3121056873006,0.6402624211374601,0
2,11638.106202651688,3,1344,1354,2,0.9502930587584388,0,2909.526550662922,1.1638106202651688,0
0,10003.03149458647,2,35,1355,2,0.7704061022027043,0,3334.3438315288236,1.000303149458647,0
4,886.6476804243292,2,590,661,4,0.9450094492623367,1,295.5492268081097,0.08866476804243292,0
4,2783.929178507233,2,348,898,1,0.5575732743543556,0,927.9763928357443,0.2783929178507233,0
3,7503.363630270337,1,717,1612,1,0.7566860792549455,0,3751.6818151351686,0.7503363630270337,0
1,15421.980738361553,2,40,1318,1,0.856014773909885,0,5140.6602461205175,1.5421980738361554,0
0,580.9394965486917,1,49,997,1,0.7726547827887085,1,290.4697482743459,0.05809394965486917,0
1,6670.50754304108,0,4,1648,3,0.7690580326342452,0,6670.50754304108,0.667050754304108,0
0,9620.567406208516,2,258,903,4,0.8632151943978139,0,3206.8558020695054,0.9620567406208517,0
3,22460.969347958257,1,207,1959,4,0.6753887324562728,0,11230.484673979128,2.2460969347958257,0
3,101722.18149044552,10,1,478,4,0.9621788221884051,2,9247.471044585956,10.0,1
4,16302.692913566962,2,314,1111,1,0.7215964485814297,0,5434.2309711889875,1.630269291356696,0
1,3102.834699864371,1,72,1492,1,0.9103758965420615,0,1551.4173499321855,0.3102834699864371,0
4,820.8968281288201,0,30,351,2,0.8261036214365834,1,820.8968281288201,0.08208968281288201,0
1,5056.029100901052,0,110,688,3,0.8323017987790152,1,5056.029100901052,0.5056029100901052,0
4,26955.919244909295,2,20,120,4,0.605837645520977,0,8985.306414969766,2.6955919244909294,0
2,43137.39067345324,1,62,1972,3,0.8809358851450554,0,21568.69533672662,4.313739067345324,0
2,138851.8638890529,6,4,695,4,0.7002404347597195,4,19835.980555578986,10.0,1
2,13564.46775062185,2,382,1838,1,0.8677170492584199,0,4521.4892502072835,1.3564467750621851,0
2,12779.116295236652,0,315,574,1,0.9140562034057599,1,12779.116295236652,1.2779116295236652,0
0,4157.451327683976,4,117,223,4,0.7100962049190106,0,831.4902655367953,0.41574513276839764,0
2,6932.166348507822,1,258,139,5,0.6741249761692204,0,3466.083174253911,0.6932166348507821,0
3,60047.033812442474,0,169,417,1,0.9560665625932879,0,60047.033812442474,6.004703381244248,0
3,2614.7673186326942,2,84,850,2,0.7339460640519602,1,871.5891062108981,0.2614767318632694,0
0,485917.14577782,4,2,1280,1,0.7432217459494685,3,97183.42915556401,10.0,1
2,5505.848746239383,0,231,1135,2,0.5716767566522607,0,5505.848746239383,0.5505848746239383,0
2,39756.09854833648,0,194,368,3,0.9130334724797019,0,39756.09854833648,3.975609854833648,0
2,1497.9038682243167,0,193,873,1,0.9233868277967151,0,1497.9038682243167,0.14979038682243168,0
4,16368.025422898345,4,230,600,1,0.7267728603106764,0,3273.605084579669,1.6368025422898345,0
1,13381.649135814294,7,10,109,3,0.36736542380337456,3,1672.7061419767867,1.3381649135814293,1
4,11267.57634076512,12,2,1178,2,0.7867090831493332,3,866.7366415973169,1.126757634076512,1
1,10532.709146349911,1,36,1312,5,0.6951280723679998,0,5266.3545731749555,1.053270914634991,0
2,27210.71602799639,2,431,1535,2,0.8096683026458131,0,9070.238675998797,2.721071602799639,0
2,2939.7219284150638,1,84,176,4,0.7135364821405599,0,1469.8609642075319,0.2939721928415064,0
4,1341.0133620161812,0,27,132,4,0.7890868268082428,0,1341.0133620161812,0.13410133620161813,0
4,7257.467971992119,1,184,1293,4,0.7385055631733228,0,3628.7339859960593,0.7257467971992119,0
1,7295.971353867862,2,95,1481,3,0.8704832918998391,0,2431.990451289287,0.7295971353867862,0
3,15646.203099233731,2,339,995,2,0.5010429566042266,2,5215.40103307791,1.564620309923373,0
1,25324.14292838492,2,113,1690,1,0.8514408390512057,2,8441.380976128306,2.5324142928384923,0
4,46923.43416701057,8,3,635,4,0.6939706134730029,3,5213.714907445619,4.692343416701057,1
4,75102.11334380135,1,74,696,2,0.5820622125043002,0,37551.056671900675,7.510211334380135,0
0,10605.008764437658,2,48,1503,1,0.6953522669754323,1,3535.0029214792194,1.0605008764437658,0
4,5346.985337706568,0,99,939,2,0.8627883022082143,0,5346.985337706568,0.5346985337706568,0
0,1171.5924480348792,0,187,623,3,0.5785049190085213,1,1171.5924480348792,0.11715924480348792,0
3,5912.408610131992,1,214,562,4,0.598514845408985,0,2956.204305065996,0.5912408610131992,0
1,5411.792595655048,2,173,1152,5,0.8764923285416049,0,1803.9308652183493,0.5411792595655048,0
1,25651.71616909095,3,886,1959,4,0.7246268922384527,1,6412.929042272737,2.565171616909095,0
0,134430.79709271993,10,11,114,4,0.8887614453345263,6,12220.98155388363,10.0,1
1,1967.9684658642498,1,537,232,3,0.94195462031592,0,983.9842329321249,0.196796846586425,0
4,9963.714907247188,2,26,1139,1,0.6712689762619336,0,3321.2383024157293,0.9963714907247188,0
2,18139.323071470822,1,13,884,4,0.9353399175195424,0,9069.661535735411,1.8139323071470823,0
0,50697.791641583026,3,75,1941,1,0.6768607421759661,0,12674.447910395756,5.0697791641583025,0
1,153797.5702865049,8,10,1281,1,0.8362791663908276,5,17088.618920722765,10.0,1
0,20191.47945357449,0,150,103,3,0.9927490852721946,0,20191.47945357449,2.019147945357449,0
0,8708.921104180441,1,147,1294,4,0.9184172993692364,2,4354.4605520902205,0.8708921104180442,0
2,12912.800775401658,0,172,285,3,0.7391957900436433,0,12912.800775401658,1.2912800775401658,0
4,36293.933346581034,3,274,938,3,0.875094067217111,0,9073.483336645259,3.6293933346581033,0
0,1637.0761970077342,1,711,661,5,0.6009140423086026,2,818.5380985038671,0.1637076197007734,0
1,34280.04895832878,11,9,1008,3,0.9531299580325421,4,2856.670746527398,3.4280048958328777,1
3,3206.442998247039,1,26,487,5,0.9467928701401539,0,1603.2214991235196,0.32064429982470394,0
0,12771.657569858158,4,83,1053,1,0.881982560114723,0,2554.3315139716315,1.277165756985816,0
0,35463.76006401481,0,60,1176,1,0.8697974554994853,1,35463.76006401481,3.5463760064014807,0
2,3958.5412134375233,0,39,1509,2,0.6344673332216604,1,3958.5412134375233,0.3958541213437523,0
4,460.1878423371699,2,158,743,2,0.8141410425585228,0,153.3959474457233,0.04601878423371699,0
3,4941.059722844997,1,162,1012,1,0.8595184258064753,1,2470.5298614224985,0.4941059722844997,0
1,24249.917114981658,2,52,1494,4,0.7152217873193746,1,8083.305704993886,2.4249917114981656,0
3,15446.780574229606,1,249,1181,2,0.8172962687271201,0,7723.390287114803,1.5446780574229606,0
1,13545.687329388977,1,265,573,3,0.9031420003874696,0,6772.843664694488,1.3545687329388976,0
4,5790.697547007869,0,5,1516,2,0.7126388654623071,1,5790.697547007869,0.5790697547007869,0
1,1746.1403493592688,2,101,1579,1,0.7397206607140862,0,582.0467831197562,0.1746140349359269,0
2,135708.04353043425,6,8,453,4,0.8069409641393206,5,19386.863361490607,10.0,1
2,2977.567074091059,0,147,392,1,0.7468717030719637,0,2977.567074091059,0.2977567074091059,0
2,111403.72901936012,2,86,1671,4,0.42109127736135765,2,37134.576339786705,10.0,1
2,74318.43579018328,6,1,849,2,0.9074011750973785,2,10616.919398597613,7.431843579018328,1
3,4036.8583687088203,1,56,1400,3,0.8648279959549053,0,2018.4291843544102,0.40368583687088205,0
4,3890.674065162064,1,22,263,3,0.9076277253886242,1,1945.337032581032,0.3890674065162064,0
1,7247.899284962447,2,340,1073,1,0.9402725292438848,0,2415.966428320816,0.7247899284962447,0
1,6079.0134092260505,1,19,1629,4,0.8934724246291813,0,3039.5067046130252,0.6079013409226051,0
2,150941.3133214723,9,16,371,2,0.9540276058308002,3,15094.13133214723,10.0,1
2,10134.486622619183,2,10,1151,4,0.7809268115635116,0,3378.1622075397277,1.0134486622619183,0
0,3367.890669581901,0,305,1128,4,0.974205045437971,0,3367.890669581901,0.3367890669581901,0
4,78317.69311700788,3,9,833,4,0.8830097745388245,0,19579.42327925197,7.831769311700787,1
3,8597.012153156114,2,74,905,2,0.7829959710345668,0,2865.670717718705,0.8597012153156114,0
1,20386.08035023834,1,171,1144,4,0.8244904896352784,0,10193.04017511917,2.038608035023834,0
0,3905.4496038154007,3,106,1141,3,0.6385068022741578,0,976.3624009538502,0.3905449603815401,0
0,12528.217175549678,5,67,229,1,0.9090493351714948,0,2088.0361959249462,1.2528217175549679,0
1,42538.94012392671,10,2,429,5,0.9222921602236881,5,3867.176374902428,4.253894012392671,1
3,839.1763285180624,1,320,982,4,0.8373224370340752,1,419.5881642590312,0.08391763285180624,0
0,90974.1002682864,2,730,1759,3,0.670285972600387,0,30324.700089428803,9.09741002682864,0
0,38130.63678605745,2,86,1754,3,0.9001128042897942,1,12710.21226201915,3.8130636786057446,0
4,5030.957589520382,0,8,1974,1,0.6836571152952813,0,5030.957589520382,0.5030957589520382,0
3,18448.37741738398,9,11,499,1,0.7935800048671162,4,1844.837741738398,1.844837741738398,1
0,12296.549045206051,4,285,1334,5,0.8824385721889717,1,2459.3098090412104,1.229654904520605,0
3,8991.520443925072,1,161,1520,5,0.918075639747992,0,4495.760221962536,0.8991520443925072,0
1,12416.763555986814,0,307,1710,5,0.6909670053038007,0,12416.763555986814,1.2416763555986814,0
2,10197.449055876832,0,240,180,2,0.8615146927105539,1,10197.449055876832,1.0197449055876833,0
0,14875.772876782963,2,477,1307,2,0.780158229137043,0,4958.590958927654,1.4875772876782962,0
4,46017.03068662839,2,435,953,3,0.9689230209771121,2,15339.010228876132,4.6017030686628395,0
1,16022.092757703853,3,311,1227,1,0.9593243581871614,0,4005.523189425963,1.6022092757703852,0
3,2299.422771044348,1,129,379,4,0.6974060006573587,0,1149.711385522174,0.2299422771044348,0
1,41567.56369560872,2,74,686,1,0.7967356209023155,1,13855.854565202906,4.156756369560872,0
0,58031.28125858931,2,142,1939,2,0.7886591332039287,0,19343.76041952977,5.803128125858931,0
3,355922.4259357026,2,140,1964,3,0.9160020672826151,0,118640.8086452342,10.0,0
2,2104.445224580311,0,189,1685,4,0.9335614399194399,2,2104.445224580311,0.21044452245803108,0
1,10844.989073877909,1,42,102,5,0.93158603759017,0,5422.494536938954,1.0844989073877909,0
0,5679.0165127007485,11,18,1917,5,0.8828731001105131,5,473.2513760583957,0.5679016512700749,1
4,15737.142909198628,0,122,517,2,0.8956164804523906,2,15737.142909198628,1.573714290919863,0
3,4197.144290582043,0,194,689,3,0.8287171032571798,0,4197.144290582043,0.41971442905820433,0
1,81481.79937930913,3,55,462,1,0.9271689398913506,0,20370.449844827283,8.148179937930912,1
1,3198.579346453572,2,114,1087,2,0.9835600809233848,0,1066.193115484524,0.31985793464535717,0
2,1067.3992427220692,2,48,545,1,0.8563471686170728,0,355.79974757402306,0.10673992427220692,0
2,4603.091910582402,1,417,1590,4,0.9077106153399674,0,2301.545955291201,0.46030919105824025,0
4,757.0389267750236,1,134,1835,1,0.6206376142180356,0,378.5194633875118,0.07570389267750235,0
4,19956.682834716084,0,51,417,4,0.6887635899777937,0,19956.682834716084,1.9956682834716084,0
0,679.8691440913932,3,9,588,3,0.941041045143365,1,169.9672860228483,0.06798691440913932,1
0,8384.57592394171,1,226,686,2,0.7714345095613587,0,4192.287961970855,0.838457592394171,0
4,669.5633718712344,0,49,1525,1,0.8188047901979547,0,669.5633718712344,0.06695633718712343,0
4,5517.293077905886,3,913,1614,3,0.6911592105478972,0,1379.3232694764715,0.5517293077905886,0
3,58224.050486838314,1,153,564,3,0.6872880761022463,2,29112.025243419157,5.822405048683831,0
2,12491.172448901632,2,69,530,1,0.6308561484411055,0,4163.7241496338775,1.2491172448901633,0
0,2874.9991973306683,1,215,463,5,0.9012053733021566,1,1437.4995986653341,0.2874999197330668,0
2,7805.280831477608,0,65,277,5,0.7919930144932307,0,7805.280831477608,0.7805280831477609,0
2,8280.182154336582,2,344,186,4,0.8331300358880755,0,2760.060718112194,0.8280182154336583,0
4,14287.73012931595,0,74,1842,3,0.7968244600897739,1,14287.73012931595,1.428773012931595,0
3,1571.4750256460427,1,889,1313,2,0.9553471485359091,0,785.7375128230213,0.15714750256460427,0
1,16499.42364408053,1,186,840,2,0.8547372290180336,1,8249.711822040264,1.6499423644080529,0
3,315.68031561776814,1,373,884,3,0.642784509538106,1,157.84015780888407,0.031568031561776816,0
3,3805.2559590400615,1,16,1745,5,0.6259689050516543,0,1902.6279795200307,0.38052559590400614,0
2,4510.0854949023615,1,86,521,3,0.891330446363056,0,2255.0427474511807,0.45100854949023617,0
3,17326.496376832416,0,268,567,4,0.8116750148292218,1,17326.496376832416,1.7326496376832417,0
0,30376.211709552033,9,10,1534,3,0.8698224438644699,2,3037.6211709552035,3.0376211709552035,1
2,1500.1559305274463,0,44,354,1,0.9178822131679658,0,1500.1559305274463,0.15001559305274464,0
0,2484.951072046484,0,89,704,5,0.877558579034926,0,2484.951072046484,0.2484951072046484,0
1,10284.734746789243,3,62,230,1,0.559660348084688,0,2571.183686697311,1.0284734746789244,0
2,7369.603538412337,1,191,79,1,0.6243886664001249,0,3684.8017692061685,0.7369603538412337,0
1,4044.2486663169793,3,85,1021,3,0.9370654604478841,0,1011.0621665792448,0.4044248666316979,0
2,4550.532111026957,2,74,814,3,0.919922032202377,0,1516.8440370089857,0.4550532111026957,0
4,163341.89075519127,9,15,89,2,0.6784812069653592,4,16334.189075519127,10.0,1
3,16636.092007402884,6,17,236,1,0.9106825622530247,5,2376.584572486126,1.6636092007402883,1
4,7290.230966622694,2,44,368,3,0.6049955489949711,0,2430.076988874231,0.7290230966622694,0
1,886952.3393149562,4,7,1889,2,0.5466781535343747,5,177390.46786299124,10.0,1
3,1467.8893559670357,1,34,1300,1,0.8101839474146882,0,733.9446779835179,0.14678893559670358,0
2,878.1247976697485,0,490,781,2,0.682801664791559,0,878.1247976697485,0.08781247976697486,0
3,20750.125996446797,1,112,941,5,0.8950556271450861,0,10375.062998223399,2.0750125996446798,0
0,3588.9979732903685,0,95,373,4,0.8751113355077299,1,3588.9979732903685,0.3588997973290369,0
3,5530.950534907306,1,53,1976,1,0.7617679864970006,1,2765.475267453653,0.5530950534907306,0
0,27596.996150165127,7,10,992,3,0.894968481010766,5,3449.624518770641,2.7596996150165127,1
3,5932.730439202903,3,232,1116,5,0.980050391015827,0,1483.1826098007257,0.5932730439202902,0
0,55173.9242850668,0,127,705,2,0.9171029569346792,0,55173.9242850668,5.51739242850668,0
1,21216.917767918134,0,12,1351,4,0.7187680384677207,0,21216.917767918134,2.1216917767918133,0
4,22803.474969322695,2,502,1392,1,0.9199364765809719,0,7601.158323107565,2.2803474969322695,0
2,1481.081040731905,1,786,223,4,0.7869309386331994,0,740.5405203659525,0.1481081040731905,0
3,2035.7417262999131,4,113,1832,5,0.8169868286276895,1,407.14834525998265,0.2035741726299913,0
4,268.56839422796367,0,191,734,4,0.9205449684041406,0,268.56839422796367,0.026856839422796368,0
2,3067.8829648234946,1,120,1114,1,0.855988063789274,0,1533.9414824117473,0.30678829648234945,0
2,208046.77086475972,9,10,458,5,0.821746978440552,5,20804.67708647597,10.0,1
0,15068.109244693575,4,17,1635,2,0.8437017226576035,0,3013.6218489387147,1.5068109244693575,1
1,6211.66394106373,3,122,1396,1,0.8058578376297204,0,1552.9159852659325,0.621166394106373,0
1,7889.11830782787,1,342,229,4,0.84251929094276,0,3944.559153913935,0.788911830782787,0
4,3545.155664166523,1,4,903,1,0.6640689619423783,1,1772.5778320832615,0.3545155664166523,0
1,10360.032562242559,2,175,1232,5,0.7324279429306584,0,3453.3441874141863,1.0360032562242558,0
3,20313.76340172714,0,426,86,4,0.49719376148839456,0,20313.76340172714,2.0313763401727143,0
1,1165.5354278125944,1,50,455,2,0.8322887015458085,1,582.7677139062972,0.11655354278125944,0
4,11609.479311452891,0,41,588,3,0.6854103825744501,0,11609.479311452891,1.160947931145289,0
1,24808.00953533657,1,296,425,2,0.47445102256792043,0,12404.004767668284,2.480800953533657,0
3,45636.74893792698,8,7,1971,1,0.8360151619226889,5,5070.749881991887,4.563674893792698,1
0,18785.503003974944,4,43,305,3,0.8079328604579316,0,3757.1006007949886,1.8785503003974944,1
4,237419.84087156298,1,95,327,5,0.9475200493659086,0,118709.92043578149,10.0,0
0,7149.435263306691,5,100,298,4,0.9130145969386411,0,1191.5725438844486,0.7149435263306692,0
0,12990.433228163363,1,415,742,4,0.7606911079759032,0,6495.216614081682,1.2990433228163363,0
0,3342.022693764261,0,193,1090,5,0.9268763145845663,0,3342.022693764261,0.3342022693764261,0
2,10071.86724585435,2,105,1441,1,0.7195840035507185,0,3357.28908195145,1.007186724585435,0
2,14077.399949451275,1,153,174,2,0.8462524887361818,0,7038.699974725638,1.4077399949451275,0
0,10237.480345685943,2,616,1385,3,0.8514299443919923,1,3412.493448561981,1.0237480345685943,0
4,2383.5961563921987,3,25,261,5,0.7499501844815364,0,595.8990390980497,0.23835961563921987,1
3,10379.97891689887,2,47,521,1,0.8386398173793431,1,3459.9929722996235,1.037997891689887,0
3,46846.666216146245,0,657,798,1,0.8998179066139504,0,46846.666216146245,4.684666621614625,0
1,13882.202699751388,1,631,1488,3,0.8489400579367777,0,6941.101349875694,1.3882202699751387,0
4,25703.555995265448,2,40,549,5,0.8371176784528092,0,8567.851998421816,2.5703555995265446,0
2,6097.204314362927,0,32,860,2,0.8493042695120252,1,6097.204314362927,0.6097204314362927,0
0,19927.984662748233,0,110,1785,2,0.7682458582008284,0,19927.984662748233,1.9927984662748233,0
1,106280.4224604912,10,2,938,5,0.9447980904810757,2,9661.856587317381,10.0,1
3,2588.68971302613,1,213,1254,4,0.9926778864614817,1,1294.344856513065,0.258868971302613,0
2,11875.410607261425,2,17,1462,2,0.9171438916133353,0,3958.470202420475,1.1875410607261425,0
2,2465.041701731014,2,12,1715,4,0.48675355420099703,0,821.6805672436714,0.24650417017310142,0
0,3791.6011282262484,0,133,1706,5,0.8537523814294271,1,3791.6011282262484,0.37916011282262485,0
3,10169.964198695843,2,634,1260,1,0.7925092045838573,0,3389.988066231948,1.0169964198695842,0
4,11576.044680492367,3,112,1973,5,0.9450176922371231,0,2894.0111701230917,1.1576044680492368,0
2,1944.8128724900794,2,89,1812,1,0.8006773660426633,0,648.2709574966931,0.19448128724900793,0
0,120735.69804138973,6,5,1747,5,0.8905240295151448,2,17247.956863055675,10.0,1
4,16097.3112506467,0,152,1697,4,0.9202743882594951,1,16097.3112506467,1.60973112506467,0
3,3478.3936705005876,0,95,1541,4,0.7054124040398274,0,3478.3936705005876,0.34783936705005875,0
2,1280.3621470255687,3,98,1530,5,0.7392448345965785,0,320.09053675639217,0.12803621470255686,0
4,6809.775995263142,1,44,1207,1,0.9126342435681849,0,3404.887997631571,0.6809775995263142,0
4,4745.098850400282,1,144,1771,5,0.8689174718466651,1,2372.549425200141,0.47450988504002817,0
4,9281.408093318922,1,116,224,1,0.9529543128508612,0,4640.704046659461,0.9281408093318921,0
2,5240.960209489308,2,64,1334,4,0.8495346791755548,0,1746.986736496436,0.5240960209489308,0
2,728.5467285600288,3,35,366,3,0.6971537409026788,1,182.1366821400072,0.07285467285600288,1
1,24255.893847648527,10,17,1050,2,0.7966643375553677,3,2205.0812588771387,2.425589384764853,1
3,5615.338030622423,1,143,873,4,0.8402102401177773,1,2807.6690153112113,0.5615338030622422,0
0,167710.14580243937,9,4,919,5,0.8618803364188773,5,16771.014580243937,10.0,1
4,3505.752222155328,0,34,980,5,0.874485018834179,0,3505.752222155328,0.35057522221553283,0
1,60743.150631941506,1,590,936,1,0.8394677249383652,2,30371.575315970753,6.074315063194151,0
0,817.3205264986407,2,157,318,2,0.9198548762786284,1,272.4401754995469,0.08173205264986406,0
1,39081.36357213551,2,14,1867,4,0.6608602548687965,0,13027.121190711836,3.908136357213551,0
2,6190.785370585286,2,237,519,2,0.750824730410575,0,2063.5951235284288,0.6190785370585286,0
4,22731.384980312836,0,13,273,2,0.7896071242548294,1,22731.384980312836,2.2731384980312836,0
0,8917.418526858988,3,269,1325,4,0.805439628720297,2,2229.354631714747,0.8917418526858988,0
0,31807.7943229567,2,278,1137,1,0.9609944063399352,0,10602.598107652233,3.1807794322956697,0
0,5090.674637634456,3,211,1024,1,0.6054227174304929,0,1272.668659408614,0.5090674637634456,0
0,2168.206245637961,1,264,956,1,0.6644020535355909,1,1084.1031228189804,0.21682062456379608,0
0,44560.5913206538,2,19,879,3,0.8904098574700617,0,14853.530440217934,4.456059132065381,0
1,7071.466937143809,1,260,1537,2,0.9785220106819834,0,3535.7334685719047,0.707146693714381,0
4,10571.005143642558,2,30,1197,3,0.7860809024573954,0,3523.668381214186,1.0571005143642558,0
2,35657.05479950042,1,83,1655,1,0.8639340126058244,0,17828.52739975021,3.5657054799500423,0
2,2348.7856044050673,2,573,287,4,0.6084091701923573,1,782.9285348016891,0.23487856044050673,0
2,16557.411033612043,0,140,124,2,0.8863733048808481,0,16557.411033612043,1.6557411033612044,0
2,3992.314002362935,0,685,1515,4,0.8719916279746411,0,3992.314002362935,0.3992314002362935,0
1,6914.64408807902,2,19,549,5,0.7542768346490787,1,2304.8813626930064,0.6914644088079019,0
3,8837.283026628758,0,130,1595,2,0.84293569514106,0,8837.283026628758,0.8837283026628758,0
4,6005.514420953824,7,14,1985,4,0.7848622497696692,2,750.689302619228,0.6005514420953824,1
0,3182.4147680116557,2,199,317,1,0.8491797476001022,0,1060.8049226705518,0.31824147680116555,0
3,40998.36516617677,1,17,1560,3,0.9260482317237427,1,20499.182583088386,4.099836516617677,0
2,23468.853224125814,6,39,1036,4,0.9157059737604081,1,3352.6933177322594,2.3468853224125814,1
3,67618.9342857838,8,11,1673,5,0.9393141639668956,2,7513.214920642645,6.7618934285783805,1
4,10848.131695902279,1,277,1123,1,0.6729284657031507,0,5424.065847951139,1.0848131695902279,0
0,5692.523881785985,0,36,1728,5,0.9772388830386405,0,5692.523881785985,0.5692523881785986,0
0,239598.4697695877,8,18,1132,3,0.9163259059588138,2,26622.052196620858,10.0,1
4,6371.415304179472,1,29,1527,5,0.8491033439589498,0,3185.707652089736,0.6371415304179472,0
4,10702.263183508512,4,8,1903,4,0.7391888001215398,0,2140.4526367017024,1.0702263183508511,1
2,32055.888466294607,0,101,772,4,0.6940694168021434,0,32055.888466294607,3.205588846629461,0
0,3188.016508382826,1,777,1145,1,0.8710583983964212,0,1594.008254191413,0.3188016508382826,0
3,52603.97790287476,0,24,1829,3,0.6043443776027053,1,52603.97790287476,5.260397790287476,0
1,1291.353675879333,1,22,1824,3,0.7839726826600127,0,645.6768379396665,0.1291353675879333,0
1,57272.19645814971,1,279,239,2,0.7463910384970504,1,28636.098229074854,5.727219645814971,0
4,5181.186169331107,0,75,1045,2,0.6070523837553236,0,5181.186169331107,0.5181186169331107,0
2,6055.737826248954,0,253,1635,4,0.7160951549389535,1,6055.737826248954,0.6055737826248954,0
1,838.8129977703119,0,45,1790,5,0.8055763072977187,0,838.8129977703119,0.08388129977703118,0
0,4694.966888649943,2,124,615,5,0.7609133116935259,1,1564.9889628833143,0.4694966888649943,0
4,2326.760330099372,1,62,1895,1,0.8367587248828936,0,1163.380165049686,0.2326760330099372,0
3,3908.1695029726848,1,121,1042,3,0.538091924964518,0,1954.0847514863424,0.3908169502972685,0
4,6872.112546340555,2,294,785,4,0.751104125605752,0,2290.7041821135185,0.6872112546340555,0
3,25574.47179341103,4,288,205,5,0.8343143381344299,0,5114.894358682206,2.557447179341103,0
4,94857.71031764586,10,9,1945,2,0.835233523685453,3,8623.428210695078,9.485771031764585,1
4,11721.874423413703,0,528,1636,4,0.9805500765166146,1,11721.874423413703,1.1721874423413703,0
4,2176.2897001738547,1,62,1826,1,0.8636637935095695,0,1088.1448500869274,0.21762897001738546,0
3,2816.0630092647143,1,55,1915,4,0.7081028837334972,1,1408.0315046323572,0.28160630092647143,0
3,70155.53761339842,4,191,722,5,0.9037301903434848,0,14031.107522679686,7.015553761339842,0
4,3353.49632035507,0,195,1714,1,0.9405222147632619,1,3353.49632035507,0.335349632035507,0
1,59127.41097003631,1,10,1158,2,0.916962332021032,0,29563.705485018156,5.912741097003631,0
2,6053.104508678753,1,188,118,2,0.7913042577012129,0,3026.5522543393763,0.6053104508678753,0
2,8125.361701966653,2,94,1458,5,0.9224348453023965,0,2708.453900655551,0.8125361701966652,0
2,29273.507124603486,1,276,422,1,0.9176570250844053,0,14636.753562301743,2.9273507124603486,0
3,37282.18607109365,5,331,104,2,0.9544418201290855,0,6213.6976785156085,3.7282186071093655,0
3,7094.1439552604525,2,161,134,1,0.7545516249770715,0,2364.7146517534843,0.7094143955260452,0
1,5085.295077338427,0,1,1930,4,0.860509991979732,0,5085.295077338427,0.5085295077338428,0
2,7577.173059458938,1,203,990,3,0.5731321249564277,0,3788.586529729469,0.7577173059458938,0
2,12155.646020511618,2,277,890,3,0.7176222328219523,1,4051.882006837206,1.215564602051162,0
4,23613.27715763545,1,58,641,3,0.8399509276297688,0,11806.638578817725,2.361327715763545,0
3,8144.318371492664,1,125,781,2,0.6578862210654083,2,4072.159185746332,0.8144318371492664,0
2,55621.81307316962,6,14,671,5,0.47019333142762154,4,7945.973296167089,5.562181307316962,1
1,57874.47260700833,0,71,1838,3,0.7469915775353647,1,57874.47260700833,5.787447260700833,0
1,12804.750766982641,0,51,1058,5,0.9338068571214538,0,12804.750766982641,1.280475076698264,0
2,11777.938327034422,0,48,366,3,0.7995135228018613,0,11777.938327034422,1.1777938327034423,0
3,1309.3773657565546,3,164,1237,4,0.591520598314624,0,327.34434143913865,0.13093773657565547,0
1,344.8549299859493,0,599,1688,3,0.880496290857436,2,344.8549299859493,0.03448549299859493,0
4,12913.788236541019,1,188,674,5,0.6813296244536494,1,6456.894118270509,1.291378823654102,0
1,7231.566240475784,2,73,301,2,0.9338476528628286,0,2410.5220801585947,0.7231566240475784,0
0,4368.874878659841,1,204,201,4,0.6538871174273825,0,2184.4374393299204,0.4368874878659841,0
0,10853.427905082031,1,197,1409,5,0.6948982642756755,0,5426.713952541016,1.0853427905082031,0
3,7536.517806608506,1,182,959,1,0.8811384233886892,0,3768.258903304253,0.7536517806608506,0
2,31361.499868519302,1,35,1441,3,0.4405488481789093,1,15680.749934259651,3.13614998685193,0
3,8985.190867624888,1,202,1836,4,0.8983910786396534,1,4492.595433812444,0.8985190867624888,0
3,3306.653923806388,2,113,915,2,0.8138596634074616,0,1102.2179746021293,0.3306653923806388,0
3,157548.78695977302,11,5,649,1,0.8660946938687598,5,13129.065579981085,10.0,1
3,6244.414792889006,1,156,1056,3,0.7127514380023886,0,3122.207396444503,0.6244414792889006,0
4,15242.51772131878,1,907,1020,4,0.8600344994795263,0,7621.25886065939,1.524251772131878,0
4,4569.262775339693,2,87,1054,5,0.9007980729688387,0,1523.0875917798976,0.4569262775339693,0
1,3715.2741037448654,1,674,1173,3,0.7458079623328918,0,1857.6370518724327,0.37152741037448656,0
0,59213.900032250145,7,9,1193,4,0.6617491768050835,4,7401.737504031268,5.921390003225015,1
3,8228.79092554579,1,264,1458,3,0.9907013880432574,0,4114.395462772895,0.822879092554579,0
1,14411.653692047585,3,25,352,4,0.9263232612941893,0,3602.913423011896,1.4411653692047586,1
0,5870.089126096812,2,64,1789,5,0.7535580913931619,0,1956.696375365604,0.5870089126096812,0
2,894.5924571911219,1,170,1222,3,0.9844358279092226,1,447.29622859556093,0.0894592457191122,0
4,4820.685128057949,2,180,1274,4,0.536123127581931,1,1606.895042685983,0.48206851280579494,0
0,21006.39429450988,4,299,1880,1,0.5503033646108327,0,4201.278858901976,2.100639429450988,0
2,5671.158545763472,0,192,1076,2,0.796493927898483,0,5671.158545763472,0.5671158545763472,0
0,6029.020971871597,3,181,449,4,0.8980361877359985,0,1507.2552429678992,0.6029020971871597,0
4,26466.94320560754,1,487,117,4,0.9703646818786094,1,13233.47160280377,2.646694320560754,0
4,3448.2844562367045,3,121,203,4,0.7861623267208376,0,862.0711140591761,0.34482844562367043,0
1,1272.369435071458,0,52,1064,3,0.8391928482782547,0,1272.369435071458,0.1272369435071458,0
3,6682.467981254405,0,36,1567,2,0.902953162141383,1,6682.467981254405,0.6682467981254404,0
0,4532.329199910395,1,103,231,3,0.9485778986766064,0,2266.1645999551974,0.4532329199910395,0
0,2541.4864777542984,4,250,574,4,0.8652774834944651,2,508.2972955508597,0.25414864777542984,0
2,6565.24990925891,2,9,238,4,0.8588075145447133,2,2188.4166364196367,0.656524990925891,0
4,14615.045294159032,3,28,69,2,0.8734762119672987,2,3653.761323539758,1.4615045294159033,1
0,8013.266231063489,2,23,900,1,0.821187245800845,0,2671.0887436878297,0.8013266231063488,0
4,11712.094293953834,4,177,1356,3,0.7986541890158232,0,2342.418858790767,1.1712094293953834,0
0,71402.57686470448,5,56,947,1,0.7670530710491473,0,11900.429477450745,7.140257686470448,1
1,5369.796903073153,2,37,59,4,0.5375856145738568,1,1789.9323010243843,0.5369796903073153,0
3,11316.514087962882,1,180,749,4,0.5835292486908271,1,5658.257043981441,1.1316514087962881,0
0,4398.17061829377,2,287,1930,5,0.8724333810075615,0,1466.0568727645898,0.43981706182937697,0
4,2934.7229604444715,2,81,1604,5,0.9492928967050834,0,978.2409868148238,0.29347229604444713,0
1,4016.2777341840547,1,173,704,1,0.8024353909777219,0,2008.1388670920273,0.40162777341840544,0
0,4561.878247910528,3,21,1688,5,0.7755579009965983,0,1140.469561977632,0.45618782479105285,1
2,12473.61580634842,2,548,1376,2,0.7534961358086545,0,4157.871935449473,1.247361580634842,0
3,135793.5428545812,3,83,290,1,0.692093577323417,0,33948.3857136453,10.0,1
0,32766.256024098275,5,19,201,5,0.6943478451959348,3,5461.042670683046,3.2766256024098275,1
1,4915.0127823597,1,769,833,5,0.6580758386573794,0,2457.50639117985,0.49150127823597006,0
2,7511.965169779313,1,302,1410,2,0.730801616380234,0,3755.9825848896567,0.7511965169779313,0
1,13029.33481375603,1,5,237,2,0.7715279712241527,0,6514.667406878015,1.302933481375603,0
1,99534.57179162711,7,19,513,1,0.6683987545751912,3,12441.821473953389,9.953457179162712,1
2,37832.1652662005,0,19,771,3,0.8254305239408203,0,37832.1652662005,3.78321652662005,0
1,3160.1135721170995,8,19,1250,2,0.8336086093097945,3,351.12373023523327,0.3160113572117099,1
2,462.05510356964504,3,312,949,5,0.7341585012012977,0,115.51377589241126,0.046205510356964505,0
0,4469.117288899471,4,718,755,1,0.8543183647578947,2,893.8234577798942,0.44691172888994707,0
2,30235.143687496635,1,188,1250,3,0.8563380096212967,0,15117.571843748317,3.0235143687496633,0
2,5592.468743306148,4,16,930,1,0.9764681973902749,5,1118.4937486612296,0.5592468743306148,1
3,219.38785534522344,1,147,464,5,0.8192598079342158,1,109.69392767261172,0.021938785534522345,0
2,16081.346671647425,0,98,627,3,0.8230643249788153,0,16081.346671647425,1.6081346671647425,0
2,34721.25121045627,9,15,359,3,0.757987619679272,3,3472.125121045627,3.472125121045627,1
0,19232.728904759464,10,15,1075,2,0.8985210508656295,3,1748.4299004326786,1.9232728904759464,1
3,2483.322050158615,3,541,366,4,0.8686530107446954,1,620.8305125396538,0.2483322050158615,0
4,2530.842515685568,2,182,1856,5,0.816832820483622,0,843.6141718951893,0.2530842515685568,0
0,9252.43816305126,0,390,1582,4,0.7068030947392594,0,9252.43816305126,0.925243816305126,0
0,3821.589324393041,0,398,1069,5,0.9467310939746242,1,3821.589324393041,0.3821589324393041,0
4,14659.981342669405,1,147,1645,1,0.927339755695077,0,7329.990671334703,1.4659981342669406,0
2,263.60400724770807,1,86,417,4,0.5377294268711068,1,131.80200362385403,0.02636040072477081,0
1,2898.0047497273968,4,205,604,3,0.8768273148612873,0,579.6009499454793,0.2898004749727397,0
3,2097.9904708017843,1,119,654,2,0.7492046316522905,0,1048.9952354008922,0.20979904708017844,0
1,55603.659366364176,10,17,1299,5,0.8772195890372005,3,5054.878124214925,5.560365936636417,1
4,4248.591052143639,0,95,985,2,0.765266202284418,0,4248.591052143639,0.4248591052143639,0
0,21108.10852388129,3,1026,529,5,0.5906278865762945,0,5277.027130970322,2.110810852388129,0
0,870.2633561045726,1,10,1030,3,0.7383016865723216,1,435.1316780522863,0.08702633561045726,0
3,8557.725931187759,1,239,1871,3,0.9583857775925609,0,4278.862965593879,0.8557725931187758,0
0,15835.407738784877,2,369,1136,3,0.7751685766166881,0,5278.469246261626,1.5835407738784877,0
0,75205.29531444816,3,210,1353,3,0.8665488969859974,1,18801.32382861204,7.520529531444816,0
3,4545.444650355848,0,169,989,3,0.5191947262124066,0,4545.444650355848,0.4545444650355848,0
3,11960.326485168165,3,246,63,2,0.9247550275807412,0,2990.0816212920413,1.1960326485168165,0
4,930.1674734608266,4,113,77,1,0.9046786356820268,1,186.03349469216533,0.09301674734608266,0
0,459.276559530327,5,20,191,4,0.39802568095792784,1,76.5460932550545,0.0459276559530327,1
0,22330.958113852983,0,657,1693,2,0.8540555658541528,0,22330.958113852983,2.233095811385298,0
4,8049.197271563963,0,114,1875,4,0.9472184955585461,0,8049.197271563963,0.8049197271563963,0
2,33330.068541759705,0,219,639,1,0.7407694064976637,1,33330.068541759705,3.3330068541759705,0
2,1559.1818900641401,0,152,1832,5,0.7826873962558125,1,1559.1818900641401,0.15591818900641402,0
2,15121.646925326835,1,12,522,1,0.8634347530127675,0,7560.823462663418,1.5121646925326835,0
4,76311.6893976344,1,611,1597,1,0.8018559531759587,0,38155.8446988172,7.63116893976344,0
0,13408.535087847207,0,315,1257,5,0.7374759496593971,0,13408.535087847207,1.3408535087847206,0
4,11292.542224774737,0,33,366,4,0.7393659114844165,0,11292.542224774737,1.1292542224774738,0
4,8186.709265248133,2,800,1434,3,0.6923815144529444,0,2728.9030884160443,0.8186709265248133,0
2,1230.2125661569185,3,268,494,5,0.7538715927828239,0,307.5531415392296,0.12302125661569184,0
1,41220.3573133251,3,128,345,5,0.7445061052151802,2,10305.089328331274,4.12203573133251,0
0,28740.08103098091,7,9,453,1,0.6852633535997126,2,3592.5101288726137,2.874008103098091,1
2,14844.428782244986,4,23,801,5,0.9420058676206843,0,2968.885756448997,1.4844428782244985,1
1,11927.166591388126,9,14,312,2,0.8372578158011188,2,1192.7166591388127,1.1927166591388125,1
1,1967.7546548521423,1,16,896,3,0.8719739351590974,0,983.8773274260711,0.19677546548521424,0
3,428953.0183801552,5,7,426,1,0.8434778183142262,5,71492.16973002587,10.0,1
0,5341.36893115811,2,161,634,4,0.7761194286284832,1,1780.4563103860366,0.534136893115811,0
1,46347.86796095141,1,415,1141,4,0.8431071993205945,0,23173.933980475704,4.634786796095141,0
2,7377.006478819729,2,259,848,4,0.711379836120639,0,2459.0021596065762,0.7377006478819729,0
3,888.6670757911446,3,58,520,4,0.8613554769100251,2,222.16676894778615,0.08886670757911447,1
0,23634.933265507152,2,439,1911,4,0.8505197878219329,1,7878.311088502384,2.3634933265507154,0
4,3992.3256856823127,4,171,781,1,0.6829675886953781,0,798.4651371364625,0.39923256856823125,0
2,18740.206523959452,2,187,1021,2,0.5842033417151496,0,6246.735507986484,1.8740206523959453,0
1,8351.972696735895,0,38,96,2,0.8703527353470973,0,8351.972696735895,0.8351972696735894,0
1,1271.8885555094284,2,391,996,4,0.7650184899122711,1,423.96285183647615,0.12718885555094284,0
2,9868.999094743083,0,535,1131,2,0.890360608932844,0,9868.999094743083,0.9868999094743083,0
1,113036.69399289362,3,299,1991,3,0.7556064163840717,0,28259.173498223405,10.0,1
3,14641.038930820227,0,566,73,2,0.9256359620473906,1,14641.038930820227,1.4641038930820227,0
0,7562.663306799221,1,72,1363,5,0.7734012739449232,0,3781.3316533996103,0.7562663306799221,0
3,29448.90722703338,0,395,880,4,0.8813487564396025,0,29448.90722703338,2.944890722703338,0
1,10433.761843135018,2,135,1517,5,0.7185141872152684,0,3477.9206143783395,1.0433761843135019,0
4,10419.570298563605,0,36,452,5,0.627662941517298,1,10419.570298563605,1.0419570298563605,0
0,2186.4834319816887,1,222,1097,4,0.5470417274272628,0,1093.2417159908443,0.21864834319816887,0
0,10728.055849963219,0,231,1137,1,0.7941282694743711,0,10728.055849963219,1.0728055849963218,0
2,28072.117409624934,1,68,1840,2,0.7328411772220395,1,14036.058704812467,2.8072117409624933,0
2,2971.212558936941,3,6,1733,3,0.8330290759277867,0,742.8031397342353,0.2971212558936941,1
4,44774.541442204565,2,45,1701,1,0.8841879799176771,0,14924.847147401522,4.477454144220457,0
0,7258.676355561078,0,103,1683,3,0.8607997889276289,0,7258.676355561078,0.7258676355561078,0
4,2792.4554745300043,1,37,1312,4,0.8663146889979539,0,1396.2277372650021,0.27924554745300045,0
2,240775.24117016353,11,11,332,2,0.7014609900139936,5,20064.60343084696,10.0,1
2,5743.631283716026,1,100,1515,1,0.8658655732063414,0,2871.815641858013,0.5743631283716025,0
0,20159.236813254323,1,653,1373,4,0.877460234248076,0,10079.618406627162,2.0159236813254324,0
3,5709.516604095451,1,289,142,1,0.7604537306255166,0,2854.7583020477255,0.5709516604095451,0
1,7541.743198863397,0,78,1650,5,0.9331781190726424,2,7541.743198863397,0.7541743198863398,0
2,95314.04328614604,5,3,1448,2,0.5795798208987069,4,15885.67388102434,9.531404328614604,1
2,11488.208828694205,0,208,735,2,0.889046020531741,0,11488.208828694205,1.1488208828694206,0
3,739.0472550254633,0,122,359,4,0.7131572454231155,0,739.0472550254633,0.07390472550254633,0
3,2110.135646589066,2,127,937,4,0.7059256324345009,0,703.3785488630219,0.21101356465890658,0
4,162447.7545494709,6,3,1820,4,0.6279372706159627,5,23206.822078495843,10.0,1
4,6914.915977861828,2,54,1240,2,0.8379799023721196,0,2304.9719926206094,0.6914915977861827,0
1,4322.211349270859,2,98,1822,5,0.9141808567288925,1,1440.7371164236195,0.43222113492708586,0
1,1587.1753115506353,1,151,56,2,0.5865964316415372,0,793.5876557753177,0.15871753115506354,0
0,2217.90073908828,2,151,1895,4,0.7941906568093834,0,739.3002463627599,0.221790073908828,0
4,716.1156183347838,0,287,1116,3,0.7784740722268423,0,716.1156183347838,0.07161156183347837,0
2,7175.754110101813,0,89,837,5,0.6313723260946128,0,7175.754110101813,0.7175754110101813,0
4,3951.5963018274174,5,253,1413,2,0.8909475771135831,0,658.5993836379029,0.39515963018274175,0
2,2540.444972816785,0,173,1226,3,0.83226318692754,2,2540.444972816785,0.2540444972816785,0
3,7467.02463190212,0,654,92,5,0.7034162569310781,0,7467.02463190212,0.7467024631902119,0
4,12541.077769480742,1,98,774,2,0.9190790987482582,0,6270.538884740371,1.2541077769480742,0
3,99891.2645280739,0,463,250,4,0.9752724904262421,0,99891.2645280739,9.989126452807389,0
1,1320.4658850418618,0,344,944,2,0.7856787872634889,0,1320.4658850418618,0.13204658850418619,0
1,252739.20782337413,8,11,716,5,0.8834574770695488,3,28082.134202597124,10.0,1
0,26048.6669523617,1,213,1805,4,0.9096518986784009,0,13024.33347618085,2.60486669523617,0
4,3181.4384388095755,2,18,1738,1,0.7525165418593717,0,1060.4794796031917,0.31814384388095757,0
3,10341.116753840233,0,601,597,3,0.9019131918641179,1,10341.116753840233,1.0341116753840234,0
2,4679.001918056525,1,23,275,4,0.8105871250107864,0,2339.5009590282625,0.4679001918056525,0
1,10125.64199119579,1,166,1907,4,0.8493328518085944,0,5062.820995597895,1.0125641991195788,0
1,49560.88615769083,2,81,682,5,0.8627240151151694,1,16520.295385896945,4.956088615769083,0
2,16759.61628622893,1,113,1594,5,0.8711662719482275,0,8379.808143114466,1.675961628622893,0
3,14918.092959793015,1,189,1412,3,0.5485708751738796,2,7459.046479896508,1.4918092959793015,0
3,4834.9632936269445,3,480,1408,5,0.5784137911774675,0,1208.7408234067361,0.48349632936269443,0
4,10221.159965035851,7,14,1254,4,0.8956761095727624,3,1277.6449956294814,1.022115996503585,1
4,6309.666789158759,0,881,1606,3,0.8525484303905161,1,6309.666789158759,0.6309666789158759,0
0,34472.93442934674,0,180,995,3,0.7665889655032996,0,34472.93442934674,3.4472934429346735,0
1,1296.4675452691363,0,36,1345,2,0.7264775950012365,0,1296.4675452691363,0.12964675452691363,0
4,2284.4778340258454,2,43,243,4,0.8842110166651418,0,761.4926113419484,0.22844778340258454,0
3,9428.773310850405,5,252,587,4,0.6070706922093597,0,1571.4622184750676,0.9428773310850406,0
2,2485.960189794754,4,11,1870,5,0.8446816051698525,0,497.19203795895083,0.24859601897947542,1
3,3130.574657919434,1,131,530,4,0.6848583256126305,1,1565.287328959717,0.3130574657919434,0
1,4874.055894090301,0,33,1171,5,0.8841919424158751,0,4874.055894090301,0.4874055894090301,0
3,1573.8169324021687,3,114,479,4,0.6791866904165117,1,393.4542331005422,0.15738169324021686,0
0,2517.5809639700765,3,278,1585,2,0.9415463295789992,0,629.3952409925191,0.25175809639700764,0
1,18847.084267540486,2,123,1804,4,0.597163083729293,0,6282.361422513495,1.8847084267540486,0
2,1687.7579348079591,0,36,1400,2,0.9612339759802924,0,1687.7579348079591,0.1687757934807959,0
0,1191.0057992919346,1,59,994,4,0.992288920800493,2,595.5028996459673,0.11910057992919347,0
1,3804.6147794740664,1,92,960,4,0.8590304551040565,0,1902.3073897370332,0.38046147794740665,0
2,19503.449044956953,2,15,1858,1,0.771542647533415,0,6501.149681652318,1.9503449044956953,0
0,6397.700004137013,4,176,1978,4,0.8471104503879104,0,1279.5400008274025,0.6397700004137012,0
0,4640.153405765906,1,188,1873,2,0.6651816942460387,0,2320.076702882953,0.46401534057659066,0
1,8546.102046812188,1,13,627,3,0.9145545692161083,1,4273.051023406094,0.8546102046812187,0
4,997.3991895693382,1,103,1900,2,0.9414915894775006,0,498.6995947846691,0.09973991895693382,0
0,14671.275074885218,2,107,1489,4,0.8793357179436053,0,4890.425024961739,1.4671275074885217,0
0,12837.45100510154,2,82,160,5,0.8397402483287374,0,4279.150335033847,1.2837451005101541,0
2,4958.357576367197,3,164,261,1,0.912267827393318,0,1239.5893940917992,0.4958357576367197,0
3,27095.13347451161,0,85,1756,5,0.7146237402935354,0,27095.13347451161,2.709513347451161,0
1,2094.3629003379347,0,108,900,1,0.6705926264354706,0,2094.3629003379347,0.20943629003379347,0
1,31366.34531677897,3,320,927,1,0.7164615831907807,0,7841.586329194743,3.136634531677897,0
4,9753.606555417082,0,36,1036,5,0.8354730427439574,0,9753.606555417082,0.9753606555417081,0
4,5410.716982359953,2,194,1045,4,0.6200815763417705,0,1803.5723274533177,0.5410716982359953,0
1,7912.124727772457,1,141,620,2,0.8008718247006014,1,3956.0623638862285,0.7912124727772457,0
4,7124.410615094891,1,73,1103,5,0.9384812175739299,0,3562.2053075474455,0.712441061509489,0
2,35043.29148459191,1,261,1340,3,0.7405834400012818,0,17521.645742295954,3.504329148459191,0
1,2226.0523454490826,1,161,1960,1,0.830309384210471,0,1113.0261727245413,0.22260523454490827,0
4,3245.3449095385577,0,130,715,2,0.8402741235058636,0,3245.3449095385577,0.3245344909538558,0
1,28101.08510709105,2,221,399,3,0.8491347591213361,0,9367.02836903035,2.810108510709105,0
3,3965.3844004441203,3,325,1587,2,0.6491372729663448,1,991.3461001110301,0.396538440044412,0
0,23876.254125782085,3,720,979,4,0.7049569468369992,0,5969.063531445521,2.3876254125782084,0
1,62275.48820553507,1,199,730,3,0.8336471992868962,0,31137.744102767534,6.227548820553507,0
0,5003.264946792941,2,415,1287,5,0.7236539733944704,1,1667.7549822643139,0.5003264946792941,0
4,18354.586942983115,2,1,300,2,0.7635590044722339,0,6118.1956476610385,1.8354586942983115,0
0,2029.549776357183,2,152,1616,5,0.7885443686957102,0,676.516592119061,0.2029549776357183,0
1,20043.89620445435,1,49,368,5,0.7799616249581872,0,10021.948102227176,2.0043896204454352,0
3,10293.920767092743,3,20,1256,2,0.9354555056076024,0,2573.4801917731857,1.0293920767092744,1
4,14294.726022308985,1,152,934,2,0.859882499133472,0,7147.363011154493,1.4294726022308986,0
1,3734.2919708425434,1,275,238,1,0.7958904747389524,0,1867.1459854212717,0.3734291970842543,0
4,1104.0051606405793,1,107,774,1,0.6247821732513318,0,552.0025803202897,0.11040051606405793,0
2,14822.513371648341,1,222,1200,3,0.5341798849418216,1,7411.256685824171,1.4822513371648343,0
0,681.2410559596183,3,135,1877,3,0.9402759394178095,0,170.31026398990457,0.06812410559596183,0
2,5536.841048776495,1,115,1369,3,0.8531740328200048,1,2768.4205243882475,0.5536841048776495,0
1,25069.77558819361,3,69,1096,1,0.7491208531783656,0,6267.4438970484025,2.506977558819361,0
3,10201.369786475854,4,97,1995,5,0.9364922494825643,0,2040.273957295171,1.0201369786475853,0
4,83952.89726876719,1,87,1603,4,0.8260701746518619,1,41976.448634383596,8.395289726876719,0
0,242951.80318464502,8,13,128,4,0.9853629381273025,4,26994.64479829389,10.0,1
4,3697.1662765828078,0,25,595,2,0.6173065594605729,1,3697.1662765828078,0.3697166276582808,0
1,32145.629738114956,11,13,1543,1,0.7376490384395271,4,2678.8024781762465,3.214562973811496,1
4,7655.312704370969,1,216,973,2,0.9356205402469581,0,3827.6563521854846,0.7655312704370969,0
0,1213.6503119841723,2,159,668,4,0.8899505213755937,0,404.5501039947241,0.12136503119841723,0
1,2621.550721813209,1,113,354,2,0.8085797237590399,0,1310.7753609066044,0.2621550721813209,0
4,4134.35624784403,2,34,1521,1,0.9033846709825126,0,1378.1187492813433,0.413435624784403,0
3,703.828977228695,1,106,248,1,0.845194322013354,0,351.9144886143475,0.0703828977228695,0
1,8578.309644154657,4,312,1264,1,0.8071247800991067,0,1715.6619288309314,0.8578309644154657,0
1,6009.601904096767,1,441,1305,4,0.7655669608177901,0,3004.8009520483834,0.6009601904096766,0
3,1088.4689104365136,1,243,1647,1,0.6790984607734504,0,544.2344552182568,0.10884689104365136,0
2,13161.556044234361,1,13,603,3,0.5656120906942685,0,6580.778022117181,1.3161556044234362,0
0,19130.65485396569,2,222,1097,3,0.9349196879762168,1,6376.884951321897,1.913065485396569,0
2,10640.698131839908,0,56,1748,1,0.9089132660423741,0,10640.698131839908,1.0640698131839907,0
4,5492.386775973444,1,76,1534,3,0.7573299812083939,0,2746.193387986722,0.5492386775973443,0
3,16477.16203635282,2,44,232,1,0.8227917223353461,1,5492.38734545094,1.647716203635282,0
2,18329.45178976071,1,300,1506,4,0.8818836320321126,0,9164.725894880356,1.8329451789760711,0
1,11718.033789591807,1,210,1918,3,0.9536255039872389,1,5859.016894795904,1.1718033789591806,0
4,3012.3184170319364,3,190,656,4,0.7869046646852117,0,753.0796042579841,0.3012318417031936,0
4,11292.803219944368,1,221,132,3,0.5583607265604088,0,5646.401609972184,1.1292803219944367,0
2,34015.676844395224,1,55,142,5,0.6650832689560564,0,17007.838422197612,3.4015676844395224,0
2,3960.181472810894,1,118,1351,5,0.6837231096416605,0,1980.090736405447,0.39601814728108936,0
3,100461.23462631593,4,201,666,4,0.6541327176984196,0,20092.246925263185,10.0,1
0,4312.369841562788,0,203,1158,3,0.7492431110683876,1,4312.369841562788,0.43123698415627876,0
2,8424.407412976832,2,314,622,5,0.760852477059347,0,2808.135804325611,0.8424407412976832,0
2,3615.6151453033717,4,68,1281,1,0.7143117934472191,0,723.1230290606743,0.3615615145303372,0
1,10592.74914492363,0,295,1743,2,0.7489648058640006,0,10592.74914492363,1.059274914492363,0
4,1001.579936642373,2,117,630,5,0.7242055656514389,0,333.859978880791,0.1001579936642373,0
0,40170.62384214519,10,9,1050,5,0.6962733371812517,6,3651.874894740472,4.017062384214519,1
1,2185.182350342332,0,122,1517,1,0.6684885277213686,0,2185.182350342332,0.2185182350342332,0
3,9531.963580700747,1,594,823,5,0.8035464261287656,1,4765.981790350374,0.9531963580700747,0
3,26724.522020098055,0,40,902,5,0.8419287282555732,0,26724.522020098055,2.6724522020098056,0
2,17592.138841939875,1,225,1819,5,0.7317834886521855,0,8796.069420969938,1.7592138841939875,0
2,470.6001367921774,1,172,1443,3,0.745815882551176,0,235.3000683960887,0.04706001367921774,0
3,93946.76617187649,0,38,700,5,0.8983325443724273,0,93946.76617187649,9.394676617187649,1
2,11548.789771192793,2,14,841,2,0.6040562722639087,0,3849.5965903975975,1.1548789771192793,0
0,3191.3555135729785,0,322,525,3,0.512817554339493,0,3191.3555135729785,0.3191355513572978,0
2,9784.48750407497,3,35,553,3,0.7289814218337809,1,2446.1218760187426,0.978448750407497,1
4,10010.880064771332,1,42,1920,4,0.9488908880997987,1,5005.440032385666,1.0010880064771333,0
2,19322.585999985047,7,9,280,5,0.6257918757507491,6,2415.323249998131,1.9322585999985047,1
1,10275.318133783128,1,253,927,2,0.9450937863714391,0,5137.659066891564,1.027531813378313,0
0,3908.9858848714853,0,58,1433,2,0.7244357454056044,0,3908.9858848714853,0.39089858848714854,0
1,4987.87680775787,0,179,1636,4,0.6412876891853657,1,4987.87680775787,0.498787680775787,0
1,3556.2611638660055,0,153,1824,2,0.6201665667602518,0,3556.2611638660055,0.3556261163866006,0
4,1452.1412239263764,2,373,1092,3,0.9210473482729418,0,484.04707464212544,0.14521412239263765,0
0,9652.804407198859,4,262,739,1,0.728965435846949,0,1930.5608814397717,0.9652804407198858,0
0,16356.151168331016,4,357,258,3,0.896305920888081,0,3271.2302336662033,1.6356151168331017,0
0,15030.854217419192,1,48,1972,1,0.9519864452935204,0,7515.427108709596,1.5030854217419192,0
0,21674.902495525253,1,205,180,2,0.6895971792014113,0,10837.451247762627,2.1674902495525252,0
0,11958.627363952086,2,9,792,5,0.933293187180136,1,3986.209121317362,1.1958627363952086,0
4,35495.103029079706,10,11,433,1,0.5691482531745848,4,3226.827548098155,3.5495103029079704,1
2,22194.43004081231,3,251,1165,3,0.7984898450354626,0,5548.607510203077,2.219443004081231,0
1,1589.1887616134209,3,5,1616,3,0.6800634624953618,0,397.2971904033552,0.1589188761613421,1
0,2749.5549494087386,2,174,411,3,0.9311504834847336,0,916.5183164695795,0.27495549494087385,0
2,2547.7347608911873,1,368,810,3,0.9654793428102024,0,1273.8673804455937,0.2547734760891187,0
2,29615.91814604685,3,96,1197,4,0.6046395252190173,0,7403.9795365117125,2.961591814604685,0
1,25118.15616888796,2,10,1954,2,0.5782207509023227,0,8372.718722962652,2.511815616888796,0
4,14541.563619217795,0,251,992,5,0.7516567419806001,2,14541.563619217795,1.4541563619217794,0
3,239849.5963321627,9,9,697,4,0.5775482896243221,6,23984.95963321627,10.0,1
3,2821.0393535167977,2,253,1346,2,0.7633907055444132,0,940.3464511722659,0.28210393535167977,0
2,12311.808775372678,3,173,404,1,0.8348748588207819,2,3077.9521938431694,1.2311808775372677,0
1,6972.929285207497,1,53,149,4,0.7291298301588638,0,3486.4646426037484,0.6972929285207496,0
3,22387.51070778552,1,4,780,4,0.7271179665991916,1,11193.75535389276,2.238751070778552,0
2,7056.686746274842,1,238,1689,4,0.8677552632590262,0,3528.343373137421,0.7056686746274843,0
4,5105.4737828771085,0,53,350,4,0.9335087793304453,1,5105.4737828771085,0.5105473782877109,0
3,15507.673148809015,0,391,658,1,0.7617680242608958,0,15507.673148809015,1.5507673148809016,0
2,23188.29722962758,3,126,1901,3,0.6948548360589084,0,5797.074307406895,2.318829722962758,0
2,3633.6239630625455,0,152,931,4,0.7373510737332947,0,3633.6239630625455,0.36336239630625455,0
0,7530.44333113168,1,281,252,2,0.724950827945618,0,3765.22166556584,0.753044333113168,0
4,2275.309212269069,4,303,1094,3,0.9588618508331704,0,455.0618424538138,0.2275309212269069,0
0,1575.1705611782513,6,10,1271,1,0.9571237214442383,4,225.02436588260733,0.15751705611782513,1
1,10306.721742169479,1,558,161,5,0.9111770040631408,1,5153.360871084739,1.0306721742169478,0
0,16826.09825394377,3,807,1222,1,0.9121854760787489,1,4206.524563485942,1.6826098253943769,0
0,11097.55586712941,2,588,430,5,0.6560331690305415,0,3699.1852890431364,1.109755586712941,0
3,780.9615670414848,1,348,804,2,0.7948878115009084,1,390.4807835207424,0.07809615670414849,0
2,5318.6813438190675,0,245,1003,5,0.9293388793350135,0,5318.6813438190675,0.5318681343819067,0
4,565.6540588735986,0,218,1256,4,0.8842106559548389,0,565.6540588735986,0.05656540588735986,0
0,41925.15690433827,3,22,845,3,0.6701619929051907,0,10481.289226084567,4.192515690433827,1
4,2201.1483962723455,3,64,386,3,0.9287973714959596,0,550.2870990680864,0.22011483962723455,0
0,36551.74955052974,1,2,1411,4,0.8561119903944217,1,18275.87477526487,3.655174955052974,0
1,25211.19882044848,3,30,1887,3,0.9511259760852134,0,6302.79970511212,2.521119882044848,1
0,2749.8223180547066,1,116,1373,1,0.9509811487393103,2,1374.9111590273533,0.27498223180547066,0
3,2081.1128600293246,1,32,1674,4,0.782324833532017,0,1040.5564300146623,0.20811128600293247,0
2,80515.11656841132,13,2,271,4,0.8107333884787993,4,5751.079754886523,8.051511656841132,1
1,25057.842390885424,6,17,1061,3,0.9583319393621812,5,3579.6917701264892,2.5057842390885425,1
0,9163.482496191491,2,15,809,5,0.9319424137470136,0,3054.4941653971637,0.9163482496191491,0
4,4539.65769688821,1,58,1482,2,0.9327112279719324,0,2269.828848444105,0.453965769688821,0
1,955.8585125189541,1,342,738,5,0.5676190595421614,0,477.92925625947703,0.0955858512518954,0
1,557.4865497591323,2,325,167,1,0.8909661016133833,0,185.8288499197108,0.055748654975913234,0
0,10636.227036677456,2,582,223,4,0.7903025389204901,1,3545.4090122258185,1.0636227036677455,0
1,4130.404836031323,1,1203,1292,4,0.8669413378112942,0,2065.2024180156614,0.4130404836031323,0
4,4172.589977457164,2,749,1449,1,0.6672435019846843,0,1390.8633258190548,0.41725899774571645,0
1,18676.78535765869,1,106,1803,2,0.6273433416776834,0,9338.392678829345,1.867678535765869,0
4,33127.88758805914,1,58,368,4,0.6345563582312104,0,16563.94379402957,3.3127887588059135,0
0,39657.26285109601,10,9,1662,5,0.8875776643246904,4,3605.205713736001,3.9657262851096013,1
2,5384.509783318173,2,72,1161,1,0.9070787248411054,1,1794.8365944393909,0.5384509783318172,0
1,14767.316006296172,1,329,1981,4,0.9382685025618869,0,7383.658003148086,1.4767316006296172,0
2,1590.298981729072,1,153,1151,5,0.7043444868764659,0,795.149490864536,0.1590298981729072,0
4,10591.252099022448,1,316,490,1,0.35120500793761333,0,5295.626049511224,1.0591252099022448,0
1,15713.30628072528,2,65,1274,1,0.8270048873450055,1,5237.76876024176,1.571330628072528,0
3,18329.66839987096,1,142,1649,1,0.7960024008156591,0,9164.83419993548,1.832966839987096,0
2,793.0583156863266,2,167,464,2,0.84362765905388,0,264.35277189544223,0.07930583156863266,0
1,30598.801586443005,4,16,1077,1,0.8300683604182305,3,6119.760317288601,3.0598801586443005,1
2,2824.492825345618,3,63,999,3,0.9563745331830003,0,706.1232063364045,0.2824492825345618,0
1,9134.96233171286,1,552,132,3,0.8387541482394573,0,4567.48116585643,0.913496233171286,0
0,134153.98781469994,11,2,1778,1,0.7598814833769525,5,11179.498984558328,10.0,1
2,48827.672421150724,0,263,1038,4,0.8588303899678665,0,48827.672421150724,4.882767242115072,0
3,4474.014681491942,0,310,542,3,0.762286255253893,0,4474.014681491942,0.4474014681491942,0
3,4460.03994846507,2,186,55,5,0.7694317667260075,1,1486.67998282169,0.446003994846507,0
4,32196.287268187898,1,56,754,5,0.9556807500315432,0,16098.143634093949,3.2196287268187898,0
1,11566.778273619293,0,43,1802,4,0.5087613548952539,0,11566.778273619293,1.1566778273619294,0
2,37092.935527877904,1,403,396,5,0.855345188099044,0,18546.467763938952,3.7092935527877904,0
4,11458.345448362083,3,259,583,4,0.9308524008197461,0,2864.5863620905207,1.1458345448362082,0
2,2021.2270521771563,2,48,706,5,0.7481896310836789,1,673.7423507257188,0.20212270521771564,0
1,1636.386889561635,0,191,1004,1,0.8597708073394325,0,1636.386889561635,0.16363868895616349,0
3,1259.1413521943878,1,119,1870,5,0.6902240452484053,0,629.5706760971939,0.12591413521943878,0
0,17934.153698592683,0,35,500,1,0.8967935552939014,1,17934.153698592683,1.7934153698592683,0
3,33735.84455424922,2,152,1218,5,0.6864032209879302,1,11245.281518083073,3.373584455424922,0
4,74550.68955123506,0,67,1075,5,0.626578231157569,1,74550.68955123506,7.455068955123506,0
0,22286.27726588203,2,21,1361,5,0.9032285578817933,0,7428.759088627343,2.228627726588203,0
4,32709.02435733805,2,126,967,1,0.8319755396211137,0,10903.008119112683,3.270902435733805,0
1,4039.920937409584,1,179,1944,5,0.8359244075324821,0,2019.960468704792,0.4039920937409584,0
0,2022.9275429798786,2,10,1298,5,0.8389241432735226,0,674.3091809932929,0.20229275429798785,0
4,22473.569277179642,1,103,1003,2,0.8979603611972068,0,11236.784638589821,2.247356927717964,0
1,13375.994213046037,0,60,1510,1,0.6706310991517894,0,13375.994213046037,1.3375994213046036,0
3,9218.183218130805,1,7,263,3,0.8359593034703748,2,4609.091609065403,0.9218183218130805,0
1,12898.23522541207,3,27,949,4,0.9491543932246179,0,3224.5588063530176,1.2898235225412071,1
2,37509.31393832811,6,18,1239,2,0.7582816012531269,4,5358.473419761159,3.750931393832811,1
1,37819.504168369516,2,41,422,5,0.852958005784927,0,12606.501389456505,3.7819504168369518,0
1,38329.790849312885,0,326,702,3,0.980161701804281,0,38329.790849312885,3.8329790849312886,0
2,15569.426380321116,0,116,1902,3,0.8892941747773888,0,15569.426380321116,1.5569426380321116,0
4,22358.53591080781,4,32,556,5,0.8933752045096495,1,4471.707182161562,2.235853591080781,1
4,15016.052325496257,2,22,1032,5,0.8124943867457488,1,5005.350775165419,1.5016052325496256,0
1,4659.187340952838,2,71,625,2,0.7256757114393702,0,1553.0624469842794,0.4659187340952838,0
2,20087.99415556494,3,320,382,1,0.6748002075585606,0,5021.998538891235,2.008799415556494,0
2,1520.213276324777,2,91,261,2,0.8740423536747173,0,506.7377587749257,0.15202132763247772,0
3,28700.50113528602,1,35,338,1,0.8700948383864266,2,14350.25056764301,2.870050113528602,0
4,1932.5052019475675,3,104,659,3,0.7048026352085779,0,483.12630048689186,0.19325052019475675,0
0,11418.201045683303,1,163,215,4,0.8539712293146291,0,5709.100522841652,1.1418201045683303,0
4,2938.9723249477256,0,7,175,5,0.8774785444083697,0,2938.9723249477256,0.29389723249477256,0
4,15741.672585341006,1,198,1230,2,0.6966067809449497,0,7870.836292670503,1.5741672585341007,0
3,7779.829710999148,2,101,1835,3,0.7130584043246001,1,2593.276570333049,0.7779829710999148,0
0,1195.4677976155863,2,2,1646,2,0.8265303217913241,0,398.4892658718621,0.11954677976155863,0
3,13424.538695996336,2,225,1105,1,0.8862091967544411,1,4474.846231998778,1.3424538695996335,0
0,4050.0927772483137,0,250,1980,5,0.8835077717113684,0,4050.0927772483137,0.40500927772483136,0
1,23327.216896095557,0,199,323,1,0.7099167269545011,1,23327.216896095557,2.3327216896095555,0
0,8115.984786861055,2,84,1374,1,0.7270155239882996,0,2705.3282622870183,0.8115984786861055,0
3,13023.428183717675,2,151,1094,1,0.8246510625024825,0,4341.142727905892,1.3023428183717676,0
4,25123.867575127573,12,10,1597,3,0.9116985557047507,5,1932.6051980867364,2.512386757512757,1
0,3995.0098440388533,2,242,1829,5,0.6972819630665741,0,1331.6699480129512,0.3995009844038853,0
0,4673.3602740477645,2,176,664,4,0.7912951679809098,0,1557.7867580159216,0.4673360274047765,0
2,22652.89588296312,2,18,325,2,0.6227132270254689,0,7550.965294321039,2.2652895882963118,0
4,60648.640909037764,1,207,1080,1,0.9205420350193098,1,30324.320454518882,6.064864090903776,0
1,24743.79619710248,5,18,1932,5,0.7209900460808787,3,4123.966032850413,2.4743796197102483,1
3,29502.13089916635,2,93,1065,2,0.9067344585958015,0,9834.04363305545,2.950213089916635,0
1,599.6745544021,0,418,1528,5,0.931470850073184,1,599.6745544021,0.059967455440209996,0
4,1933.2788350256483,4,371,1203,2,0.8209660231684122,0,386.65576700512963,0.19332788350256483,0
0,2564.3642024125807,0,39,1372,5,0.8750366399049312,0,2564.3642024125807,0.25643642024125807,0
0,1598.7695364895728,1,470,146,4,0.6214969971397292,1,799.3847682447864,0.1598769536489573,0
4,1211.5961872241671,3,117,326,5,0.9521099488198012,0,302.8990468060418,0.1211596187224167,0
0,13301.055800632674,1,258,1358,5,0.9515920593273348,0,6650.527900316337,1.3301055800632673,0
0,6267.411833780521,0,337,849,1,0.8364858737776301,0,6267.411833780521,0.6267411833780521,0
0,12775.524578512805,0,141,1246,1,0.9512833807034237,0,12775.524578512805,1.2775524578512805,0
3,18556.348066955336,2,102,381,1,0.7576403900218797,0,6185.449355651778,1.8556348066955335,0
3,11144.934757216872,0,495,254,5,0.5517793613470866,0,11144.934757216872,1.114493475721687,0
2,17842.09463255467,2,53,152,4,0.8081691814250822,0,5947.364877518223,1.7842094632554668,0
1,64041.03027800592,9,13,1053,2,0.5638748014991346,6,6404.103027800592,6.404103027800592,1
4,1950.0454013553885,4,90,1698,1,0.7662737492130122,0,390.0090802710777,0.19500454013553886,0
4,28835.917282913237,0,393,1004,3,0.8156514847791653,0,28835.917282913237,2.8835917282913237,0
4,3996.0651389041486,1,559,409,5,0.7540641057738787,0,1998.0325694520743,0.39960651389041485,0
2,2636.7027085419204,3,50,1204,4,0.6650642717487726,0,659.1756771354801,0.26367027085419203,1
3,33273.76418414718,6,10,88,4,0.9961519674396476,2,4753.394883449597,3.3273764184147177,1
2,23644.249108361182,6,6,356,1,0.5552017066370364,4,3377.749872623026,2.364424910836118,1
4,4910.266722490629,2,706,933,1,0.8371467356260719,1,1636.755574163543,0.4910266722490629,0
1,12244.898813736805,2,182,569,3,0.6456669425920174,1,4081.6329379122685,1.2244898813736804,0
0,12308.065856018475,1,2,927,3,0.6599881486586975,0,6154.032928009237,1.2308065856018475,0
3,2758.9457753453985,0,7,95,1,0.8629258640122192,3,2758.9457753453985,0.27589457753453983,0
3,4513.1631597888345,1,32,243,2,0.9410784939819258,0,2256.5815798944172,0.45131631597888344,0
2,29413.222753085585,1,42,1591,1,0.9303868833137241,1,14706.611376542793,2.9413222753085586,0
3,14701.137361151756,1,292,1953,1,0.8541337012115457,1,7350.568680575878,1.4701137361151755,0
4,97741.16080565276,1,51,1643,4,0.8908655942332182,1,48870.58040282638,9.774116080565276,1
4,33394.74423969797,1,696,1242,1,0.8238555773426218,0,16697.372119848984,3.3394744239697967,0
2,31989.137859631996,1,203,1195,1,0.8945613879887263,1,15994.568929815998,3.1989137859631995,0
4,1532.3499321404631,3,236,298,1,0.8730981778170422,0,383.0874830351158,0.15323499321404632,0
1,20264.632860247628,2,50,1062,2,0.955152184583705,1,6754.877620082542,2.0264632860247627,0
2,7602.799684385156,6,447,256,4,0.6954522592973612,0,1086.114240626451,0.7602799684385156,0
1,4183.158389415318,4,221,164,5,0.831774423916337,0,836.6316778830636,0.4183158389415318,0
0,82422.67222640984,6,9,288,5,0.8515694418744936,3,11774.66746091569,8.242267222640983,1
1,25191.296617763262,1,627,615,5,0.9779600099039333,0,12595.648308881631,2.519129661776326,0
0,14779.5228310111,1,27,1149,5,0.8941947421895339,1,7389.76141550555,1.47795228310111,0
0,2823.7792841542537,2,21,1242,4,0.7251354117866561,1,941.2597613847512,0.28237792841542536,0
1,19750.82805550045,1,326,1121,1,0.9470640941266932,0,9875.414027750225,1.975082805550045,0
2,3770.243810265194,7,403,785,5,0.6821958298955695,0,471.28047628314926,0.3770243810265194,0
4,10509.340821765805,0,176,1143,1,0.8096964313756335,0,10509.340821765805,1.0509340821765805,0
4,5630.648601499598,3,92,557,5,0.9073259094551483,1,1407.6621503748995,0.5630648601499598,0
0,6231.426123829487,1,212,204,2,0.5821406235992549,0,3115.7130619147433,0.6231426123829487,0
0,20322.655354479477,1,73,1632,1,0.7633720476621219,1,10161.327677239738,2.0322655354479475,0
2,2325.6795065910196,1,55,510,4,0.9739014663823419,1,1162.8397532955098,0.23256795065910196,0
3,83636.39817028257,1,134,1446,2,0.924065942573208,0,41818.199085141285,8.363639817028258,0
1,911.1401404213295,1,49,840,2,0.9342413068657347,0,455.57007021066477,0.09111401404213296,0
0,3955.24877689845,1,133,1275,4,0.7642337470045284,0,1977.624388449225,0.395524877689845,0
4,12635.356919883121,1,628,703,2,0.9280005919849937,0,6317.6784599415605,1.263535691988312,0
2,16336.824324214853,0,367,366,1,0.6856875289182726,0,16336.824324214853,1.6336824324214854,0
1,7182.689221580067,2,569,500,3,0.8613533992014362,0,2394.229740526689,0.7182689221580068,0
2,7563.816398380494,1,329,1711,3,0.7753261290444948,0,3781.908199190247,0.7563816398380494,0
1,13262.026795424976,1,88,1917,5,0.5981778101134648,0,6631.013397712488,1.3262026795424975,0
1,6140.838817577327,0,335,1738,5,0.8460425177850431,1,6140.838817577327,0.6140838817577327,0
0,43123.247228113025,1,513,626,1,0.901671784871164,2,21561.623614056512,4.312324722811303,0
2,22186.048782171576,0,588,1169,4,0.8405394836860033,0,22186.048782171576,2.2186048782171577,0
2,23095.41105636784,3,230,1993,1,0.9144142425744264,0,5773.85276409196,2.309541105636784,0
4,2541.759742038652,4,48,1766,5,0.7886250836163784,1,508.3519484077304,0.2541759742038652,1
4,7366.7645841330295,1,9,545,2,0.8000900179216225,0,3683.3822920665148,0.736676458413303,0
0,5650.169713828743,0,32,411,1,0.942077423440092,0,5650.169713828743,0.5650169713828743,0
0,2424.252113917795,1,674,506,1,0.8975112785513132,0,1212.1260569588976,0.24242521139177953,0
3,12483.92406435656,2,125,1251,4,0.9259212304585372,2,4161.308021452187,1.2483924064356562,0
4,4250.641070514189,0,387,178,5,0.9042998902688625,0,4250.641070514189,0.4250641070514189,0
1,17791.65125833328,0,126,1563,1,0.9403332801448813,0,17791.65125833328,1.779165125833328,0
2,2243.449968512875,2,217,1112,2,0.6410918487886113,1,747.8166561709583,0.22434499685128748,0
0,63757.92285711741,2,5,1531,2,0.9455790481673854,1,21252.64095237247,6.375792285711741,0
2,20899.845361668114,8,11,861,3,0.8003333564742734,4,2322.205040185346,2.0899845361668112,1
2,10542.424294788141,1,115,922,5,0.8184437386375353,0,5271.212147394071,1.0542424294788142,0
3,20957.066518582105,2,200,399,2,0.9809220091211942,0,6985.688839527368,2.0957066518582104,0
4,13362.504099457643,6,12,694,4,0.9483093437801938,4,1908.9291570653775,1.3362504099457644,1
0,22538.09735551837,2,290,1964,5,0.7013657116976216,2,7512.699118506123,2.253809735551837,0
2,8644.286245058143,8,4,501,2,0.7500846413165672,2,960.4762494509048,0.8644286245058144,1
0,458494.72928404604,6,9,1453,1,0.7811983176231017,2,65499.247040578004,10.0,1
1,54184.59615486155,5,7,158,5,0.7972912400042229,4,9030.766025810259,5.418459615486155,1
3,3961.2159311473624,3,228,1657,2,0.6093662746277096,1,990.3039827868406,0.39612159311473627,0
1,5658.883402851425,1,70,1281,1,0.8359849679412059,0,2829.4417014257124,0.5658883402851425,0
0,21390.520236683402,2,318,626,3,0.6446111250231014,1,7130.1734122278,2.13905202366834,0
0,4018.458497655465,0,103,290,5,0.8991276869711076,0,4018.458497655465,0.4018458497655465,0
4,3297.0083401707716,0,219,640,5,0.7147558983282031,0,3297.0083401707716,0.32970083401707717,0
2,6211.490007231212,3,545,1161,2,0.8042329645131123,1,1552.872501807803,0.6211490007231212,0
2,1973.6609841181985,3,5,1472,3,0.7709743716023677,1,493.4152460295496,0.19736609841181985,1
1,72016.65491629932,0,3,1763,4,0.7451217695209706,1,72016.65491629932,7.201665491629932,0
3,4106.500523012434,1,295,1335,2,0.8967422944426026,0,2053.250261506217,0.4106500523012434,0
2,21981.14113140692,1,208,627,2,0.8282943728058763,1,10990.57056570346,2.198114113140692,0
4,10418.768273234755,3,70,374,4,0.9075873512497697,0,2604.6920683086887,1.0418768273234755,0
1,2486.320384877673,1,137,420,4,0.9341786158551135,0,1243.1601924388365,0.2486320384877673,0
1,41558.413070807175,6,15,154,4,0.7799943120135754,5,5936.916152972453,4.155841307080718,1
4,20760.415160411354,1,43,147,4,0.8771747620232143,0,10380.207580205677,2.076041516041135,0
3,6464.535226461175,3,111,1560,4,0.7656996818524199,0,1616.1338066152937,0.6464535226461174,0
4,33919.16710854001,4,360,145,1,0.9805068330811368,0,6783.833421708002,3.3919167108540007,0
3,27606.82962672769,0,131,1998,1,0.8666788038882721,0,27606.82962672769,2.760682962672769,0
4,24408.771285300634,1,177,1545,4,0.538050101332198,0,12204.385642650317,2.4408771285300634,0
4,4667.654020036487,1,414,95,3,0.5455881271421983,1,2333.8270100182435,0.4667654020036487,0
0,2217.6183034066567,0,74,939,3,0.7971655226226869,0,2217.6183034066567,0.22176183034066566,0
1,3880.4052520377186,0,242,80,4,0.6730198553291661,0,3880.4052520377186,0.38804052520377186,0
4,10254.676544901895,2,396,457,1,0.6731674901334587,0,3418.2255149672983,1.0254676544901895,0
4,15598.718715439858,1,46,1448,3,0.8668776763268173,1,7799.359357719929,1.5598718715439859,0
2,598.3131710562436,2,89,1455,1,0.48190075107955277,0,199.43772368541454,0.05983131710562436,0
1,8024.576371974903,2,781,1984,2,0.8882962366221433,0,2674.858790658301,0.8024576371974903,0
2,9795.781084531358,1,818,765,1,0.8232622829941927,0,4897.890542265679,0.9795781084531358,0
1,5807.7405967972745,1,51,1733,4,0.5076737824706613,0,2903.8702983986373,0.5807740596797275,0
2,38159.44596878261,0,14,693,5,0.6679115270170138,0,38159.44596878261,3.815944596878261,0
4,13441.955326543408,1,64,747,4,0.8982535660746243,0,6720.977663271704,1.3441955326543409,0
4,39035.637491360176,0,102,1022,2,0.8061877002827579,0,39035.637491360176,3.903563749136018,0
0,6253.192270277629,2,117,750,1,0.6973324398845743,0,2084.3974234258762,0.6253192270277629,0
2,24958.58152668999,6,193,1562,3,0.8120858303793257,0,3565.5116466699988,2.4958581526689994,0
3,57646.20374196743,2,460,1712,4,0.7571659780286368,0,19215.401247322476,5.764620374196743,0
0,39106.03723835326,1,81,925,3,0.9631697659107993,0,19553.01861917663,3.910603723835326,0
2,18594.600847288457,6,13,955,1,0.930648929619503,2,2656.3715496126365,1.8594600847288456,1
2,5976.489933377794,5,20,858,2,0.6883555006404359,0,996.0816555629657,0.5976489933377794,1
0,5355.087665164864,0,9,1382,4,0.5942330613423994,0,5355.087665164864,0.5355087665164864,0
4,14575.61844309296,4,141,648,3,0.7972203982519589,1,2915.123688618592,1.4575618443092961,0
2,18464.851149263744,1,13,1016,4,0.9409540806051424,0,9232.425574631872,1.8464851149263743,0
4,2961.1375803391184,0,100,682,4,0.7111808310381791,2,2961.1375803391184,0.2961137580339118,0
0,8790.318432493223,0,455,1917,3,0.7341359841956273,0,8790.318432493223,0.8790318432493223,0
4,717.7255125185574,0,56,1889,2,0.9130186940962752,0,717.7255125185574,0.07177255125185573,0
1,45721.960929577894,1,245,1984,4,0.9491590880036731,2,22860.980464788947,4.572196092957789,0
3,4381.519719826645,2,73,184,2,0.8534360947189292,0,1460.5065732755484,0.43815197198266453,0
2,8664.909240351202,0,10,377,2,0.8001523207903187,0,8664.909240351202,0.8664909240351202,0
3,5588.2437697327305,1,163,248,1,0.8499791464386348,0,2794.1218848663652,0.558824376973273,0
4,32055.789639605173,0,361,732,3,0.8946419801852348,0,32055.789639605173,3.2055789639605172,0
2,269.0755702170207,0,106,1333,1,0.9129068104094393,1,269.0755702170207,0.02690755702170207,0
4,7943.168969866604,1,193,173,5,0.921929014140846,0,3971.584484933302,0.7943168969866604,0
1,7136.783695308105,2,461,803,1,0.9569998518209182,0,2378.927898436035,0.7136783695308105,0
0,4701.497410286864,2,312,1656,4,0.7468300792979855,0,1567.1658034289546,0.47014974102868634,0
2,64310.09232567918,1,44,431,4,0.8354095003214344,1,32155.04616283959,6.431009232567918,0
1,2793.930456965415,0,265,1580,4,0.9578753229467024,0,2793.930456965415,0.2793930456965415,0
1,20458.534567687755,4,140,620,5,0.8664315826195068,0,4091.706913537551,2.0458534567687754,0
2,12425.465890104038,4,275,1182,2,0.8055287253738382,0,2485.0931780208075,1.242546589010404,0
4,36820.98120184294,1,137,1114,4,0.8968661528525319,0,18410.49060092147,3.6820981201842935,0
1,3638.668504582679,1,28,1518,1,0.8028570830458468,0,1819.3342522913395,0.3638668504582679,0
3,3362.490911650225,1,169,847,2,0.8316373968157621,1,1681.2454558251125,0.3362490911650225,0
1,30190.539387569905,1,136,940,1,0.9808933273720112,0,15095.269693784952,3.0190539387569904,0
4,133478.0430032271,10,9,1219,1,0.9553285602895792,2,12134.367545747918,10.0,1
4,1269.115124172813,0,423,1871,4,0.8875632618740821,0,1269.115124172813,0.1269115124172813,0
3,4242.186005255399,1,451,1976,1,0.8918832585558145,0,2121.0930026276997,0.42421860052553995,0
1,12882.939357622006,1,121,1637,5,0.9214039235752761,0,6441.469678811003,1.2882939357622005,0
4,22143.893873772697,0,122,225,2,0.7616592370202911,1,22143.893873772697,2.2143893873772695,0
2,3586.4682259096944,0,145,1352,4,0.8170276313109627,0,3586.4682259096944,0.3586468225909694,0
0,245.40080489929767,3,147,429,4,0.7829578191344301,1,61.35020122482442,0.024540080489929766,0
0,15182.030793799131,2,601,214,1,0.9890660867172052,0,5060.676931266377,1.518203079379913,0
0,1873.5965885967723,1,210,1912,1,0.9228101812341106,0,936.7982942983862,0.18735965885967723,0
1,719.9584069763854,0,65,1559,3,0.9252590890733103,1,719.9584069763854,0.07199584069763854,0
3,270.75352089323775,0,152,813,3,0.9218880451042493,0,270.75352089323775,0.027075352089323775,0
4,21520.839682914193,0,198,664,4,0.9636041327632346,1,21520.839682914193,2.1520839682914192,0
2,9455.396734387932,1,205,1638,4,0.7205460117868732,0,4727.698367193966,0.9455396734387932,0
2,6180.857798372904,0,177,1840,1,0.8395421932259026,0,6180.857798372904,0.6180857798372904,0
1,42908.672280859224,1,40,1434,5,0.6627490296734863,0,21454.336140429612,4.290867228085922,0
0,17409.818708271425,0,7,222,5,0.706544902419752,0,17409.818708271425,1.7409818708271425,0
1,56362.54106217938,1,83,812,1,0.9337826503879375,0,28181.27053108969,5.636254106217938,0
3,1523.4266223497787,2,112,1250,3,0.588439687390789,0,507.8088741165929,0.15234266223497786,0
3,7773.993313142946,1,13,1122,3,0.8759316577278387,1,3886.996656571473,0.7773993313142946,0
4,8738.524442846185,7,18,1184,5,0.7650912525372745,3,1092.315555355773,0.8738524442846185,1
4,6153.28399847166,4,85,1283,4,0.8855647035057599,0,1230.656799694332,0.615328399847166,0
3,6012.891192384705,3,490,1833,1,0.6431853146430471,0,1503.2227980961763,0.6012891192384705,0
3,17187.47783341171,1,34,1760,4,0.8789838792117308,0,8593.738916705855,1.718747783341171,0
3,8558.46950812629,1,12,668,3,0.8769515462346439,2,4279.234754063145,0.8558469508126291,0
1,17121.470949219936,2,132,714,5,0.8479372628928705,0,5707.156983073312,1.7121470949219937,0
3,18847.36056069498,2,42,908,4,0.7983040580705689,0,6282.453520231659,1.884736056069498,0
2,107571.86478876858,1,555,1228,3,0.7217292119846205,0,53785.93239438429,10.0,0
0,5550.504001267801,0,3,1725,3,0.8767489371667573,0,5550.504001267801,0.5550504001267801,0
3,2619.58911782815,2,107,1736,3,0.7919033533010864,0,873.1963726093833,0.261958911782815,0
0,10886.734823110812,0,523,1346,4,0.9366003778374097,0,10886.734823110812,1.088673482311081,0
1,3094.135941897135,2,98,605,2,0.7317054057450947,0,1031.378647299045,0.30941359418971354,0
0,47971.04708273004,0,20,1656,5,0.699417753307496,0,47971.04708273004,4.797104708273004,0
1,5768.332674961102,2,73,686,3,0.7803360717555048,0,1922.7775583203675,0.5768332674961102,0
2,4110.534544618723,3,138,1737,4,0.4098008540691046,0,1027.6336361546807,0.4110534544618723,0
1,4602.804794598202,5,41,1528,1,0.9757206362385622,1,767.1341324330336,0.46028047945982015,1
1,19189.161783068586,1,126,1934,5,0.8147257358382868,0,9594.580891534293,1.9189161783068587,0
4,6705.635827790687,2,362,1389,1,0.8308549775817375,0,2235.2119425968954,0.6705635827790687,0
3,3751.8330611657225,1,413,1894,1,0.8420248765039667,0,1875.9165305828612,0.37518330611657225,0
3,59779.75282876119,0,11,1805,4,0.9516663751540209,0,59779.75282876119,5.97797528287612,0
2,2900.377532743044,2,36,264,2,0.9222482510905764,0,966.792510914348,0.2900377532743044,0
2,8456.403879108984,1,65,1403,4,0.705852114142267,1,4228.201939554492,0.8456403879108985,0
3,17725.6386526842,1,181,193,4,0.96207304756285,1,8862.8193263421,1.77256386526842,0
4,1144.1277868568554,0,90,668,5,0.9727866262706869,0,1144.1277868568554,0.11441277868568554,0
3,14419.151996966031,1,372,1057,4,0.7472537054961942,0,7209.575998483016,1.441915199696603,0
4,2284.427647421565,2,253,403,5,0.9593730968416007,0,761.475882473855,0.2284427647421565,0
2,21749.354045118725,2,22,330,3,0.7149248846909028,0,7249.784681706242,2.1749354045118725,0
0,2552.4750766397656,1,196,1395,5,0.8841148901068242,0,1276.2375383198828,0.2552475076639766,0
2,18607.552733442546,1,24,1379,4,0.7074997531499121,0,9303.776366721273,1.8607552733442545,0
2,30546.32551283942,0,59,886,3,0.9678547845130075,0,30546.32551283942,3.054632551283942,0
1,22781.94990926046,1,40,1919,3,0.7147492995305571,0,11390.97495463023,2.278194990926046,0
1,10955.314696274127,2,39,1552,2,0.7343423669565144,1,3651.771565424709,1.0955314696274128,0
1,6139.133383851102,1,192,439,4,0.8047716784038845,0,3069.566691925551,0.6139133383851102,0
1,4057.395354405272,2,166,1137,1,0.6697396503170219,0,1352.4651181350907,0.4057395354405272,0
4,47346.18991614438,2,39,1869,4,0.7696332984758019,1,15782.06330538146,4.734618991614438,0
3,3500.3062225198837,2,925,314,1,0.7348720950385851,0,1166.7687408399613,0.3500306222519884,0
0,2334.4245905765238,1,110,55,2,0.9212239314975113,0,1167.2122952882619,0.23344245905765237,0
2,18005.683229908187,0,21,962,4,0.6485912533389313,0,18005.683229908187,1.8005683229908187,0
4,3117.029787468772,3,26,217,2,0.9345237740121122,1,779.257446867193,0.3117029787468772,1
0,2591.322916962829,5,176,404,1,0.8538446716307923,0,431.88715282713815,0.2591322916962829,0
4,1433.2141887007645,0,774,222,5,0.9569927363420293,0,1433.2141887007645,0.14332141887007643,0
4,4539.209662118685,0,170,899,4,0.8892390250428404,0,4539.209662118685,0.45392096621186845,0
2,64842.874323424076,7,15,168,3,0.7762524100259063,3,8105.359290428009,6.484287432342407,1
3,10847.718639210196,2,118,1299,3,0.8060018948162906,0,3615.9062130700654,1.0847718639210195,0
1,25376.212365649284,1,115,223,2,0.6620495252111943,0,12688.106182824642,2.537621236564928,0
3,15249.126602053335,2,139,1008,5,0.7721565167162917,0,5083.042200684445,1.5249126602053336,0
2,6444.313135998102,4,240,178,3,0.8308390414810265,0,1288.8626271996204,0.6444313135998102,0
2,6387.927681921621,1,92,236,3,0.7547387494896309,0,3193.9638409608106,0.6387927681921621,0
2,14945.850215047089,1,399,1136,4,0.9736068654754291,0,7472.925107523544,1.494585021504709,0
0,37312.51960322126,2,6,942,3,0.5493091495102606,0,12437.506534407088,3.731251960322126,0
3,55190.81436386522,7,9,1347,1,0.6346969607764056,3,6898.851795483152,5.5190814363865215,1
3,4614.888447616947,2,144,647,2,0.8518921426759176,0,1538.296149205649,0.4614888447616947,0
4,2461.5851681403897,1,187,259,3,0.887593708321447,0,1230.7925840701948,0.24615851681403897,0
4,11467.07558731139,7,13,1058,4,0.7006960432766745,4,1433.3844484139238,1.146707558731139,1
4,72613.05091482979,7,3,1266,1,0.9508381888514689,5,9076.631364353723,7.261305091482979,1
2,16213.090141570086,0,133,799,3,0.7987450509376856,1,16213.090141570086,1.6213090141570086,0
3,16201.129323663314,3,233,581,2,0.8062212904607893,1,4050.2823309158284,1.6201129323663315,0
2,6943.829235511062,5,298,1001,2,0.7681923105184285,0,1157.304872585177,0.6943829235511062,0
0,43840.86687653981,2,268,1255,2,0.4759534870620093,0,14613.622292179936,4.384086687653981,0
4,4532.630827375286,0,84,609,3,0.6707301182487836,1,4532.630827375286,0.4532630827375286,0
2,25497.178670392277,3,1502,277,1,0.778245733631143,1,6374.294667598069,2.5497178670392278,0
2,7734.982696865983,0,378,615,5,0.7734251273405859,0,7734.982696865983,0.7734982696865983,0
0,3904.8673107878844,0,61,663,2,0.7938419578547412,1,3904.8673107878844,0.39048673107878845,0
1,16498.691748595615,0,44,138,1,0.7847346821568814,0,16498.691748595615,1.6498691748595615,0
3,13247.489508697878,1,76,1217,4,0.8380239500716976,1,6623.744754348939,1.3247489508697878,0
1,12436.205692415637,3,121,1733,4,0.6874667375289726,0,3109.051423103909,1.2436205692415636,0
4,8933.237109671862,2,381,1815,1,0.9166773468016369,1,2977.745703223954,0.8933237109671862,0
2,7742.874669355824,0,302,864,4,0.7311076043796196,0,7742.874669355824,0.7742874669355824,0
0,142350.32722577907,0,382,299,4,0.6840932424047221,0,142350.32722577907,10.0,0
0,33560.59783156192,0,64,274,2,0.800558448525657,0,33560.59783156192,3.356059783156192,0
3,19290.967766593283,0,181,952,3,0.7873466462848234,0,19290.967766593283,1.9290967766593283,0
1,9266.481139047186,1,67,1992,3,0.8421078293857072,0,4633.240569523593,0.9266481139047186,0
3,27135.242973806773,4,24,1020,3,0.7778594836598784,0,5427.048594761354,2.7135242973806775,1
2,124559.20519319255,8,7,722,3,0.6640594290552089,2,13839.911688132506,10.0,1
3,8361.939722007177,4,31,217,1,0.9055881556801565,0,1672.3879444014353,0.8361939722007177,1
0,5629.201095208751,0,221,159,2,0.8905373578719722,0,5629.201095208751,0.5629201095208751,0
0,52534.84482933767,8,11,1846,1,0.8057484639595822,3,5837.204981037519,5.253484482933767,1
4,180.45638549096978,3,333,1246,4,0.8635125245535326,0,45.114096372742445,0.01804563854909698,0
4,10432.915166379336,5,31,1584,2,0.9335986842688866,0,1738.819194396556,1.0432915166379337,1
2,16674.93976603916,5,12,1952,5,0.9345132264572305,3,2779.1566276731933,1.6674939766039159,1
1,54786.768767753994,0,1447,346,3,0.7112001004310511,0,54786.768767753994,5.478676876775399,0
3,8293.379998302218,2,381,1977,4,0.9187526732267531,1,2764.459999434073,0.8293379998302218,0
2,1945.4408657403249,2,279,292,3,0.9362955198521244,0,648.4802885801083,0.1945440865740325,0
4,51277.64756294553,7,13,258,3,0.8509401471721444,5,6409.705945368191,5.127764756294553,1
3,2309.196016028926,2,110,1316,3,0.8545189626707993,0,769.7320053429753,0.2309196016028926,0
4,14301.059420521377,1,263,1327,5,0.9876191038508036,0,7150.529710260688,1.4301059420521376,0
3,11488.902370960115,1,258,1155,4,0.9370730405505793,1,5744.451185480058,1.1488902370960115,0
1,25575.945435970272,0,200,1507,3,0.9427580369495746,0,25575.945435970272,2.5575945435970273,0
2,3136.747926379052,0,319,1548,3,0.8596034108851854,0,3136.747926379052,0.3136747926379052,0
3,8440.608781293831,2,120,1616,2,0.8950487986113201,0,2813.5362604312772,0.8440608781293831,0
0,1574.9421894705756,4,26,1077,3,0.9102937643410747,0,314.9884378941151,0.15749421894705756,1
0,18803.414192423756,1,164,1267,2,0.7556023211338317,0,9401.707096211878,1.8803414192423755,0
3,144802.95133422775,11,15,1129,4,0.8039371235423809,6,12066.912611185646,10.0,1
3,14690.642790660113,1,98,310,4,0.6858725645741021,1,7345.3213953300565,1.4690642790660113,0
3,8118.842206867579,0,4,1666,4,0.6900195166202212,0,8118.842206867579,0.8118842206867579,0
0,13329.400906927664,0,97,1639,2,0.8436592740135216,0,13329.400906927664,1.3329400906927664,0
0,55559.340679061126,3,331,429,5,0.8122845214802886,1,13889.835169765282,5.555934067906112,0
3,5755.360103880977,2,157,1560,5,0.6811598165442109,0,1918.4533679603255,0.5755360103880977,0
4,9569.863494542387,1,2,145,3,0.8966323405393061,0,4784.931747271194,0.9569863494542388,0
4,2200.9589725447063,0,127,1934,4,0.8591104190688198,0,2200.9589725447063,0.22009589725447062,0
1,2858.5987782545935,2,69,1409,1,0.8795259587122402,1,952.8662594181978,0.28585987782545935,0
2,9112.259208968859,0,130,818,3,0.7906020973768136,0,9112.259208968859,0.9112259208968859,0
4,30476.776795883186,0,104,1789,5,0.6460969359315335,1,30476.776795883186,3.0476776795883187,0
0,5957.838407080467,1,538,1796,5,0.8129593826267634,1,2978.9192035402334,0.5957838407080467,0
4,6105.224535532338,2,9,1402,4,0.942922069216879,0,2035.0748451774462,0.6105224535532339,0
1,4972.796846556954,2,231,1569,2,0.757149002658096,0,1657.598948852318,0.4972796846556954,0
1,4265.403211093798,0,381,878,3,0.8040566339632159,0,4265.403211093798,0.4265403211093798,0
2,11544.51540951107,1,641,1711,2,0.8506330866622689,1,5772.257704755535,1.154451540951107,0
4,1343.8458583600323,0,40,1592,5,0.709957857690556,0,1343.8458583600323,0.1343845858360032,0
0,37689.14843191913,0,152,975,4,0.7027853020920493,0,37689.14843191913,3.768914843191913,0
0,3646.391189408411,4,9,1198,5,0.728862735197213,1,729.2782378816821,0.36463911894084106,1
3,19269.60344901177,1,139,1856,4,0.7214347342346799,0,9634.801724505885,1.9269603449011772,0
0,12215.372886656445,5,18,669,1,0.7188483148248104,6,2035.8954811094075,1.2215372886656446,1
2,18080.841150150172,0,364,309,2,0.570316873331457,1,18080.841150150172,1.8080841150150173,0
2,57333.067094391285,4,17,880,3,0.857583420344072,3,11466.613418878256,5.733306709439129,1
0,12849.272660261002,0,145,1655,4,0.9761204890515329,1,12849.272660261002,1.2849272660261002,0
0,2456.9739591789553,1,148,599,1,0.8923450793293366,0,1228.4869795894776,0.24569739591789552,0
3,10932.090522469909,3,713,1760,1,0.8548378716188367,0,2733.0226306174773,1.0932090522469908,0
0,1959.2804712487493,1,213,749,2,0.878903334687046,0,979.6402356243747,0.19592804712487494,0
3,5983.040089193177,0,68,1812,4,0.8119306570682654,1,5983.040089193177,0.5983040089193177,0
3,27869.710172190986,0,56,1843,3,0.65832245775292,0,27869.710172190986,2.7869710172190985,0
0,21079.205506180177,2,28,758,3,0.9015067662919516,0,7026.4018353933925,2.107920550618018,0
1,8252.07143669628,0,283,1081,3,0.7984251068095312,0,8252.07143669628,0.825207143669628,0
1,2515.5131786414613,1,235,612,5,0.5069993384893219,0,1257.7565893207307,0.25155131786414614,0
3,17583.30681661106,1,189,422,5,0.825771873765688,0,8791.65340830553,1.758330681661106,0
0,8293.749893484306,1,9,271,4,0.9457113423693088,0,4146.874946742153,0.8293749893484306,0
1,500.5068485726482,1,288,1953,3,0.8518045835795027,1,250.2534242863241,0.05005068485726482,0
0,201799.92289371995,11,1,580,1,0.7756471976620776,2,16816.66024114333,10.0,1
0,7870.844165297426,6,665,399,3,0.9158152860972565,0,1124.4063093282036,0.7870844165297426,0
0,34301.401678439186,6,177,1832,4,0.9044243541013411,0,4900.200239777027,3.4301401678439185,0
4,2176.93973310166,5,73,80,3,0.616960799003474,1,362.82328885027664,0.217693973310166,0
0,1703.6145376607815,5,17,1665,2,0.7753239916234134,2,283.9357562767969,0.17036145376607814,1
4,11326.502696869777,2,39,1431,3,0.7475683568864993,0,3775.500898956592,1.1326502696869776,0
3,112725.63534402674,9,7,71,1,0.8506475384293883,3,11272.563534402674,10.0,1
1,5468.957025170862,10,1,1362,4,0.5610875853934882,5,497.17791137916925,0.5468957025170862,1
1,2504.3901854983155,1,45,803,4,0.6263508726353089,1,1252.1950927491578,0.2504390185498315,0
1,221075.8849694058,1,35,263,1,0.9059469805454817,0,110537.9424847029,10.0,1
1,34175.52713929513,10,15,761,4,0.759940889856275,5,3106.866103572285,3.4175527139295134,1
1,19480.140148486247,1,487,1238,3,0.9062011172833256,1,9740.070074243124,1.9480140148486247,0
1,3711.5624301832067,1,54,189,4,0.6846717162693813,0,1855.7812150916034,0.3711562430183207,0
1,659.6019330864634,0,85,1443,3,0.9843707190646462,0,659.6019330864634,0.06596019330864634,0
3,6605.71263133956,1,66,1014,4,0.6637882984731286,1,3302.85631566978,0.660571263133956,0
0,5891.55075256467,2,107,1393,3,0.9288112846586768,0,1963.85025085489,0.589155075256467,0
2,5014.7864317552485,0,251,458,3,0.5693261598548521,0,5014.7864317552485,0.5014786431755248,0
4,7061.62869618552,2,409,487,1,0.905190694552385,2,2353.8762320618403,0.706162869618552,0
2,11126.91164993522,3,41,846,1,0.8343397028240751,0,2781.727912483805,1.112691164993522,1
2,6767.314823478209,3,232,62,5,0.6980295996180155,1,1691.8287058695523,0.6767314823478209,0
0,14917.06414942592,5,3,550,1,0.77840422314543,5,2486.177358237653,1.491706414942592,1
0,14522.025122125218,3,788,1099,3,0.8196741859924725,0,3630.5062805313046,1.4522025122125217,0
0,781.1396113639898,2,72,583,3,0.7209238296810814,2,260.37987045466326,0.07811396113639898,0
1,691.9896862606331,0,2,910,4,0.8889365929810543,0,691.9896862606331,0.06919896862606331,0
3,19673.278913290884,1,145,125,4,0.5317343498614668,0,9836.639456645442,1.9673278913290884,0
1,14889.690304389029,2,33,415,5,0.9105696832793313,1,4963.230101463009,1.488969030438903,0
3,7563.774082826418,3,10,1564,3,0.7589158567085472,1,1890.9435207066044,0.7563774082826418,1
3,1518.4749598500748,2,240,1165,5,0.9856726586842591,0,506.1583199500249,0.1518474959850075,0
2,3465.1349975297308,1,264,890,3,0.8927900065133417,0,1732.5674987648654,0.3465134997529731,0
2,5911.789773893738,0,124,936,1,0.8510951885482422,0,5911.789773893738,0.5911789773893739,0
3,1193.836366061451,2,226,1339,4,0.8906537007068586,0,397.94545535381695,0.1193836366061451,0
3,3338.1285360045354,4,155,1633,5,0.7522944790258566,0,667.6257072009071,0.33381285360045354,0
1,17726.15312695476,0,199,548,2,0.9877239164410503,0,17726.15312695476,1.772615312695476,0
1,44925.75139916011,2,182,1243,3,0.9490016355161114,0,14975.250466386702,4.492575139916011,0
2,4898.470521038369,1,220,1419,1,0.8177221533669682,0,2449.2352605191845,0.4898470521038369,0
0,20086.154486560205,0,45,1830,2,0.6288375824029838,0,20086.154486560205,2.0086154486560206,0
3,814.9509401508196,4,63,1301,1,0.743253131112931,0,162.99018803016392,0.08149509401508197,0
1,17878.273601437202,0,116,748,1,0.9168974023846671,0,17878.273601437202,1.7878273601437202,0
2,3087.94747721779,2,119,729,3,0.8303895394931164,0,1029.3158257392633,0.308794747721779,0
1,11717.218903507768,2,298,252,1,0.9562858914858599,0,3905.7396345025895,1.171721890350777,0
3,6019.124513720072,2,92,495,5,0.6997818150291816,1,2006.3748379066908,0.6019124513720072,0
3,39517.41784277023,2,36,567,2,0.6255921563618166,0,13172.472614256743,3.9517417842770226,0
4,2837.495914577365,3,58,181,1,0.6104928813180394,0,709.3739786443413,0.2837495914577365,1
0,17207.963624505523,0,49,1318,1,0.8012757549704346,1,17207.963624505523,1.7207963624505522,0
4,5794.074544431456,1,264,140,4,0.6894051246730634,0,2897.037272215728,0.5794074544431456,0
2,6701.143258291793,1,128,1896,4,0.8581798920457151,0,3350.5716291458966,0.6701143258291793,0
1,6498.816277911475,1,247,1199,5,0.8676097577447057,0,3249.4081389557373,0.6498816277911474,0
2,2937.1419880226667,1,108,521,4,0.7997757589263332,0,1468.5709940113334,0.2937141988022667,0
3,7967.143021136206,2,441,1315,1,0.6664873208641796,0,2655.7143403787354,0.7967143021136206,0
4,7516.246325306541,0,822,551,1,0.9090422299504184,0,7516.246325306541,0.751624632530654,0
4,10823.644201890063,0,222,810,2,0.8558107203301374,0,10823.644201890063,1.0823644201890064,0
4,8967.894268615697,2,399,436,4,0.9062858026505043,0,2989.298089538566,0.8967894268615697,0
2,21111.92782561673,1,142,1080,3,0.9703717861246433,0,10555.963912808365,2.111192782561673,0
3,179881.32152231282,12,9,1161,4,0.8842530665787796,3,13837.0247324856,10.0,1
1,2296.75380033216,1,357,647,1,0.7210662525341663,0,1148.37690016608,0.22967538003321603,0
1,22983.38863487579,2,961,957,2,0.9583508064867716,0,7661.129544958597,2.298338863487579,0
2,1951.583332483077,4,196,916,4,0.8235332273454772,0,390.31666649661537,0.1951583332483077,0
4,16406.40466230415,1,303,1218,2,0.599773400046774,1,8203.202331152075,1.640640466230415,0
0,17046.26746340451,0,157,1524,4,0.8410511714531873,0,17046.26746340451,1.704626746340451,0
2,817.638027914565,2,60,1404,5,0.969919681677053,0,272.546009304855,0.0817638027914565,0
2,78168.5805190288,13,19,1783,1,0.8101667802738541,4,5583.470037073485,7.816858051902879,1
3,41745.90163782617,6,1,1948,1,0.9058766843072282,4,5963.700233975168,4.174590163782617,1
1,3259.9974445417583,1,12,1237,3,0.8731073385152522,1,1629.9987222708792,0.32599974445417584,0
2,40987.51539842883,2,180,706,1,0.9119492243148334,0,13662.50513280961,4.098751539842883,0
2,3698.139118743881,1,94,391,3,0.869458470442386,1,1849.0695593719406,0.3698139118743881,0
4,3078.961627074212,2,98,1074,1,0.7582787572854497,0,1026.3205423580707,0.3078961627074212,0
4,8873.582896903667,1,432,1193,4,0.6914091031812069,0,4436.791448451833,0.8873582896903667,0
0,156632.53991114435,9,6,1652,4,0.7733424165283493,3,15663.253991114436,10.0,1
3,6836.435142696798,1,183,513,5,0.7776730053292643,0,3418.217571348399,0.6836435142696797,0
0,32847.95123863825,1,64,1940,4,0.9628744674541563,0,16423.975619319124,3.284795123863825,0
4,91117.04960401014,7,14,511,2,0.8973537036728394,3,11389.631200501268,9.111704960401013,1
1,593.5648150876777,2,105,1122,4,0.9205986870795896,0,197.85493836255924,0.059356481508767774,0
4,4292.564606989372,1,88,868,3,0.7723626385370942,0,2146.282303494686,0.4292564606989372,0
3,4128.995684750793,2,22,1400,5,0.8814924118335585,1,1376.3318949169309,0.4128995684750793,0
4,14403.59553194647,1,157,523,2,0.9255406443409728,1,7201.797765973235,1.440359553194647,0
3,347.3106180266497,2,72,937,2,0.809679320810652,0,115.77020600888324,0.03473106180266497,0
3,172613.73826915026,1,217,988,1,0.8203229254935808,0,86306.86913457513,10.0,0
3,15324.855226460737,2,77,417,3,0.862780718005664,0,5108.285075486912,1.5324855226460736,0
3,9688.086024670834,0,113,1360,4,0.695460750636115,0,9688.086024670834,0.9688086024670834,0
3,33452.48188627337,4,11,1097,4,0.7196235078188667,0,6690.4963772546735,3.3452481886273366,1
1,134912.92689641338,3,980,772,1,0.739317517305052,0,33728.231724103345,10.0,1
0,23037.900200052438,2,142,342,4,0.7865014955355029,0,7679.300066684146,2.303790020005244,0
2,25300.40584182846,0,5,1522,2,0.7729173451876591,1,25300.40584182846,2.5300405841828457,0
0,77834.19124904744,4,12,1136,4,0.9159173284649276,5,15566.838249809487,7.783419124904744,1
3,6837.442901844598,1,409,617,4,0.8015825429769556,0,3418.721450922299,0.6837442901844598,0
1,4578.1280332587185,1,297,1531,2,0.8651954075798661,0,2289.0640166293592,0.4578128033258718,0
4,3006.902054445943,3,242,1603,3,0.9577486532879252,0,751.7255136114858,0.3006902054445943,0
1,3553.1260780953994,1,31,923,3,0.8106160362239851,0,1776.5630390476997,0.35531260780953994,0
3,1602.5202781530356,4,215,1010,2,0.6309686368892455,2,320.5040556306071,0.16025202781530357,0
1,45134.77997775181,12,9,1486,2,0.8791110107361959,4,3471.9061521347544,4.513477997775181,1
1,1073.1987001161203,1,170,638,5,0.8548775907726882,0,536.5993500580602,0.10731987001161203,0
3,10189.365210853419,1,447,309,5,0.8272765152111038,0,5094.682605426709,1.0189365210853418,0
1,7757.4059333321,3,65,1706,4,0.8474888994486678,0,1939.351483333025,0.77574059333321,0
2,9665.54093060154,3,56,957,4,0.854992832304682,2,2416.385232650385,0.966554093060154,1
2,4330.5165780730895,3,408,233,5,0.9545235776181593,0,1082.6291445182724,0.4330516578073089,0
1,325211.96353482903,2,197,1121,4,0.8837055662263069,0,108403.98784494301,10.0,0
4,41445.68609411447,2,1,196,3,0.8277482702012159,0,13815.228698038156,4.144568609411447,0
3,1819.9221417514411,2,88,1867,3,0.6744570247844969,0,606.6407139171471,0.1819922141751441,0
2,10715.447864263924,1,391,1949,1,0.8265642448100579,1,5357.723932131962,1.0715447864263925,0
4,3906.4824873498164,1,6,1879,5,0.8137547705884836,0,1953.2412436749082,0.39064824873498166,0
1,2398.5611793412963,2,1,641,3,0.9067457913209607,0,799.5203931137654,0.23985611793412964,0
4,9357.981634972744,6,14,1821,1,0.7594779804033013,5,1336.8545192818206,0.9357981634972744,1
0,13611.360159706195,1,491,1482,2,0.9615015660660191,0,6805.680079853098,1.3611360159706196,0
2,15034.697499498845,8,17,1067,3,0.8241255001706859,4,1670.5219443887606,1.5034697499498846,1
1,25884.28298233942,3,147,489,1,0.851876492388803,0,6471.070745584855,2.588428298233942,0
3,26703.199200035706,4,162,1531,4,0.7351634343170246,0,5340.639840007141,2.6703199200035708,0
1,42137.66445082348,1,81,278,1,0.891073183121716,1,21068.83222541174,4.213766445082348,0
3,2913.574278088598,3,56,1357,3,0.7625271755155192,0,728.3935695221495,0.2913574278088598,1
1,14334.704049998056,1,338,1646,4,0.6698133332010555,0,7167.352024999028,1.4334704049998055,0
4,17308.362755699985,3,23,781,4,0.5935759869114641,0,4327.090688924996,1.7308362755699986,1
4,4587.021537291067,1,134,1418,1,0.8755086367373827,0,2293.5107686455335,0.4587021537291067,0
4,3209.5103037206104,1,202,1674,1,0.7105715307312536,0,1604.7551518603052,0.320951030372061,0
0,55905.87762312856,2,22,996,3,0.5929005701482415,0,18635.292541042854,5.590587762312856,0
3,10646.591264872204,2,147,1981,4,0.8510619354110646,0,3548.8637549574014,1.0646591264872205,0
4,17381.49304148985,1,173,1337,5,0.6175936408869532,0,8690.746520744926,1.7381493041489853,0
0,3021.5003323797428,0,272,789,1,0.9339469786104011,0,3021.5003323797428,0.3021500332379743,0
3,1875.9277952886687,0,54,427,5,0.9167610497280647,0,1875.9277952886687,0.18759277952886685,0
1,4091.4727533275945,3,70,1176,5,0.9467896605904348,0,1022.8681883318986,0.40914727533275946,0
0,37156.879189416926,5,12,1003,4,0.9458764883046887,3,6192.813198236155,3.7156879189416925,1
2,2259.583971286151,1,817,649,3,0.70091758961694,0,1129.7919856430756,0.22595839712861512,0
0,74979.12837789867,7,2,72,5,0.8294296034895462,4,9372.391047237334,7.497912837789867,1
0,1068.2678397035424,3,853,342,3,0.9115947667840169,1,267.0669599258856,0.10682678397035425,0
3,2113.1670929690513,1,251,1340,1,0.6778164347455427,0,1056.5835464845256,0.21131670929690513,0
1,18125.834099236632,2,350,1602,4,0.9075897539272179,0,6041.944699745544,1.8125834099236633,0
2,16723.139268927054,1,19,525,2,0.9153550074249958,0,8361.569634463527,1.6723139268927054,0
4,5063.169155457594,1,72,1001,4,0.8108250992166816,0,2531.584577728797,0.5063169155457594,0
4,2389.1258600920696,2,12,500,2,0.8643109167750042,0,796.3752866973565,0.23891258600920695,0
0,14886.852154388067,11,10,947,1,0.8903950066617312,3,1240.5710128656722,1.4886852154388066,1
3,5177.50264881322,2,796,334,3,0.6402688858967658,0,1725.8342162710733,0.517750264881322,0
3,17560.760764587943,0,23,1386,1,0.6432759841524571,0,17560.760764587943,1.7560760764587944,0
4,176680.3204234118,9,6,1235,4,0.8158211674188419,5,17668.03204234118,10.0,1
2,4465.6136408193415,1,2,639,2,0.9067560447795574,1,2232.8068204096708,0.44656136408193414,0
1,8706.892213558189,10,19,171,2,0.7863599234473783,6,791.5356557780171,0.8706892213558188,1
2,11174.753548796378,2,44,1554,4,0.4793739539982897,0,3724.9178495987926,1.1174753548796377,0
1,3016.215066929044,1,28,1185,4,0.7838242191930612,1,1508.107533464522,0.3016215066929044,0
4,4350.720895112507,0,83,1312,1,0.8324887016781994,0,4350.720895112507,0.43507208951125065,0
1,39748.65601328943,1,295,1283,5,0.8672302088636168,0,19874.328006644715,3.974865601328943,0
3,21862.727260820677,4,23,1422,2,0.7795881078026791,0,4372.545452164135,2.1862727260820676,1
0,38441.12248974747,10,3,560,4,0.9827159868101174,3,3494.6474990679517,3.8441122489747466,1
0,1761.1058219661725,0,2,51,1,0.7175121924843669,1,1761.1058219661725,0.17611058219661724,0
4,10442.88204160558,2,692,941,5,0.9056725125366504,0,3480.9606805351937,1.0442882041605581,0
3,29003.991834027882,0,180,1788,3,0.795391717339174,0,29003.991834027882,2.9003991834027882,0
2,5162.827126043673,4,255,848,4,0.9657210416014008,0,1032.5654252087347,0.5162827126043673,0
3,41000.39205607666,2,211,678,5,0.907931590062445,0,13666.797352025553,4.100039205607666,0
0,326309.3639998694,9,6,1954,3,0.9024817749094688,2,32630.93639998694,10.0,1
0,59663.71935036643,1,181,510,3,0.8533215043746144,0,29831.859675183216,5.966371935036643,0
3,11687.693759794056,2,29,1885,1,0.9642314869168196,1,3895.897919931352,1.1687693759794056,0
3,16397.268413172824,2,103,1968,2,0.8405819069827333,0,5465.756137724275,1.6397268413172823,0
0,44224.08132226013,3,169,1931,4,0.6102289355406252,1,11056.020330565032,4.422408132226013,0
2,13861.530945647084,0,164,1001,5,0.9170831210415887,0,13861.530945647084,1.3861530945647085,0
4,4440.485830179228,2,26,1555,3,0.7663256130390064,0,1480.1619433930762,0.4440485830179228,0
4,4730.322193412108,2,8,1699,2,0.80667489758892,0,1576.7740644707028,0.4730322193412108,0
3,10788.822727150837,2,321,1659,3,0.9774836746260679,1,3596.274242383612,1.0788822727150837,0
4,1722.1457023053088,0,259,1021,4,0.7147743992894154,0,1722.1457023053088,0.17221457023053088,0
0,6823.237203995644,3,18,1314,4,0.6125308966050346,0,1705.809300998911,0.6823237203995645,1
0,30207.83303876337,2,28,1031,1,0.9205467367743512,0,10069.277679587789,3.0207833038763368,0
3,584.3472303175799,0,447,863,4,0.7145393265892012,0,584.3472303175799,0.05843472303175799,0
3,51091.760582976385,5,294,103,4,0.9536899566173965,0,8515.293430496064,5.109176058297638,0
3,31158.70883297734,3,1113,1744,4,0.49253584765399877,0,7789.677208244335,3.1158708832977338,0
2,4667.050007423126,0,59,1540,2,0.7424406048849291,0,4667.050007423126,0.4667050007423126,0
4,15553.935827303596,2,134,158,5,0.8733979336036802,0,5184.645275767865,1.5553935827303595,0
3,8133.749361324953,2,54,329,5,0.7763159503994695,0,2711.2497871083174,0.8133749361324952,0
1,35453.89652952007,2,195,1738,4,0.5817055938195471,1,11817.965509840024,3.545389652952007,0
1,26349.900327477495,4,25,1748,5,0.7305544929773993,0,5269.980065495499,2.6349900327477496,1
0,1510.075807483685,0,28,1130,4,0.8037209513593128,0,1510.075807483685,0.15100758074836848,0
4,16394.724679080893,0,15,889,5,0.8826145997036091,1,16394.724679080893,1.6394724679080892,0
3,6331.209528443813,1,237,886,5,0.946393211182581,0,3165.6047642219064,0.6331209528443813,0
1,8949.912946931092,3,137,1287,3,0.6105464271125123,0,2237.478236732773,0.8949912946931092,0
4,3381.9025638789717,2,193,1581,2,0.66980853478051,0,1127.3008546263238,0.3381902563878972,0
0,66023.39863452272,2,423,1101,3,0.8528862305735933,0,22007.799544840906,6.602339863452272,0
2,28228.127358315487,1,270,253,3,0.7604659302213627,0,14114.063679157744,2.822812735831549,0
4,3335.155564311967,1,124,594,5,0.7661719327526751,0,1667.5777821559834,0.3335155564311967,0
4,1633.4788310660533,0,832,358,1,0.8614613161067366,0,1633.4788310660533,0.16334788310660533,0
2,5101.004921975926,1,122,1707,1,0.7005607172454594,0,2550.502460987963,0.5101004921975926,0
4,13648.749371902162,1,24,577,2,0.9290354637583388,0,6824.374685951081,1.3648749371902162,0
0,10810.217305909078,2,983,1739,4,0.8622569681880922,0,3603.4057686363594,1.0810217305909078,0
0,36452.28374733172,2,5,1981,5,0.8911069283038807,0,12150.761249110574,3.645228374733172,0
2,20908.34554485964,3,160,1416,2,0.7736382277439433,0,5227.08638621491,2.090834554485964,0
3,25938.479261056,2,74,1058,3,0.840326201615068,0,8646.159753685333,2.5938479261056,0
1,11994.775761073493,1,141,1291,5,0.9601420805317502,0,5997.387880536747,1.1994775761073493,0
3,1529.722344518003,1,164,666,3,0.6465415124058151,0,764.8611722590015,0.1529722344518003,0
4,6407.098290442884,3,55,1662,2,0.6286275454071775,1,1601.774572610721,0.6407098290442884,1
1,28914.7662896185,3,163,1160,1,0.8448212569775198,0,7228.691572404625,2.89147662896185,0
2,7617.263670047292,2,283,80,2,0.9037358642632883,0,2539.087890015764,0.7617263670047292,0
2,14819.637559078603,2,62,149,5,0.8460594088816836,2,4939.879186359534,1.4819637559078602,0
1,5527.561405189544,3,97,716,5,0.8136550333852491,0,1381.890351297386,0.5527561405189544,0
0,2354.8346266364924,1,63,853,4,0.8711454160472012,1,1177.4173133182462,0.23548346266364925,0
1,37717.89304190739,10,6,1388,1,0.9077420318523257,4,3428.8993674461262,3.771789304190739,1
4,11741.172159650543,2,259,544,5,0.8047280967224272,0,3913.7240532168476,1.1741172159650544,0
0,3689.2362476184016,1,410,1691,1,0.7424296855919759,1,1844.6181238092008,0.36892362476184015,0
2,53284.408681501896,8,2,520,5,0.8537384441275916,6,5920.48985350021,5.32844086815019,1
1,2624.495876715501,3,16,791,1,0.813159756680575,0,656.1239691788752,0.2624495876715501,1
3,31041.922266763057,2,26,1588,2,0.9118025996248342,1,10347.307422254353,3.1041922266763056,0
3,5691.067337967801,1,36,783,1,0.7482957793706517,0,2845.5336689839005,0.5691067337967801,0
4,46318.959752699455,2,153,1706,3,0.7890116221507064,0,15439.653250899819,4.631895975269946,0
3,50741.39980884626,2,708,1745,2,0.9597250743405369,2,16913.79993628209,5.074139980884626,0
1,7352.126295934496,4,89,1856,5,0.7930001604332595,0,1470.4252591868992,0.7352126295934496,0
1,2415.9829959823933,1,637,1047,5,0.8035047876361222,0,1207.9914979911966,0.24159829959823934,0
3,663.0978372002115,0,8,380,4,0.84515059216973,0,663.0978372002115,0.06630978372002115,0
1,1385.1386367770012,1,524,1267,3,0.8286196061221801,0,692.5693183885006,0.13851386367770013,0
4,1558.3739394583354,0,40,1803,4,0.8186207648560604,0,1558.3739394583354,0.15583739394583354,0
0,288448.5784717184,7,9,1264,2,0.8931141224851734,3,36056.0723089648,10.0,1
4,86766.90526530068,8,5,301,4,0.8165335282873002,5,9640.767251700076,8.676690526530068,1
4,12932.844358685186,0,593,1811,2,0.6890210010256161,0,12932.844358685186,1.2932844358685187,0
1,564.2485180445763,0,45,1074,4,0.8408556183315121,0,564.2485180445763,0.056424851804457624,0
0,1924.536204449243,3,73,1532,1,0.6766026795027349,0,481.1340511123108,0.1924536204449243,0
1,23493.89153671551,0,136,1718,2,0.798411430400317,1,23493.89153671551,2.349389153671551,0
2,11431.510895194331,0,96,1163,2,0.9038470478454919,0,11431.510895194331,1.1431510895194332,0
1,6791.001225527682,1,221,567,1,0.8982044277106039,0,3395.500612763841,0.6791001225527682,0
1,15959.520557890335,2,737,1556,1,0.9235061984369807,0,5319.840185963445,1.5959520557890334,0
1,57696.82167535367,0,187,1829,3,0.7719336966898492,1,57696.82167535367,5.769682167535367,0
0,60252.02066277673,6,15,1718,1,0.8271469083045037,2,8607.43152325382,6.025202066277673,1
1,8806.48590095743,4,19,1189,4,0.8778192752697035,1,1761.297180191486,0.880648590095743,1
0,10209.932525588472,1,198,122,1,0.6429009839375727,0,5104.966262794236,1.0209932525588472,0
3,142990.2267253952,2,121,205,1,0.8365040667704721,0,47663.40890846506,10.0,0
2,652.4747771214766,1,434,772,2,0.7396648562041714,0,326.2373885607383,0.06524747771214766,0
0,18395.615326861884,2,99,118,2,0.7132907234469792,0,6131.871775620628,1.8395615326861883,0
3,7060.26102009802,0,228,520,1,0.46465968471813396,0,7060.26102009802,0.706026102009802,0
0,15996.513503105152,4,52,541,3,0.8279662211071639,0,3199.3027006210305,1.5996513503105152,1
0,3681.784879592234,1,61,349,2,0.9754715044676681,2,1840.892439796117,0.3681784879592234,0
2,7640.680607697098,0,95,1217,4,0.81474978032724,0,7640.680607697098,0.7640680607697098,0
4,19028.49164813213,1,73,1784,4,0.9556376193568009,1,9514.245824066065,1.902849164813213,0
4,339589.3054285799,1,59,1279,1,0.753288293515619,0,169794.65271428996,10.0,1
0,21367.86479425155,1,11,967,1,0.8556724943704785,0,10683.932397125775,2.136786479425155,0
1,2928.721569418575,1,363,762,3,0.931019681602917,1,1464.3607847092876,0.29287215694185753,0
3,4873.113730954797,0,14,800,1,0.9083540699735856,2,4873.113730954797,0.48731137309547967,0
1,4702.751631695789,2,437,456,5,0.7694835502088274,1,1567.5838772319296,0.4702751631695789,0
1,939.3876180860732,4,27,988,5,0.8471894062224749,0,187.87752361721465,0.09393876180860732,1
0,5452.839548011323,3,14,629,1,0.8766828889907932,0,1363.2098870028308,0.5452839548011323,1
0,19523.90513661035,2,166,1756,5,0.9134083184779657,1,6507.968378870116,1.9523905136610349,0
0,1756.2242255094263,1,140,1995,4,0.6284125648010652,0,878.1121127547132,0.17562242255094263,0
0,28514.818578739243,3,136,1370,1,0.7377746895137158,0,7128.704644684811,2.8514818578739245,0
4,14549.760111785354,0,171,631,4,0.7263747529548829,0,14549.760111785354,1.4549760111785355,0
0,3357.3928478943194,0,68,848,4,0.7837661011687568,0,3357.3928478943194,0.33573928478943194,0
4,6837.411034203757,2,218,578,5,0.8456095350175487,1,2279.137011401252,0.6837411034203756,0
4,55159.60490478698,2,140,186,3,0.9719522457699434,0,18386.534968262327,5.515960490478698,0
0,19540.75133936922,2,82,268,4,0.7295242127587513,1,6513.58377978974,1.954075133936922,0
2,8188.9452698824325,3,351,1896,5,0.8756646782147461,0,2047.2363174706081,0.8188945269882433,0
3,6092.294285016474,4,261,567,3,0.8708240095968792,0,1218.4588570032947,0.6092294285016474,0
1,61680.45820219831,7,2,1783,5,0.8615318314394754,5,7710.0572752747885,6.168045820219831,1
4,4384.731758736867,0,377,1521,5,0.38018604561866176,1,4384.731758736867,0.4384731758736867,0
3,648.2656675610401,0,506,181,1,0.8429388336652458,1,648.2656675610401,0.06482656675610401,0
2,93958.97150714413,1,154,1436,2,0.6053740255981686,1,46979.485753572066,9.395897150714413,0
1,9763.341611526703,2,49,1417,3,0.9789078465356313,0,3254.447203842234,0.9763341611526702,0
1,13066.104564302193,0,495,1769,5,0.8979928785308191,0,13066.104564302193,1.3066104564302194,0
4,7559.1248368238075,0,43,1091,4,0.9336918717216155,1,7559.1248368238075,0.7559124836823807,0
0,3353.835311733976,0,10,1489,4,0.8263059851453273,0,3353.835311733976,0.3353835311733976,0
2,6482.688678816682,1,80,1798,2,0.6597911804240436,0,3241.344339408341,0.6482688678816683,0
4,1188.831636057219,1,260,609,3,0.611014151507185,1,594.4158180286095,0.11888316360572189,0
2,124555.14115317173,0,514,1614,1,0.6455562933122904,1,124555.14115317173,10.0,0
0,1841.9601857437335,0,203,977,3,0.9616514795824891,1,1841.9601857437335,0.18419601857437334,0
0,2348.7544829593758,4,607,1226,4,0.7920525697961501,0,469.7508965918752,0.23487544829593757,0
4,4777.577771749089,1,20,381,4,0.749163127177067,0,2388.7888858745446,0.4777577771749089,0
0,38013.28070255474,1,13,1823,1,0.7265004064437109,1,19006.64035127737,3.8013280702554737,0
3,8245.400420904612,1,186,368,1,0.7042684976033441,0,4122.700210452306,0.8245400420904613,0
1,1838.3745156672423,1,677,1850,4,0.8664297343717151,0,919.1872578336212,0.18383745156672424,0
4,36505.055356903744,2,140,1272,5,0.9508769191486101,1,12168.35178563458,3.650505535690374,0
2,84280.28265638674,5,3,1599,5,0.7862518526370142,4,14046.713776064456,8.428028265638675,1
3,15461.710380578372,2,51,1861,1,0.8366906503254044,0,5153.903460192791,1.546171038057837,0
4,19127.475522534805,3,57,1029,5,0.6716796629137914,0,4781.868880633701,1.9127475522534805,1
0,143377.21175812933,2,83,1083,1,0.8550471142915926,0,47792.40391937644,10.0,0
0,111537.2476840486,1,9,1212,3,0.8638642768875402,0,55768.6238420243,10.0,1
0,3554.400130710744,0,471,216,3,0.9643859258792634,1,3554.400130710744,0.3554400130710744,0
0,56877.89132094717,3,145,196,3,0.8678473273990125,0,14219.472830236793,5.687789132094717,0
2,12833.340983323023,1,223,1476,1,0.9458837188238948,0,6416.670491661512,1.2833340983323023,0
3,14748.770160834845,3,14,1830,1,0.8788026583307811,0,3687.1925402087113,1.4748770160834845,1
1,1063.4514708240988,3,12,988,5,0.9373740905676005,0,265.8628677060247,0.10634514708240989,1
2,6604.7018872637445,1,177,494,5,0.9269779499812907,1,3302.3509436318723,0.6604701887263744,0
2,3055.234694085238,1,437,119,5,0.8327541211327061,0,1527.617347042619,0.3055234694085238,0
1,135458.54168783547,9,4,1401,2,0.8552468040855483,2,13545.854168783548,10.0,1
1,29298.64653177315,0,421,882,1,0.8133610309497822,0,29298.64653177315,2.9298646531773147,0
0,672.2406447863392,1,334,968,3,0.6665917188179271,1,336.1203223931696,0.06722406447863392,0
2,7891.63142105241,1,16,665,3,0.8511243809750427,0,3945.815710526205,0.789163142105241,0
4,254260.29241752293,8,7,1302,2,0.6637143944875171,2,28251.14360194699,10.0,1
1,6476.822053611687,2,215,1901,2,0.7891733897090507,1,2158.940684537229,0.6476822053611687,0
1,19435.884909620592,1,118,1723,3,0.7946164112698799,1,9717.942454810296,1.9435884909620593,0
3,12349.842156848948,2,69,368,1,0.9194007038409033,0,4116.614052282983,1.234984215684895,0
4,12209.776696262865,1,109,1971,3,0.7094743751110297,0,6104.888348131432,1.2209776696262864,0
4,35132.25144295204,10,9,85,3,0.7939872648065409,4,3193.841040268367,3.5132251442952036,1
1,1882.0239295785427,1,483,1703,2,0.7351861712092084,0,941.0119647892714,0.18820239295785426,0
0,11420.210319714664,6,15,304,2,0.879412894205666,2,1631.4586171020949,1.1420210319714665,1
3,18981.55538329035,1,66,1386,5,0.7286133351440504,1,9490.777691645175,1.898155538329035,0
4,8294.516448759048,1,155,1011,2,0.7130770063570202,1,4147.258224379524,0.8294516448759048,0
1,6862.213295224161,1,240,384,3,0.9410433322471063,0,3431.1066476120805,0.6862213295224161,0
4,4872.35147789744,1,200,1093,5,0.8565306736449488,0,2436.17573894872,0.487235147789744,0
3,5618.238083294231,2,569,347,3,0.8412251525749916,0,1872.7460277647435,0.5618238083294231,0
3,28461.117980333103,2,318,1094,1,0.7075623875433148,0,9487.039326777702,2.84611179803331,0
2,5419.219615885894,1,163,527,1,0.8645105177747404,0,2709.609807942947,0.5419219615885894,0
1,1620.876520655503,0,49,1841,2,0.8022649096020732,0,1620.876520655503,0.16208765206555031,0
3,19779.12031338834,3,120,1833,5,0.6931031940798179,0,4944.780078347085,1.9779120313388339,0
2,6336.919229358764,2,237,521,4,0.8697446729060527,0,2112.306409786255,0.6336919229358764,0
2,8414.191626731408,3,364,1011,1,0.9094139596232808,0,2103.547906682852,0.8414191626731408,0
4,55775.722200496464,0,643,1751,1,0.9710438505576129,0,55775.722200496464,5.577572220049646,0
4,7905.605400221593,3,187,519,1,0.9291656128185161,0,1976.4013500553983,0.7905605400221594,0
2,11464.61263228872,2,150,1422,1,0.7009630120427159,0,3821.53754409624,1.146461263228872,0
4,9958.233188503536,8,5,816,2,0.5542593003855611,5,1106.4703542781708,0.9958233188503537,1
3,6225.422915006352,1,15,639,5,0.8654930643854906,0,3112.711457503176,0.6225422915006352,0
0,16838.63545037331,2,34,841,1,0.9747376314958301,1,5612.87848345777,1.683863545037331,0
3,1253.3202632337468,3,12,1867,2,0.8963118930462999,0,313.3300658084367,0.12533202632337467,1
2,10311.490260738707,1,103,435,5,0.81189107547338,0,5155.745130369353,1.0311490260738707,0
2,9144.878613265408,0,83,991,5,0.7676532024455782,0,9144.878613265408,0.9144878613265408,0
3,8514.662417665302,1,203,1950,4,0.6314098616580222,1,4257.331208832651,0.8514662417665302,0
4,28129.965594386533,4,154,1619,3,0.9057874023333695,0,5625.993118877306,2.8129965594386532,0
4,12104.423191682667,5,182,495,1,0.910600659863802,0,2017.4038652804445,1.2104423191682667,0
2,47747.70481383817,3,128,148,2,0.6742100072778217,0,11936.926203459543,4.774770481383817,0
1,2459.448904545563,2,66,704,5,0.6982470256114202,0,819.8163015151877,0.2459448904545563,0
4,9538.671325269363,1,611,1128,4,0.8526309190502166,0,4769.335662634681,0.9538671325269362,0
3,8967.481475509136,1,19,1076,3,0.9675344102967458,0,4483.740737754568,0.8967481475509136,0
4,2245.974108700363,2,560,1405,5,0.8565919273621816,0,748.6580362334544,0.22459741087003632,0
3,25528.582927087016,1,75,983,5,0.6460778784424968,0,12764.291463543508,2.552858292708702,0
2,131874.76049028183,0,144,1508,1,0.8967300885248455,1,131874.76049028183,10.0,0
4,30105.63619260556,6,10,1986,3,0.6405941587287021,5,4300.805170372223,3.010563619260556,1
3,14854.012443190299,2,15,1559,3,0.7673606257586969,0,4951.337481063433,1.4854012443190299,0
2,8968.037721517667,0,113,1292,2,0.9112868165377589,0,8968.037721517667,0.8968037721517667,0
1,3441.6228440328296,2,271,1284,4,0.6158451381600867,1,1147.2076146776099,0.34416228440328295,0
3,911.4964201079737,2,63,866,2,0.882817345553085,0,303.83214003599124,0.09114964201079737,0
1,3474.0343006545236,1,166,1569,4,0.7479141996228312,0,1737.0171503272618,0.3474034300654524,0
1,1524.8478946561156,0,66,710,2,0.8182984466719913,0,1524.8478946561156,0.15248478946561156,0
0,62625.16628736725,0,99,281,4,0.8252872369868437,0,62625.16628736725,6.262516628736725,0
4,7057.656728803479,2,474,649,1,0.7550337158516046,0,2352.5522429344933,0.705765672880348,0
3,5350.240569513974,2,388,969,4,0.646752331582699,1,1783.4135231713246,0.5350240569513974,0
1,23552.437322701368,0,146,1796,2,0.8529273429977964,0,23552.437322701368,2.3552437322701367,0
0,2108.851312504169,2,55,1808,3,0.856322467128249,1,702.9504375013897,0.2108851312504169,0
2,3228.468497509696,1,43,1881,5,0.9053529305383387,0,1614.234248754848,0.3228468497509696,0
3,8792.784518914514,1,617,1221,4,0.7745107541506707,0,4396.392259457257,0.8792784518914514,0
1,27848.17711988353,2,46,1280,4,0.9498749068156286,0,9282.725706627843,2.784817711988353,0
4,14794.666958951551,2,331,409,3,0.9208226341741838,0,4931.55565298385,1.4794666958951552,0
0,10916.057736959789,1,93,1492,1,0.5496909880496009,0,5458.028868479894,1.0916057736959788,0
1,8899.419085369958,1,849,1812,2,0.747093002985248,0,4449.709542684979,0.8899419085369958,0
4,13098.893325249828,2,92,1490,1,0.8170793300150961,0,4366.297775083276,1.3098893325249827,0
1,10321.4908019422,0,87,921,4,0.7639923296079272,0,10321.4908019422,1.03214908019422,0
3,2354.3813375654713,3,203,1769,4,0.8540977353263149,0,588.5953343913678,0.23543813375654712,0
3,8563.763776024764,3,652,1626,1,0.8544214591290322,0,2140.940944006191,0.8563763776024763,0
3,2234.0550233593785,1,748,1255,2,0.7832130458083618,0,1117.0275116796893,0.22340550233593787,0
0,8931.137554509207,4,246,605,4,0.7960127885663645,0,1786.2275109018415,0.8931137554509206,0
3,4551.547073079713,0,281,1283,4,0.986668537345429,1,4551.547073079713,0.4551547073079713,0
4,170630.88707664222,0,166,1922,1,0.684039826195095,1,170630.88707664222,10.0,0
1,7724.301983017367,3,282,299,5,0.8817713874263221,1,1931.0754957543418,0.7724301983017368,0
2,1502.540348792051,3,393,1585,3,0.8673801954872783,0,375.63508719801274,0.1502540348792051,0
4,57248.13138502046,10,17,645,4,0.8679958881175811,2,5204.375580456405,5.724813138502046,1
4,15111.789726810139,2,194,188,2,0.4620429846131477,1,5037.263242270046,1.5111789726810139,0
3,60357.27314777166,4,155,1039,5,0.9505345174659876,0,12071.454629554331,6.035727314777166,0
0,3994.4337963105554,0,166,1304,1,0.8225320441625412,0,3994.4337963105554,0.39944337963105553,0
1,1213.2845088225745,1,442,959,1,0.981854653719005,1,606.6422544112872,0.12132845088225745,0
0,21594.72635685545,1,88,61,2,0.9739065638942715,0,10797.363178427726,2.159472635685545,0
1,1545.7763467321836,0,47,1029,5,0.7828753255641355,0,1545.7763467321836,0.15457763467321836,0
1,4801.163052698784,1,122,322,2,0.9032839001035131,1,2400.581526349392,0.48011630526987836,0
0,5948.2683191824835,4,47,537,4,0.6273254416897133,1,1189.6536638364967,0.5948268319182484,1
4,57138.485818476205,8,17,1163,5,0.8945433584899324,4,6348.720646497356,5.71384858184762,1
1,18527.23977685895,2,468,1098,3,0.8683150500393463,0,6175.746592286317,1.852723977685895,0
0,3567.566041833589,0,193,587,3,0.8344985127052821,0,3567.566041833589,0.3567566041833589,0
1,5834.389414831922,1,387,1738,2,0.9236395291455614,0,2917.194707415961,0.5834389414831922,0
2,7965.504631523669,0,37,1034,3,0.6509785599392366,0,7965.504631523669,0.7965504631523669,0
4,9696.47357112229,0,463,1645,2,0.8096691591775111,0,9696.47357112229,0.9696473571122289,0
3,9112.411001677863,1,185,1133,4,0.893375996423711,0,4556.205500838932,0.9112411001677864,0
1,13673.390587922655,2,7,1868,4,0.8254518150923662,0,4557.796862640885,1.3673390587922656,0
2,22305.920412681993,2,201,1244,2,0.7681550459088728,0,7435.306804227331,2.230592041268199,0
3,12979.947411936126,5,605,637,4,0.7309775933035051,1,2163.324568656021,1.2979947411936126,0
3,13964.904337728525,5,17,837,3,0.833512502498012,0,2327.4840562880877,1.3964904337728525,1
1,1213.5827328641556,3,175,1520,4,0.5800045168604008,0,303.3956832160389,0.12135827328641556,0
0,8606.501964754487,2,495,1793,3,0.9302659246354068,0,2868.8339882514956,0.8606501964754487,0
1,14406.12954153311,3,2,970,3,0.9525618912872247,0,3601.5323853832774,1.440612954153311,1
2,19433.029200433244,1,200,1740,1,0.6352032909638701,0,9716.514600216622,1.9433029200433245,0
3,3530.444529089317,1,129,1765,4,0.7669842739881528,0,1765.2222645446584,0.35304445290893166,0
1,3674.4284293912096,3,86,1667,4,0.8213014317030588,0,918.6071073478024,0.36744284293912094,0
0,4068.7015158546583,2,198,1083,2,0.7695306495408151,0,1356.2338386182194,0.40687015158546586,0
1,15424.257012550745,0,11,292,2,0.8347385429324,0,15424.257012550745,1.5424257012550744,0
4,28019.536161265016,0,280,1251,5,0.7962998044165935,0,28019.536161265016,2.8019536161265015,0
0,4969.367618467681,1,1,847,3,0.9694798444412844,1,2484.6838092338403,0.49693676184676805,0
2,24090.064579198493,1,74,306,1,0.6104375269378014,0,12045.032289599247,2.4090064579198494,0
3,9397.281938797398,3,141,359,3,0.8199718843604893,0,2349.3204846993494,0.9397281938797398,0
1,6980.369053863793,1,95,565,4,0.8537283604247199,2,3490.1845269318965,0.6980369053863793,0
0,6287.626441704509,2,74,1288,5,0.9871568282719524,0,2095.8754805681697,0.6287626441704509,0
4,163408.96737072887,10,11,1976,3,0.8673019220726517,4,14855.360670066262,10.0,1
0,11976.400652344835,3,547,1103,5,0.5748449123111441,0,2994.100163086209,1.1976400652344834,0
4,124366.79633590131,1,414,1419,3,0.7949151652855173,0,62183.398167950654,10.0,0
2,14092.634227332714,7,9,1138,4,0.7517383819314067,4,1761.5792784165892,1.4092634227332714,1
3,15089.011496650264,0,432,685,4,0.9390526517651467,1,15089.011496650264,1.5089011496650264,0
2,4293.934773722747,2,508,846,3,0.8226749462837162,0,1431.3115912409157,0.42939347737227473,0
1,2855.081350168612,0,106,1226,1,0.9154899737361151,0,2855.081350168612,0.28550813501686123,0
0,7998.101144557395,3,67,89,4,0.8756775528417574,1,1999.5252861393487,0.7998101144557395,0
4,9555.029798403899,1,21,1099,2,0.8832160070935907,1,4777.514899201949,0.9555029798403899,0
4,268822.95070466894,0,131,1346,1,0.7576089356271769,1,268822.95070466894,10.0,0
0,6496.54009559511,3,585,1232,3,0.8634141937846275,0,1624.1350238987775,0.649654009559511,0
0,2087.6316583790735,3,165,1774,1,0.9289269079056671,0,521.9079145947684,0.20876316583790736,0
1,11244.25781625887,2,221,1849,2,0.8285332839573637,1,3748.0859387529567,1.1244257816258871,0
2,4268.198545582175,8,13,630,4,0.9189340117685287,3,474.2442828424639,0.4268198545582175,1
4,7256.492474755533,0,31,50,4,0.7902765046046603,0,7256.492474755533,0.7256492474755534,0
1,8260.416911216671,1,125,128,4,0.845495285527888,1,4130.2084556083355,0.8260416911216671,0
2,21026.113822424464,2,605,1301,2,0.5867301463552548,0,7008.704607474821,2.1026113822424466,0
1,26064.947925080694,1,90,1400,1,0.597491438438331,0,13032.473962540347,2.6064947925080695,0
4,4428.058288282869,2,420,1631,3,0.5502364040772312,0,1476.0194294276232,0.44280582882828695,0
0,55035.68813626699,6,8,669,3,0.7736833041959232,5,7862.241162323856,5.503568813626699,1
0,3231.349087834291,4,192,550,1,0.753704916999607,0,646.2698175668581,0.3231349087834291,0
2,2092.939747132809,2,184,1548,4,0.6325002694959965,0,697.646582377603,0.20929397471328087,0
3,11753.11669757263,3,394,1428,3,0.9670701582554307,0,2938.2791743931575,1.175311669757263,0
2,1757.587381555901,1,1,1197,4,0.6824845110567381,0,878.7936907779505,0.1757587381555901,0
3,4926.813549932769,1,43,1733,5,0.7605582765152246,0,2463.4067749663845,0.4926813549932769,0
1,2454.7771154938123,2,50,1027,5,0.8991332638512064,0,818.2590384979375,0.24547771154938122,0
1,15671.825476387663,2,600,1497,3,0.8648512766826066,0,5223.941825462554,1.5671825476387664,0
4,70383.639320318,3,34,1325,1,0.7351980358949222,1,17595.9098300795,7.0383639320318006,1
3,1699.5085850456485,0,8,1587,1,0.46238319923395266,0,1699.5085850456485,0.16995085850456484,0
4,876.8867236044122,1,153,1807,1,0.9546290392959803,0,438.4433618022061,0.08768867236044121,0
0,6975.33572103942,2,151,1774,4,0.8524984128026788,0,2325.11190701314,0.697533572103942,0
3,8257.171340570863,1,372,1580,5,0.6274270900847714,1,4128.585670285432,0.8257171340570864,0
2,10534.29251286241,2,595,535,4,0.9468260510582087,1,3511.4308376208032,1.053429251286241,0
0,4742.953783680007,2,155,527,2,0.9598014712659542,0,1580.9845945600025,0.47429537836800073,0
0,6369.2234987431375,1,532,1656,2,0.9360471219477101,0,3184.6117493715687,0.6369223498743137,0
2,12594.462253621969,1,259,1944,3,0.7340728686359502,0,6297.231126810984,1.2594462253621967,0
0,28240.63200603355,1,62,382,2,0.9395743830818576,0,14120.316003016775,2.824063200603355,0
3,775.836246697667,1,528,1682,1,0.972406728820727,0,387.9181233488335,0.0775836246697667,0
4,5204.467514688269,4,221,1305,3,0.8536292804436131,1,1040.893502937654,0.5204467514688269,0
0,10473.154550741896,2,107,1615,5,0.8218095708841541,0,3491.0515169139653,1.0473154550741897,0
3,2693.047347814535,3,229,79,5,0.9373004139881681,1,673.2618369536337,0.2693047347814535,0
1,64692.69433526956,0,103,776,2,0.9758807895292112,0,64692.69433526956,6.469269433526956,0
3,3780.109073896575,1,25,222,2,0.816365401900246,0,1890.0545369482875,0.3780109073896575,0
4,7711.351751134885,1,254,841,5,0.9164417944716812,0,3855.6758755674423,0.7711351751134885,0
3,15791.490787865905,1,348,517,2,0.9184701065912373,1,7895.7453939329525,1.5791490787865905,0
2,3985.6602186055725,2,261,1549,2,0.9142286400657041,1,1328.5534062018576,0.39856602186055723,0
4,883.695320035054,1,53,772,4,0.4466958490340125,0,441.847660017527,0.0883695320035054,0
1,4844.573868894101,1,628,1390,5,0.9567258467160836,0,2422.2869344470505,0.4844573868894101,0
2,27870.628381841896,1,6,446,5,0.8459687776119953,0,13935.314190920948,2.7870628381841898,0
3,5408.493395076169,2,81,174,2,0.7836457576850879,1,1802.8311316920563,0.5408493395076169,0
4,2934.460320695349,0,61,1153,1,0.7858120752094426,0,2934.460320695349,0.2934460320695349,0
1,24607.50240907189,2,10,745,4,0.8552226902663964,0,8202.500803023964,2.460750240907189,0
2,5448.3610887512,2,105,576,1,0.8284127441487897,0,1816.1203629170668,0.54483610887512,0
1,4393.172998182197,2,196,1596,2,0.7467605259997872,0,1464.3909993940658,0.4393172998182197,0
3,9694.822970133127,4,429,1469,5,0.7928427781781864,1,1938.9645940266255,0.9694822970133128,0
1,20432.871918860892,1,915,1927,1,0.8362159116386058,0,10216.435959430446,2.043287191886089,0
0,141217.45820532594,2,331,1162,3,0.5555303219510322,1,47072.48606844198,10.0,0
2,21865.893538957596,1,127,1076,1,0.8224063570072616,1,10932.946769478798,2.1865893538957595,0
1,32591.53788780778,3,258,585,5,0.8936022043702353,0,8147.884471951945,3.259153788780778,0
3,4415.341946940716,1,372,650,2,0.6526204642147624,0,2207.670973470358,0.4415341946940716,0
3,2366.005272159643,4,126,1594,1,0.8684190998011996,0,473.2010544319286,0.2366005272159643,0
1,8732.418289174355,0,308,1037,2,0.8371153654625378,0,8732.418289174355,0.8732418289174355,0
3,9215.147701116652,2,132,1631,4,0.619550293096411,0,3071.715900372217,0.9215147701116652,0
4,2221.15966558438,0,98,655,3,0.9061701163171384,0,2221.15966558438,0.22211596655843802,0
4,6565.9111367095775,2,150,1144,5,0.7044283488236777,0,2188.6370455698593,0.6565911136709578,0
4,13084.467544220297,2,226,749,5,0.7935279324177116,1,4361.489181406766,1.3084467544220297,0
0,12487.35828097696,0,260,188,2,0.807356948426601,0,12487.35828097696,1.248735828097696,0
1,55472.366802379875,10,2,59,3,0.8822643238336461,4,5042.942436579989,5.5472366802379875,1
0,11489.141790203532,4,170,1588,5,0.8463334774331849,0,2297.8283580407065,1.1489141790203532,0
3,4409.8220179101945,1,482,1604,1,0.9254324147807119,0,2204.9110089550973,0.44098220179101943,0
0,4373.501597034019,2,749,179,5,0.8243976081393236,0,1457.8338656780063,0.4373501597034019,0
3,1922.2628185573676,2,52,450,1,0.8009979549720283,0,640.7542728524559,0.19222628185573676,0
3,68990.91077625213,0,43,1294,5,0.8817070594544149,0,68990.91077625213,6.899091077625213,0
2,8234.932431537374,1,226,691,1,0.2862628564265248,0,4117.466215768687,0.8234932431537374,0
4,6186.818955655389,1,108,486,4,0.8341699945005293,0,3093.4094778276944,0.6186818955655389,0
3,2658.319678233441,3,5,1473,2,0.7774310624234678,1,664.5799195583603,0.2658319678233441,1
2,970859.3761653558,6,10,1186,4,0.8214225434748387,3,138694.19659505083,10.0,1
4,2235.022024435171,3,329,1723,1,0.9045468660434371,0,558.7555061087927,0.22350220244351707,0
3,4843.4496782641945,0,320,1525,2,0.9159401261542431,0,4843.4496782641945,0.48434496782641945,0
3,13346.429882647188,2,137,1628,3,0.6958140478145904,0,4448.809960882396,1.3346429882647188,0
0,16651.499624547327,2,128,1291,1,0.9544187627206162,0,5550.499874849109,1.6651499624547326,0
0,25578.78219399216,2,174,107,5,0.8989944265373189,0,8526.26073133072,2.557878219399216,0
4,70907.40921043808,1,50,1186,5,0.8462595693587467,0,35453.70460521904,7.090740921043809,0
3,14874.285364735037,0,150,749,3,0.6786877714260756,0,14874.285364735037,1.4874285364735036,0
1,2281.8984752066813,4,3,1195,4,0.9524375528385002,1,456.3796950413363,0.22818984752066812,1
0,5953.090942892563,0,130,457,1,0.9238076408439689,0,5953.090942892563,0.5953090942892564,0
4,11724.065011939492,2,82,1533,5,0.9153744422786102,0,3908.0216706464976,1.1724065011939493,0
3,944826.88875099,6,5,1158,2,0.9388922309389486,5,134975.26982157,10.0,1
3,1514.1862211782961,0,204,1691,3,0.898905357374492,0,1514.1862211782961,0.1514186221178296,0
1,34306.55786471083,4,96,449,4,0.9267808327120608,0,6861.311572942165,3.4306557864710827,0
4,40050.41651209183,11,18,405,4,0.6405476323891937,5,3337.534709340986,4.005041651209184,1
3,22145.656075674222,1,59,148,2,0.9337089586075303,0,11072.828037837111,2.214565607567422,0
0,7169.608574882603,1,201,1594,2,0.8084481987900952,0,3584.8042874413013,0.7169608574882602,0
1,2948.585503045265,1,16,567,3,0.6107794039432919,0,1474.2927515226324,0.2948585503045265,0
4,19951.25515310588,0,23,157,2,0.7770616320019982,0,19951.25515310588,1.9951255153105882,0
1,17770.89405567832,3,209,201,5,0.8208771368741996,0,4442.72351391958,1.777089405567832,0
0,26016.035031611587,0,282,955,4,0.8856628307533642,0,26016.035031611587,2.601603503161159,0
4,7974.740895602617,0,78,899,2,0.9175034530003369,0,7974.740895602617,0.7974740895602617,0
1,3945.0368414863565,2,135,798,1,0.8312723491291656,0,1315.0122804954522,0.3945036841486356,0
2,1248.197270778045,4,583,76,2,0.7722221397831992,0,249.63945415560903,0.1248197270778045,0
0,21660.550197246343,1,583,168,4,0.6858100247695256,0,10830.275098623171,2.1660550197246344,0
0,13476.023911921046,1,74,772,5,0.9208847869565291,0,6738.011955960523,1.3476023911921045,0
0,2542.901016010373,1,333,149,2,0.8272763710066795,0,1271.4505080051865,0.2542901016010373,0
2,4245.91062171021,0,181,52,5,0.6255096368159938,0,4245.91062171021,0.424591062171021,0
2,4628.043213433044,3,742,855,1,0.7243971953151239,1,1157.010803358261,0.4628043213433044,0
3,1367.061304348985,0,130,1915,4,0.5360205145844927,0,1367.061304348985,0.1367061304348985,0
1,3037.4727732630713,1,299,1402,3,0.7633603888479337,0,1518.7363866315357,0.30374727732630713,0
3,2078.5037686142473,2,293,1602,4,0.5933748826771298,2,692.8345895380825,0.20785037686142474,0
1,40236.748605758956,7,4,1179,3,0.7268611886018679,5,5029.5935757198695,4.023674860575896,1
2,3339.4553439663637,1,318,1303,3,0.9812172699587499,0,1669.7276719831818,0.3339455343966364,0
2,1150.0884080410754,0,61,353,4,0.8837150108989033,0,1150.0884080410754,0.11500884080410753,0
3,91776.19935275259,3,27,226,3,0.921816905471946,0,22944.049838188148,9.17761993527526,1
4,36426.39314344417,2,111,133,5,0.816137681973562,0,12142.131047814722,3.642639314344417,0
3,3181.718358620391,2,576,312,1,0.8952031743520664,0,1060.572786206797,0.3181718358620391,0
1,11236.308856718448,3,139,1269,2,0.7487850270861491,1,2809.077214179612,1.1236308856718449,0
3,13372.533021826806,3,202,1322,3,0.8852316623756021,0,3343.1332554567016,1.3372533021826807,0
0,235520.8104767408,10,13,1455,3,0.7887685869577762,2,21410.982770612798,10.0,1
1,3034.111677828975,3,29,507,4,0.6017634412033329,0,758.5279194572438,0.3034111677828975,1
1,30047.301655663894,1,99,1734,5,0.6508424546708768,0,15023.650827831947,3.0047301655663894,0
4,4198.630312244119,3,246,1791,2,0.7633855557118339,2,1049.6575780610297,0.4198630312244119,0
2,1631.0269319086715,1,716,458,3,0.8919131118181858,0,815.5134659543357,0.16310269319086715,0
1,19321.309233456897,3,37,1154,5,0.7764661191773922,0,4830.327308364224,1.9321309233456898,1
2,38135.85172989425,2,106,1774,2,0.7648257532772741,1,12711.950576631418,3.8135851729894252,0
3,1462750.9928293321,8,19,1485,4,0.8183090643977262,5,162527.888092148,10.0,1
0,1920.4785560198804,0,56,255,3,0.8237358647563298,0,1920.4785560198804,0.19204785560198803,0
4,18745.399140164805,0,95,869,4,0.8530087253955855,0,18745.399140164805,1.8745399140164805,0
2,4955.426449037581,1,156,1064,4,0.796217351983847,0,2477.7132245187904,0.4955426449037581,0
1,20744.375996919578,1,53,1854,3,0.90927775285992,0,10372.187998459789,2.074437599691958,0
2,1387.713265289661,1,52,851,5,0.9218629918762681,0,693.8566326448305,0.1387713265289661,0
1,1780.5476582911667,2,301,944,5,0.9238883776054237,0,593.5158860970556,0.17805476582911667,0
2,3193.747311656335,1,658,922,4,0.8821372097991834,0,1596.8736558281676,0.31937473116563353,0
1,8908.461681752497,1,79,437,4,0.6170154122698134,0,4454.230840876248,0.8908461681752496,0
3,3754.4702667831316,3,233,1885,1,0.9154634629774178,1,938.6175666957829,0.37544702667831314,0
1,17869.760624780083,1,60,943,2,0.9256822220259732,0,8934.880312390042,1.7869760624780082,0
1,27785.610059588576,2,527,816,4,0.8190292922103507,0,9261.87001986286,2.7785610059588577,0
0,16638.807539113226,3,224,1472,4,0.8369693767590368,2,4159.7018847783065,1.6638807539113225,0
1,56531.04117481521,2,325,1081,2,0.9235580008963055,0,18843.68039160507,5.653104117481521,0
0,13346.266413947704,1,11,1699,3,0.8402969651545154,0,6673.133206973852,1.3346266413947703,0
4,1881.3106131481866,0,183,1590,5,0.7889769638899606,0,1881.3106131481866,0.18813106131481866,0
0,41608.169793985726,4,150,499,3,0.9433430794893233,1,8321.633958797145,4.1608169793985725,0
3,3919.8650935155692,1,70,1549,2,0.9721503908232626,1,1959.9325467577846,0.39198650935155693,0
0,24161.172937857635,0,61,391,2,0.7653943355275055,0,24161.172937857635,2.4161172937857636,0
4,53555.889966571995,2,174,1146,1,0.7594662237384576,1,17851.963322190666,5.3555889966571995,0
3,14016.99236372861,1,246,909,1,0.8528929473627204,1,7008.496181864305,1.401699236372861,0
2,1345.6190201685408,3,7,170,5,0.6708129318097821,0,336.4047550421352,0.13456190201685408,1
2,2692.2845848097995,1,168,351,4,0.7780472627801278,0,1346.1422924048998,0.2692284584809799,0
0,39628.084889973616,1,38,1010,2,0.8373737120803159,0,19814.042444986808,3.9628084889973616,0
0,6614.720195913119,0,31,933,1,0.951990714402852,0,6614.720195913119,0.6614720195913119,0
4,73852.83349698603,5,14,930,3,0.7132038238463996,6,12308.805582831004,7.385283349698603,1
4,20142.54048132895,0,75,283,1,0.8426143519509759,1,20142.54048132895,2.0142540481328948,0
1,18687.07588010287,2,117,115,3,0.8102523826490841,1,6229.025293367624,1.8687075880102872,0
4,11322.64265796961,1,90,279,1,0.6350586572961994,0,5661.321328984805,1.132264265796961,0
1,6308.1514345201385,1,210,971,3,0.7336188365453158,0,3154.0757172600693,0.6308151434520138,0
3,5568.037100302912,1,128,1616,1,0.9237823291270119,1,2784.018550151456,0.5568037100302913,0
0,22685.44005360448,2,662,1892,1,0.9461106310623358,1,7561.813351201494,2.268544005360448,0
3,15745.08350770579,1,87,1882,5,0.6800160003645845,0,7872.541753852895,1.574508350770579,0
4,59342.19706173448,6,6,100,4,0.6954659650829003,4,8477.456723104926,5.934219706173447,1
3,148330.07521847423,5,10,708,2,0.9263532269108705,2,24721.67920307904,10.0,1
3,63052.287429968565,8,9,1680,4,0.8111111661648766,3,7005.809714440951,6.3052287429968565,1
3,2916.1087620345156,0,161,1402,5,0.7703554943367286,0,2916.1087620345156,0.29161087620345155,0
4,16320.594210556696,7,8,436,3,0.603721930674949,4,2040.074276319587,1.6320594210556696,1
3,2503.665147968912,1,128,1111,4,0.6957459609531026,0,1251.832573984456,0.2503665147968912,0
1,5843.633050426954,1,66,1783,2,0.7274993298595441,0,2921.816525213477,0.5843633050426954,0
4,35613.11094470313,1,2,802,2,0.9544268573958152,0,17806.555472351563,3.561311094470313,0
3,3083.7010147730734,3,49,1246,3,0.8646364297495597,2,770.9252536932684,0.30837010147730737,1
4,10159.565080935843,3,241,542,2,0.8307342923225111,0,2539.8912702339608,1.0159565080935844,0
2,3684.804628777489,0,295,1841,5,0.9056913452142125,0,3684.804628777489,0.36848046287774894,0
1,5929.10854181451,0,66,1528,4,0.8814820757940314,0,5929.10854181451,0.5929108541814511,0
3,1323.388200670791,2,105,90,2,0.9530674356843335,0,441.12940022359703,0.13233882006707912,0
2,6218.936093313857,3,8,1994,4,0.8288779629821176,0,1554.7340233284642,0.6218936093313857,1
2,43388.28730193409,10,8,995,1,0.9059930915479607,4,3944.389754721281,4.338828730193409,1
4,15496.129047444345,0,303,1202,4,0.8521631850785399,0,15496.129047444345,1.5496129047444345,0
2,99742.10754422491,5,3,1127,3,0.8193849889287648,5,16623.684590704153,9.974210754422492,1
1,1923.5533352881384,1,47,135,5,0.7639547513166114,0,961.7766676440692,0.19235533352881384,0
1,264107.17916926445,9,14,1797,2,0.44650859981540914,3,26410.717916926445,10.0,1
0,41477.76396943598,6,12,1342,5,0.8655692650190958,3,5925.394852776569,4.147776396943598,1
1,10281.199556869105,0,47,345,4,0.8577039578019873,0,10281.199556869105,1.0281199556869105,0
2,45945.25838179398,10,9,1094,2,0.9091736273818115,4,4176.84167107218,4.594525838179398,1
1,4353.306992137553,1,219,1288,5,0.8396502896561719,0,2176.6534960687763,0.4353306992137553,0
4,10523.465031722475,0,165,474,3,0.8272775600411125,0,10523.465031722475,1.0523465031722474,0
0,14338.537523077295,1,124,238,1,0.6821909557542535,0,7169.268761538648,1.4338537523077295,0
2,995.9780013924775,4,460,210,1,0.8934977326722604,0,199.1956002784955,0.09959780013924775,0
0,4244.957110601231,1,50,762,3,0.874715127901455,0,2122.4785553006154,0.42449571106012307,0
2,5967.3823059645365,1,271,1614,1,0.7584477946051502,0,2983.6911529822682,0.5967382305964537,0
4,11019.312859694879,2,35,430,3,0.8224870537464715,1,3673.1042865649597,1.1019312859694879,0
0,33927.22970601165,1,192,293,4,0.7672963841816074,1,16963.614853005824,3.392722970601165,0
3,14933.914778783655,11,5,232,3,0.8428554808565999,3,1244.4928982319714,1.4933914778783655,1
2,4457.95662330386,0,123,593,1,0.9180760245533012,0,4457.95662330386,0.44579566233038603,0
3,4380.679232339808,1,258,828,4,0.8393413321986493,0,2190.339616169904,0.43806792323398075,0
0,11108.540487419921,7,9,997,3,0.7729965512588473,4,1388.5675609274901,1.1108540487419922,1
3,5342.111179904659,2,30,1621,3,0.775611449783412,0,1780.7037266348864,0.534211117990466,0
3,20434.14722411234,0,245,142,4,0.907314612434783,0,20434.14722411234,2.0434147224112342,0
0,2287.9177548866037,1,505,417,2,0.9586550046499293,1,1143.9588774433018,0.22879177548866036,0
4,13539.644277963956,2,172,208,1,0.7305773864667129,1,4513.2147593213185,1.3539644277963956,0
3,6163.312744073049,4,1,447,2,0.6137174723754827,3,1232.6625488146096,0.6163312744073048,1
3,4131.494166855419,0,28,1253,4,0.7581488928537902,0,4131.494166855419,0.41314941668554195,0
4,5456.772843745274,2,61,487,4,0.9496837427141342,0,1818.9242812484247,0.5456772843745274,0
3,60465.70401487267,0,22,422,5,0.8899177174706978,0,60465.70401487267,6.0465704014872665,0
3,33740.92076326428,9,3,355,5,0.7800605436478656,4,3374.092076326428,3.374092076326428,1
3,577.3841590347007,2,15,1034,4,0.9714319175211061,0,192.46138634490023,0.05773841590347007,0
1,736.0759539945855,3,51,1452,5,0.8573973210455471,1,184.01898849864637,0.07360759539945855,1
4,8440.82645172034,0,116,1291,3,0.6357683275864955,0,8440.82645172034,0.844082645172034,0
3,16924.626455280715,0,129,1031,2,0.6021679596044741,0,16924.626455280715,1.6924626455280716,0
4,12715.118902290733,3,167,378,4,0.7137662006753854,0,3178.779725572683,1.2715118902290732,0
2,9907.864621499884,1,245,1938,3,0.8190362762218064,0,4953.932310749942,0.9907864621499884,0
2,32686.306803800115,1,10,392,1,0.8070325130074347,1,16343.153401900057,3.2686306803800114,0
3,4240.72928712333,0,17,1812,1,0.7107619146188464,0,4240.72928712333,0.42407292871233304,0
4,23715.702660259332,1,13,773,5,0.5121514575095226,0,11857.851330129666,2.371570266025933,0
4,1143.1948685898562,1,111,1938,5,0.8209210421210984,0,571.5974342949281,0.11431948685898563,0
4,2735.4810894730026,3,9,1236,3,0.9789998057128693,0,683.8702723682507,0.27354810894730025,1
1,926.626272354236,4,275,1951,1,0.8462406776909466,0,185.3252544708472,0.0926626272354236,0
2,43490.64786747655,9,16,207,4,0.9298801724854046,3,4349.0647867476555,4.349064786747656,1
4,7665.511640299632,3,561,1183,2,0.8973216716265721,0,1916.377910074908,0.7665511640299632,0
4,9292.117979242901,1,134,1640,5,0.8331441763535294,1,4646.058989621451,0.9292117979242901,0
1,8727.725036997299,1,119,399,3,0.9551979307509171,0,4363.8625184986495,0.8727725036997299,0
1,2662.274210958835,1,304,775,5,0.9111273984215233,0,1331.1371054794174,0.2662274210958835,0
4,6449.197521021874,2,250,414,3,0.886435493332053,0,2149.7325070072916,0.6449197521021874,0
0,1343.541070908944,0,187,1970,1,0.9206503574656667,0,1343.541070908944,0.1343541070908944,0
4,41600.80388239584,1,548,64,5,0.6673510577914197,0,20800.40194119792,4.160080388239584,0
4,5628.784002855823,2,110,202,3,0.7630311049038251,0,1876.2613342852744,0.5628784002855823,0
1,4506.773008213681,1,331,581,3,0.9007660862832464,0,2253.3865041068407,0.45067730082136814,0
1,54542.112796897505,3,96,1016,5,0.6786723700674968,0,13635.528199224376,5.45421127968975,0
4,1824.9432319298335,1,365,1473,2,0.6644027225826289,0,912.4716159649167,0.18249432319298334,0
4,2099.166128446662,2,61,1125,4,0.7378792473946861,0,699.7220428155539,0.20991661284466617,0
4,2174.459941990976,1,69,904,1,0.8661787225188444,0,1087.229970995488,0.2174459941990976,0
1,7469.283391213078,0,227,518,5,0.8354787913881534,0,7469.283391213078,0.7469283391213078,0
4,13601.80734031773,0,48,1394,5,0.9565842369631574,1,13601.80734031773,1.3601807340317729,0
4,19684.967684413255,1,53,928,2,0.7022884379800186,1,9842.483842206628,1.9684967684413255,0
3,177441.16727686865,1,73,645,1,0.7437654806068834,0,88720.58363843433,10.0,0
0,544.9429198505636,0,228,416,5,0.7158895466570936,1,544.9429198505636,0.05449429198505636,0
2,162549.89785953445,6,18,1911,2,0.6919719949321651,3,23221.41397993349,10.0,1
0,4152.406451149699,2,225,1559,4,0.7696843440499037,0,1384.1354837165663,0.4152406451149699,0
3,4009.0188771865223,1,352,1809,3,0.6900352379663636,0,2004.5094385932612,0.4009018877186522,0
2,3851.7137037189586,3,157,690,4,0.860878754288967,1,962.9284259297397,0.38517137037189586,0
4,2722.9643353507813,3,15,911,4,0.7021854833539541,0,680.7410838376953,0.27229643353507815,1
3,61171.07961644553,0,22,943,4,0.804443380142345,1,61171.07961644553,6.117107961644553,0
4,22264.67882214104,1,162,1089,4,0.9156529884294609,0,11132.33941107052,2.226467882214104,0
1,72453.69855442515,9,1,1484,3,0.9025858046825841,5,7245.3698554425155,7.245369855442515,1
3,40995.55409028378,0,50,1347,1,0.9650223315242094,0,40995.55409028378,4.099555409028378,0
1,1319.4433757934755,0,126,638,1,0.6615309926028139,0,1319.4433757934755,0.13194433757934756,0
3,1641.1522119631213,1,220,1885,2,0.7876904805625402,0,820.5761059815607,0.16411522119631214,0
3,593.7383424373472,0,98,1379,2,0.8372940207699474,0,593.7383424373472,0.05937383424373472,0
1,3500.6451247587543,2,325,141,5,0.8377521704009679,0,1166.881708252918,0.35006451247587544,0
2,9838.300208104682,1,269,507,4,0.6771599021890913,0,4919.150104052341,0.9838300208104681,0
0,9167.59528357858,2,266,1343,4,0.6740462650831874,0,3055.865094526193,0.9167595283578579,0
4,9693.49473151239,5,843,1125,3,0.9392486263500669,0,1615.582455252065,0.969349473151239,0
3,1490.29863155643,1,70,1934,4,0.8105965622309836,0,745.149315778215,0.149029863155643,0
4,86801.2756487488,7,6,1194,3,0.5542309864449529,2,10850.1594560936,8.68012756487488,1
1,10802.71771665079,2,387,1123,5,0.7506660271574356,0,3600.9059055502635,1.080271771665079,0
4,165927.1386888211,9,15,1964,2,0.9347920026181735,4,16592.71386888211,10.0,1
1,836.0474642501996,2,312,1548,2,0.9686557291123878,0,278.68248808339985,0.08360474642501996,0
4,11775.648957828793,1,108,1565,5,0.8734364895658703,0,5887.824478914396,1.1775648957828793,0
0,1948.2400627332672,1,179,1858,5,0.6683086893756413,0,974.1200313666336,0.19482400627332672,0
0,5030.185277650465,1,12,1453,4,0.9301546722657175,0,2515.0926388252324,0.5030185277650465,0
0,15386.37841324217,1,851,1705,2,0.7690592234146661,0,7693.189206621085,1.538637841324217,0
0,9039.076829193318,1,322,436,1,0.5602175190504095,1,4519.538414596659,0.9039076829193318,0
0,2916.53639252149,1,407,1680,5,0.8862312662021207,2,1458.268196260745,0.291653639252149,0
0,8164.312389121654,1,238,1734,2,0.9393278869116483,0,4082.156194560827,0.8164312389121654,0
1,1289.6905975245077,3,42,1362,2,0.8903307402818932,1,322.4226493811269,0.12896905975245077,1
3,32219.29820278322,1,7,1842,3,0.6886785085836292,0,16109.64910139161,3.221929820278322,0
4,6333.822330662326,0,400,1527,2,0.8107162151905561,0,6333.822330662326,0.6333822330662325,0
0,31016.04508971726,3,101,420,5,0.46461859823069446,0,7754.011272429315,3.101604508971726,0
1,4307.711103181305,0,62,233,4,0.8844232223615454,0,4307.711103181305,0.4307711103181305,0
1,4323.0169861572085,3,165,821,2,0.752384620001962,0,1080.7542465393021,0.4323016986157209,0
1,3238.8572826443947,2,110,1735,1,0.6781766500710991,0,1079.6190942147982,0.32388572826443945,0
3,23188.429806828455,1,211,254,5,0.6894335480053708,0,11594.214903414228,2.3188429806828457,0
4,3458.8194527594123,2,133,1003,4,0.6583565898644783,0,1152.9398175864708,0.34588194527594124,0
3,17562.382205583348,4,239,221,4,0.9260189977638894,0,3512.47644111667,1.756238220558335,0
2,5120.754768014923,1,385,874,5,0.4965626926084349,0,2560.3773840074614,0.5120754768014922,0
1,756.6070575456073,0,44,271,4,0.7733711888806782,0,756.6070575456073,0.07566070575456073,0
2,14828.163970444715,11,16,1241,1,0.8491222725293617,2,1235.680330870393,1.4828163970444714,1
0,1968.5847110642317,2,115,1317,2,0.8340504894121945,0,656.1949036880773,0.19685847110642316,0
0,8439.54155864628,3,655,1291,5,0.9102386580790423,0,2109.88538966157,0.8439541558646281,0
3,1942.0719880492318,3,91,1129,2,0.5333843048861158,0,485.51799701230794,0.19420719880492318,0
4,24616.448110189645,4,96,1648,2,0.7588586625805243,1,4923.289622037929,2.4616448110189646,0
2,24911.6542287521,6,14,664,4,0.9561476929391427,5,3558.807746964586,2.49116542287521,1
4,49242.17451554365,5,5,1958,5,0.5885980343285782,4,8207.029085923941,4.924217451554365,1
3,17802.079678836715,1,605,216,2,0.8028051469823577,1,8901.039839418358,1.7802079678836715,0
0,25762.837379982528,1,450,1592,3,0.8141204628607237,0,12881.418689991264,2.576283737998253,0
4,7909.987637587087,1,145,191,1,0.8019796157627559,1,3954.9938187935436,0.7909987637587087,0
4,17117.608001359644,7,14,174,4,0.5640169886500336,4,2139.7010001699555,1.7117608001359643,1
0,964.139950234689,1,12,139,5,0.8393546427731883,1,482.0699751173445,0.0964139950234689,0
2,3557.240175358567,1,238,1987,5,0.7516008779094099,1,1778.6200876792834,0.3557240175358567,0
0,3863.5638125996516,5,246,360,4,0.7710450576643374,0,643.9273020999419,0.38635638125996513,0
4,9213.904157344821,1,90,1444,2,0.800089742593159,0,4606.952078672411,0.9213904157344821,0
2,5355.202207292362,2,50,1001,4,0.8898665841435303,0,1785.0674024307873,0.5355202207292362,0
2,18499.88077519717,2,494,265,5,0.9120522051293344,0,6166.626925065723,1.8499880775197168,0
0,3883.2203460907112,2,112,1514,3,0.7459630137531882,0,1294.406782030237,0.3883220346090711,0
4,63629.35821231796,10,14,1708,2,0.8297036726018873,2,5784.487110210724,6.362935821231796,1
3,33549.75808646467,2,7,1957,4,0.766193692912847,2,11183.252695488225,3.354975808646467,0
4,12212.194207651455,1,107,1259,5,0.9096281920488248,0,6106.097103825728,1.2212194207651454,0
1,7539.830268757194,1,340,932,5,0.9317176403968963,0,3769.915134378597,0.7539830268757194,0
3,3935.0020022319345,2,99,1226,5,0.7229237491825284,0,1311.6673340773116,0.39350020022319343,0
2,3790.0038880324523,1,185,810,3,0.8998685325868783,0,1895.0019440162262,0.3790003888032452,0
3,2919.7815956586733,3,48,1699,2,0.713887081860253,1,729.9453989146683,0.2919781595658673,1
2,4233.531361791825,4,108,145,4,0.925585879483675,0,846.7062723583649,0.42335313617918247,0
2,20066.33885755602,2,526,759,2,0.842228813963411,0,6688.77961918534,2.006633885755602,0
3,6208.869258987448,1,168,1409,5,0.9529959932796629,0,3104.434629493724,0.6208869258987448,0
2,1604.0265116380606,0,465,1588,3,0.9697150489402262,0,1604.0265116380606,0.16040265116380606,0
2,67629.74308106728,1,465,198,3,0.7469415748868633,1,33814.87154053364,6.762974308106728,0
1,11896.00881772537,1,578,977,5,0.811260948777165,0,5948.004408862685,1.189600881772537,0
4,1497.673105122768,0,452,1971,2,0.935203057926855,0,1497.673105122768,0.1497673105122768,0
4,4768.472430005316,0,1,1696,2,0.8254517774304184,0,4768.472430005316,0.4768472430005316,0
1,9256.336836787372,0,544,1605,3,0.8633722969554967,0,9256.336836787372,0.9256336836787372,0
3,379376.66319047066,7,14,764,1,0.9220166738325631,5,47422.08289880883,10.0,1
0,2143.6495444603693,3,9,932,3,0.8610280860436886,0,535.9123861150923,0.21436495444603693,1
0,26140.70254935969,1,12,1475,3,0.9667152686378446,0,13070.351274679844,2.6140702549359687,0
0,43450.76393041933,1,86,1767,4,0.5898797419585183,1,21725.381965209664,4.345076393041933,0
1,3810.8777947620792,1,194,1404,3,0.6448090053232771,1,1905.4388973810396,0.3810877794762079,0
1,5807.95412199401,2,103,1300,1,0.8717416488382681,0,1935.9847073313367,0.580795412199401,0
2,2336.5456580182904,5,6,1877,3,0.877460358647542,1,389.42427633638175,0.23365456580182903,1
0,6347.692440866779,2,130,407,2,0.779580094595097,0,2115.8974802889265,0.6347692440866779,0
3,7754.99189740841,3,117,637,4,0.9296158379192613,1,1938.7479743521026,0.775499189740841,0
3,166735.2550255695,8,1,1902,4,0.8826466803447128,5,18526.1394472855,10.0,1
0,29978.033183685686,1,66,365,3,0.937661312210632,0,14989.016591842843,2.9978033183685686,0
0,3302.0036255119717,2,50,1808,4,0.7352417459470899,1,1100.6678751706572,0.33020036255119717,0
0,764.4907477403701,1,60,934,4,0.7047384335049172,1,382.24537387018506,0.076449074774037,0
1,7899.117038012664,0,73,1109,3,0.9278816807305471,0,7899.117038012664,0.7899117038012664,0
1,11524.667717114113,1,183,1582,1,0.7293740092252616,0,5762.333858557056,1.1524667717114112,0
1,10930.378666041752,5,128,1551,3,0.6789945008833701,1,1821.7297776736252,1.0930378666041751,0
4,5475.24390739963,1,83,1501,2,0.56390836226421,0,2737.621953699815,0.5475243907399631,0
3,9411.640183759966,2,94,1909,5,0.8516622406662158,2,3137.2133945866553,0.9411640183759966,0
3,49937.8129849645,1,93,499,1,0.8755487120035376,0,24968.90649248225,4.99378129849645,0
2,12811.276040291561,2,719,1885,3,0.7319692897116555,0,4270.425346763854,1.2811276040291562,0
1,5176.880273394153,5,54,894,1,0.7287320037535551,0,862.8133788990255,0.5176880273394153,1
4,4446.011225989284,0,341,139,5,0.761182010324588,1,4446.011225989284,0.4446011225989284,0
4,6608.930839267106,1,247,590,4,0.9710340360828815,0,3304.465419633553,0.6608930839267106,0
3,57762.08983099769,2,2,225,4,0.7592548337980343,0,19254.029943665897,5.776208983099769,0
1,6503.131756663014,1,998,1493,5,0.8508539487799105,0,3251.565878331507,0.6503131756663014,0
2,7912.877594480362,3,283,1805,4,0.9034063231125105,1,1978.2193986200905,0.7912877594480362,0
1,4542.458729785734,2,230,697,1,0.8176805965982865,0,1514.152909928578,0.45424587297857344,0
0,30296.27446327224,4,104,950,4,0.8762975683544646,0,6059.254892654448,3.0296274463272237,0
1,85118.92758993154,2,163,1937,5,0.8040867665983696,0,28372.975863310512,8.511892758993154,0
0,84179.78755086713,7,8,736,5,0.821799408235277,4,10522.473443858391,8.417978755086713,1
0,8949.272155395825,1,8,1711,5,0.8114317973877433,0,4474.636077697913,0.8949272155395825,0
2,8468.760185769526,2,362,1244,2,0.8081659970518987,0,2822.9200619231756,0.8468760185769526,0
3,463.5118047774533,1,454,443,1,0.5616581766896518,0,231.75590238872664,0.04635118047774533,0
1,19814.73312381143,3,36,1339,5,0.9259487446325514,2,4953.683280952858,1.9814733123811432,1
0,9518.568027526899,1,310,553,1,0.8950643490663467,0,4759.284013763449,0.9518568027526899,0
1,64396.91827876502,13,17,1207,2,0.8176283069850103,5,4599.779877054644,6.439691827876502,1
3,3450.3997300611454,2,40,1857,1,0.9113071243676144,1,1150.1332433537152,0.34503997300611455,0
3,5108.452221424259,0,110,1005,3,0.6091369052863159,1,5108.452221424259,0.5108452221424259,0
4,4948.155086029902,3,110,1099,2,0.9289386666074229,0,1237.0387715074755,0.49481550860299023,0
3,27610.394162164284,0,286,1350,2,0.6885155654209771,0,27610.394162164284,2.7610394162164282,0
2,5143.495553472936,1,364,149,4,0.7402070258616354,0,2571.747776736468,0.5143495553472937,0
0,98636.07900906265,3,20,1515,5,0.9429336643143035,0,24659.019752265664,9.863607900906265,1
4,13589.257947453933,0,166,474,2,0.4772164315411241,0,13589.257947453933,1.3589257947453932,0
2,1753.1699144002357,4,287,1947,1,0.9344588856803064,0,350.63398288004714,0.17531699144002358,0
1,6944.772158491873,0,309,1103,3,0.5004770360039651,0,6944.772158491873,0.6944772158491873,0
0,3707.0431877712126,4,33,1718,1,0.8898980813201507,0,741.4086375542425,0.3707043187771213,1
3,582.1575038063953,2,150,955,1,0.8131518036524915,0,194.05250126879844,0.05821575038063953,0
0,254245.0514156625,11,12,545,3,0.7124135703300802,4,21187.087617971876,10.0,1
1,84943.36330479705,8,3,1936,4,0.8952533617565517,4,9438.151478310783,8.494336330479705,1
4,129044.65264952234,8,17,700,5,0.9169520076720661,4,14338.294738835815,10.0,1
4,9882.140255766259,1,327,1047,2,0.8102354543857204,0,4941.070127883129,0.9882140255766259,0
4,1543.1466925852956,0,19,1264,5,0.92297270718628,0,1543.1466925852956,0.15431466925852955,0
3,4535.358596555445,4,393,1976,4,0.6614334494260382,0,907.0717193110889,0.4535358596555445,0
2,22250.882055241207,1,75,1260,3,0.6723126406262158,0,11125.441027620604,2.225088205524121,0
2,2295.1097994802562,0,1,189,5,0.5665276477449771,0,2295.1097994802562,0.22951097994802563,0
0,388.33828196151126,1,54,369,1,0.8586816150491582,0,194.16914098075563,0.038833828196151124,0
3,6170.115218196293,1,19,1964,2,0.8217374462359891,0,3085.0576090981467,0.6170115218196294,0
4,6835.541257800602,1,20,1822,2,0.8004669392507655,0,3417.770628900301,0.6835541257800601,0
4,71136.36602801905,4,5,418,4,0.9287150490159596,3,14227.273205603811,7.113636602801905,1
1,19423.177961825175,1,49,346,4,0.8159147318613909,0,9711.588980912587,1.9423177961825175,0
1,17415.69298933161,2,546,1273,3,0.9191315397298409,0,5805.230996443869,1.7415692989331608,0
4,11053.736187273147,3,146,845,4,0.4792839428572742,1,2763.434046818287,1.1053736187273147,0
4,34017.74794218202,1,124,1452,5,0.8108252461972494,0,17008.87397109101,3.4017747942182015,0
3,8861.650629182779,4,16,1153,2,0.5645702882489315,3,1772.330125836556,0.8861650629182779,1
2,14846.184532404404,2,236,1520,3,0.7129797626565755,0,4948.728177468135,1.4846184532404405,0
1,17185.92538080415,2,121,550,4,0.9073827840890997,1,5728.641793601383,1.718592538080415,0
2,1830.831028522606,1,28,308,1,0.8330095037712968,0,915.415514261303,0.1830831028522606,0
3,1334.8247243341639,0,425,1686,2,0.7874493763765229,0,1334.8247243341639,0.13348247243341638,0
4,3310.5494389271785,1,112,1617,3,0.4437305834907052,1,1655.2747194635892,0.33105494389271783,0
2,3663.4121334043357,2,16,1862,2,0.665868312749589,1,1221.1373778014452,0.36634121334043357,0
4,20012.319866255864,0,151,1194,5,0.6930078533516981,0,20012.319866255864,2.0012319866255863,0
4,3875.9786299655843,4,209,1128,4,0.8474326826020567,0,775.1957259931169,0.3875978629965584,0
0,2899.755720344119,0,65,1566,4,0.886310376784464,0,2899.755720344119,0.2899755720344119,0
2,32206.5219883435,12,1,67,4,0.7778167910842672,5,2477.4247683341155,3.2206521988343497,1
2,31019.11173189349,3,222,1382,1,0.8893313636139815,1,7754.777932973372,3.101911173189349,0
4,8230.911568913234,1,211,1953,5,0.5635206515724688,0,4115.455784456617,0.8230911568913234,0
3,6534.811425580773,0,110,1706,1,0.5303321560711007,2,6534.811425580773,0.6534811425580773,0
0,7101.017776499806,1,654,159,5,0.8818709173674958,0,3550.508888249903,0.7101017776499806,0
4,38195.477639725636,1,65,380,5,0.9355822308688492,0,19097.738819862818,3.8195477639725635,0
1,3297.7441674299907,3,173,1646,5,0.9288682378428704,1,824.4360418574977,0.32977441674299907,0
1,39285.46763249586,3,74,995,4,0.8817908920936842,0,9821.366908123964,3.9285467632495856,0
0,10431.606455418085,0,274,1337,4,0.8275837315528641,1,10431.606455418085,1.0431606455418085,0
3,6684.166112259268,1,10,317,4,0.7751697902756803,1,3342.083056129634,0.6684166112259268,0
4,162930.75890105416,2,10,484,1,0.8727858030568726,1,54310.25296701805,10.0,1
2,2282.9702429141735,1,334,499,3,0.968239630157211,1,1141.4851214570867,0.22829702429141735,0
0,43861.84905162366,10,13,346,5,0.8495722942371388,4,3987.4408228748784,4.3861849051623665,1
3,1846.5651432881682,2,84,1991,1,0.9610025852735035,0,615.5217144293894,0.18465651432881683,0
2,252312.50026372462,8,7,1712,4,0.9602402430030639,6,28034.72225152496,10.0,1
1,61514.40908284287,0,243,1210,4,0.6052380782338612,0,61514.40908284287,6.151440908284287,0
1,60108.547859264014,1,45,1663,3,0.8442242022671346,1,30054.273929632007,6.010854785926401,0
2,35197.787474591416,2,42,768,4,0.7387305944654765,1,11732.595824863805,3.5197787474591418,0
0,6392.338473023485,1,635,1980,5,0.8374057246805804,0,3196.1692365117424,0.6392338473023484,0
1,20327.128291747988,6,12,1070,2,0.7238440669233025,4,2903.8754702497126,2.0327128291747987,1
4,1090.7232344178638,1,99,1470,4,0.799826067577654,0,545.3616172089319,0.10907232344178637,0
2,93250.83036809934,6,324,233,3,0.8303206318945676,1,13321.547195442763,9.325083036809934,1
2,14225.248011959153,0,149,461,2,0.829473477040541,0,14225.248011959153,1.4225248011959153,0
1,4490.1963673511145,0,56,1674,5,0.7582553835036226,1,4490.1963673511145,0.44901963673511147,0
0,39881.51717207691,2,47,369,5,0.5742206044879989,0,13293.83905735897,3.988151717207691,0
4,2521.6849294841595,5,102,790,5,0.9110260573301435,0,420.28082158069327,0.252168492948416,0
0,13199.661193252432,1,394,1649,3,0.6009986603503413,0,6599.830596626216,1.3199661193252432,0
3,6586.945658859436,1,13,1399,2,0.7362002646067446,1,3293.472829429718,0.6586945658859436,0
3,117297.89890389256,7,17,1640,5,0.917612034353278,2,14662.23736298657,10.0,1
1,7507.905063969295,1,448,854,4,0.944293409969501,0,3753.9525319846475,0.7507905063969295,0
1,1420.673779502287,0,26,466,2,0.9390857716210124,1,1420.673779502287,0.1420673779502287,0
1,8872.320446225254,1,199,1866,5,0.8362252364224755,0,4436.160223112627,0.8872320446225255,0
3,28527.875337120608,0,49,931,2,0.8511102909297494,0,28527.875337120608,2.852787533712061,0
0,7823.914728727332,1,187,840,4,0.8830862708145804,0,3911.957364363666,0.7823914728727331,0
0,20540.17792696688,3,97,1773,1,0.8790362628032665,1,5135.04448174172,2.054017792696688,0
1,13218.584883932266,6,12,1776,5,0.7433167821748922,4,1888.369269133181,1.3218584883932267,1
4,7851.713349754439,2,175,1977,4,0.9029923675164849,0,2617.23778325148,0.7851713349754439,0
0,3829.8750357225276,2,230,1858,3,0.8797311696122391,0,1276.6250119075091,0.38298750357225275,0
3,110983.15617615449,9,17,1680,5,0.6611305592797774,2,11098.315617615448,10.0,1
2,8415.157934955112,1,203,139,1,0.7520535797156626,0,4207.578967477556,0.8415157934955112,0
2,116274.27755739744,11,3,808,4,0.7005103125524693,4,9689.52312978312,10.0,1
2,29889.200635860492,1,147,1514,4,0.9337738108653766,2,14944.600317930246,2.988920063586049,0
4,18581.881836404707,0,202,1148,2,0.8766621648607139,0,18581.881836404707,1.8581881836404708,0
1,11245.711344752908,0,235,623,5,0.7993470356185698,1,11245.711344752908,1.124571134475291,0
3,2445.8433962903173,3,213,1807,1,0.9915765324166372,0,611.4608490725793,0.24458433962903173,0
4,8076.037858494956,2,177,1340,3,0.5824767427245544,0,2692.0126194983186,0.8076037858494955,0
3,4273.940513607929,1,34,1012,2,0.8129386135136061,0,2136.9702568039643,0.42739405136079284,0
3,5362.165866164053,0,48,985,5,0.885395730949096,0,5362.165866164053,0.5362165866164054,0
1,5169.6435490461545,2,61,1706,1,0.8668657184781944,1,1723.2145163487182,0.5169643549046155,0
2,2500.1082508561194,1,505,1385,2,0.9228872672672531,0,1250.0541254280597,0.25001082508561195,0
1,773.7073435958699,1,285,1894,1,0.7262563917633582,0,386.85367179793496,0.077370734359587,0
4,3634.50549930065,1,161,1926,1,0.9256216584022517,0,1817.252749650325,0.36345054993006504,0
4,10219.52456185336,2,59,1556,2,0.5597414776238593,0,3406.5081872844535,1.0219524561853361,0
4,1607.1015330648286,3,24,1101,2,0.6899423891742992,0,401.77538326620714,0.16071015330648286,1
1,8257.017169198592,3,459,1415,5,0.9349869731913042,0,2064.254292299648,0.8257017169198593,0
3,79246.78389687452,0,447,475,2,0.5769993477122709,1,79246.78389687452,7.924678389687452,0
3,27657.932798832862,2,24,932,5,0.515919760916369,1,9219.310932944287,2.7657932798832863,0
0,58235.46491561389,3,320,1887,1,0.7620580139418709,0,14558.866228903473,5.823546491561389,0
4,123681.387261325,7,3,835,2,0.5365722466233293,4,15460.173407665625,10.0,1
3,32892.889460812214,2,79,584,5,0.921044875929111,0,10964.296486937405,3.2892889460812214,0
0,3399.0196250075473,1,269,1483,5,0.8863701781150782,0,1699.5098125037737,0.3399019625007547,0
3,11718.399811892146,6,4,1684,3,0.8509074661499506,5,1674.0571159845924,1.1718399811892146,1
4,302.78765542016185,2,303,334,5,0.9775932522170557,1,100.92921847338728,0.030278765542016185,0
2,112739.37115154367,8,9,1893,5,0.9057331281255,4,12526.596794615964,10.0,1
4,51451.18513978933,1,77,671,3,0.7086127901393945,0,25725.592569894667,5.145118513978933,0
1,4172.1522368155265,1,77,1788,4,0.7279967970765039,0,2086.0761184077633,0.41721522368155267,0
3,5974.513508559978,3,81,1179,2,0.7167215612569932,0,1493.6283771399944,0.5974513508559978,0
3,23681.121575500874,9,3,553,3,0.7126099392348367,4,2368.1121575500874,2.3681121575500876,1
1,12825.417995800364,0,67,95,5,0.6480525416365573,0,12825.417995800364,1.2825417995800363,0
1,31254.512800793997,1,118,1842,5,0.9673947355793086,0,15627.256400396998,3.1254512800793997,0
2,1000.9187741752578,5,92,1520,2,0.969022234128321,0,166.8197956958763,0.10009187741752577,0
3,82061.85919185726,6,1,1217,1,0.8309058198880576,2,11723.122741693895,8.206185919185726,1
3,5813.824378097572,0,186,586,3,0.945762525402457,0,5813.824378097572,0.5813824378097572,0
2,9284.236772552744,1,213,111,4,0.6126060379451439,0,4642.118386276372,0.9284236772552744,0
0,14055.833748614179,3,48,1815,2,0.9762153826157033,0,3513.9584371535448,1.405583374861418,1
2,22263.731389324555,10,7,1155,2,0.6603587583181395,3,2023.9755808476868,2.2263731389324555,1
4,35337.71477799418,6,3,385,3,0.8546530186500025,3,5048.244968284883,3.533771477799418,1
3,6268.860000126723,1,23,260,5,0.9015327546674966,0,3134.4300000633616,0.6268860000126724,0
1,25961.746422414006,0,62,449,5,0.9426135326985394,1,25961.746422414006,2.5961746422414005,0
4,13393.328008843935,1,14,758,4,0.9248404815945631,0,6696.664004421968,1.3393328008843934,0
3,10558.645112465585,1,185,396,3,0.7369557098159045,0,5279.3225562327925,1.0558645112465586,0
2,1763.1511877719786,1,1257,1271,2,0.8578206417984088,0,881.5755938859893,0.17631511877719785,0
4,5144.607245054025,1,22,426,3,0.9086976661895088,1,2572.3036225270125,0.5144607245054025,0
3,23822.90977874602,1,345,1235,1,0.860377366779911,0,11911.45488937301,2.382290977874602,0
0,8478.051171973108,0,26,1281,2,0.811966042004748,0,8478.051171973108,0.8478051171973108,0
0,17879.994900257494,1,222,870,4,0.5153131066315363,0,8939.997450128747,1.7879994900257494,0
1,638484.754091201,8,6,968,4,0.7232374118385506,5,70942.7504545779,10.0,1
3,28178.858665422606,1,467,1500,2,0.7723510063505821,0,14089.429332711303,2.8178858665422606,0
0,35026.897813743635,10,17,93,5,0.7688646512174029,2,3184.2634376130577,3.5026897813743636,1
2,4388.808231561076,4,76,849,2,0.7604610269490465,0,877.7616463122152,0.43888082315610766,0
3,378.32003268582866,0,20,1564,2,0.7825785315558048,0,378.32003268582866,0.03783200326858287,0
2,6620.578905262642,0,105,1352,1,0.8247171058411359,0,6620.578905262642,0.6620578905262642,0
2,5479.586960992492,1,486,1989,2,0.9400178230300957,0,2739.793480496246,0.5479586960992492,0
0,12944.67043858984,0,305,836,3,0.3325363288229123,0,12944.67043858984,1.294467043858984,0
3,6736.62089724066,1,257,782,3,0.7151438205999563,0,3368.31044862033,0.673662089724066,0
4,5516.715415120809,0,153,1017,4,0.7235192322373291,1,5516.715415120809,0.5516715415120809,0
0,957.8788258569119,2,430,1870,5,0.8777491732927988,0,319.292941952304,0.0957878825856912,0
0,2622.9072134176063,2,120,1219,4,0.8773552239266026,0,874.3024044725354,0.2622907213417606,0
3,14356.832624671657,1,33,1142,1,0.9535212199049682,0,7178.4163123358285,1.4356832624671656,0
3,63518.66999647971,1,364,701,2,0.734154940807754,1,31759.334998239854,6.351866999647971,0
2,71320.59141996813,4,12,571,4,0.8036432605009332,5,14264.118283993626,7.1320591419968125,1
3,12008.539351139996,0,12,160,2,0.8253171770305554,1,12008.539351139996,1.2008539351139995,0
2,25411.92391549174,3,27,1622,4,0.6318987104156919,1,6352.980978872935,2.541192391549174,1
0,3062.3175469119988,3,188,1666,2,0.7258079657347313,0,765.5793867279997,0.3062317546911999,0
1,12583.942204393095,1,187,657,4,0.9127481204520119,0,6291.971102196548,1.2583942204393095,0
4,3332.279463609122,0,61,1128,3,0.8998251851297644,1,3332.279463609122,0.3332279463609122,0
0,22874.758350816985,3,260,1717,1,0.9526819098102625,0,5718.689587704246,2.2874758350816986,0
3,9717.499949621573,2,298,1296,4,0.9576670988264141,0,3239.1666498738578,0.9717499949621573,0
4,11592.831092464718,0,507,945,3,0.8702570643665755,0,11592.831092464718,1.1592831092464717,0
1,3168.0821478226235,3,176,1648,5,0.8780591568135878,0,792.0205369556559,0.31680821478226234,0
1,132838.25498689892,7,4,573,4,0.5514958312590968,5,16604.781873362364,10.0,1
2,98879.33086011422,2,280,195,2,0.5622137071287577,0,32959.77695337141,9.887933086011422,0
4,2417.540464837318,2,60,313,1,0.8487541601167727,0,805.8468216124393,0.24175404648373178,0
2,5389.938160453157,0,75,1617,3,0.9331869971436608,0,5389.938160453157,0.5389938160453157,0
0,10699.25047575626,2,131,517,3,0.7237238171153547,0,3566.4168252520867,1.0699250475756261,0
4,20820.37709996077,3,4,1634,1,0.8243085083622644,0,5205.094274990192,2.0820377099960767,1
0,4140.386656104552,1,71,921,4,0.906655968481295,0,2070.193328052276,0.41403866561045516,0
2,270.5247663668655,0,129,1008,2,0.6649551200294596,0,270.5247663668655,0.02705247663668655,0
4,41399.63705538467,1,23,1260,5,0.7432965207110006,0,20699.818527692336,4.1399637055384675,0
2,20183.230059272173,3,27,1416,4,0.9475671821756346,0,5045.807514818043,2.0183230059272175,1
4,1000.7079349015746,3,125,1172,1,0.8363300157037712,1,250.17698372539365,0.10007079349015746,0
2,3908.5332310061767,5,263,728,4,0.8946671274169588,0,651.4222051676961,0.39085332310061766,0
1,53200.27877421298,2,359,1379,4,0.9263879127062479,1,17733.426258070995,5.320027877421298,0
2,46044.136387801445,1,159,1798,1,0.6933950417286674,0,23022.068193900723,4.604413638780144,0
1,24993.42394915047,2,129,1272,1,0.9037687635502658,1,8331.14131638349,2.499342394915047,0
2,6559.469955768589,3,97,807,5,0.8385304602334409,1,1639.8674889421472,0.6559469955768589,0
4,8951.576155959303,2,43,1227,1,0.8454746211955472,1,2983.858718653101,0.8951576155959303,0
4,6924.970241906216,2,32,968,1,0.936384025095064,1,2308.323413968739,0.6924970241906216,0
4,31378.79859688338,1,314,1169,1,0.7140658480602916,0,15689.39929844169,3.1378798596883377,0
3,2832.7099507083526,1,126,624,3,0.8247022267509984,1,1416.3549753541763,0.28327099507083525,0
0,3081.0952522581633,1,313,755,1,0.8288217186618198,0,1540.5476261290817,0.3081095252258163,0
4,27236.942316544286,3,244,883,1,0.6215827439868588,0,6809.2355791360715,2.7236942316544286,0
1,7683.006749660536,0,44,1432,1,0.8338150527245097,0,7683.006749660536,0.7683006749660536,0
4,42368.516352465005,0,143,863,5,0.9013663450106263,0,42368.516352465005,4.2368516352465,0
3,3619.840892925429,3,118,448,4,0.8134043826640206,1,904.9602232313573,0.36198408929254294,0
1,45613.957670856056,11,19,1857,1,0.8357554823720835,5,3801.1631392380045,4.561395767085606,1
3,2678.7469767630355,3,157,1449,1,0.8295458217555077,0,669.6867441907589,0.26787469767630356,0
1,8174.993639385085,1,805,651,5,0.9040109104242031,0,4087.4968196925424,0.8174993639385085,0
2,1374.3603139091042,1,336,377,4,0.7745081612079407,1,687.1801569545521,0.13743603139091043,0
0,4513.55285391728,0,469,1345,5,0.9782048395333431,0,4513.55285391728,0.45135528539172803,0
0,1445.9117379392885,1,7,1670,2,0.9049087823524229,0,722.9558689696443,0.14459117379392886,0
3,18633.34282430661,0,31,1368,2,0.9097313411914899,0,18633.34282430661,1.863334282430661,0
0,19147.11264861129,1,18,444,2,0.852145457382281,0,9573.556324305646,1.914711264861129,0
3,5219.440699382265,7,6,1545,1,0.8820196851174396,4,652.4300874227831,0.5219440699382265,1
3,40161.45141806779,3,117,597,5,0.9274415053049169,0,10040.362854516947,4.016145141806779,0
3,162250.73290721275,2,206,1091,1,0.7182850360031047,0,54083.57763573758,10.0,0
0,8563.015319712364,0,139,968,2,0.8027508183019739,0,8563.015319712364,0.8563015319712364,0
3,3754.321621148772,2,467,126,4,0.8743710480862736,0,1251.440540382924,0.3754321621148772,0
0,1284704.8771565575,6,14,1122,4,0.7447756315901817,4,183529.26816522251,10.0,1
3,1664.4296680749126,1,36,1571,5,0.876543044359584,0,832.2148340374563,0.16644296680749127,0
4,8300.97087838229,2,384,1499,4,0.9582819002386989,1,2766.9902927940966,0.830097087838229,0
3,10052.199318006069,2,132,1944,2,0.9386177980042613,0,3350.733106002023,1.005219931800607,0
1,171571.37991743314,10,2,1821,5,0.9659506454020124,6,15597.398174312104,10.0,1
3,12477.555759681167,0,308,1629,5,0.8873636749874705,2,12477.555759681167,1.2477555759681167,0
2,4454.362914396005,1,20,1067,2,0.8894927358743973,1,2227.1814571980026,0.4454362914396005,0
3,2587.83980753457,0,429,1694,2,0.8029479164291273,0,2587.83980753457,0.258783980753457,0
1,5376.612541398712,3,223,178,2,0.7693253541619756,0,1344.153135349678,0.5376612541398712,0
1,14269.122837105117,9,12,568,2,0.7599053512067979,3,1426.9122837105117,1.4269122837105117,1
0,50010.77564805823,7,2,353,5,0.8941069821991389,5,6251.346956007279,5.001077564805823,1
4,4117.348158110887,0,146,1185,4,0.8972038731587061,1,4117.348158110887,0.41173481581108873,0
3,1349.0482840623713,1,20,774,2,0.9677135744793508,0,674.5241420311856,0.13490482840623713,0
0,36540.44272562966,2,37,961,3,0.9564860302897388,1,12180.147575209887,3.6540442725629663,0
4,4459.504641355882,0,79,865,5,0.9122314381575545,0,4459.504641355882,0.4459504641355882,0
3,1769.1170052990608,3,22,1023,1,0.7927880146924781,1,442.2792513247652,0.17691170052990607,1
2,6621.578327828456,1,338,868,4,0.8241350998368375,1,3310.789163914228,0.6621578327828456,0
3,8795.943067955845,3,71,412,5,0.9034295084543515,0,2198.985766988961,0.8795943067955845,0
1,996.4908219307937,1,745,1139,2,0.8900735106364308,0,498.24541096539684,0.09964908219307937,0
1,12063.953074788804,0,243,1104,3,0.7878193976072805,0,12063.953074788804,1.2063953074788805,0
2,2306.3256688030183,3,39,1368,1,0.813869935926282,0,576.5814172007546,0.23063256688030184,1
0,63147.88092681173,2,130,1850,4,0.6516428330429901,1,21049.29364227058,6.314788092681173,0
4,15195.469671658904,1,126,858,2,0.7485509398218815,0,7597.734835829452,1.5195469671658903,0
3,5014.6555388664165,2,136,1392,5,0.8047114944948901,0,1671.5518462888056,0.5014655538866416,0
1,3313.6271218536344,2,154,1087,5,0.9302219512755253,0,1104.5423739512114,0.33136271218536345,0
0,7144.075929459607,3,7,619,4,0.9451267376987748,0,1786.0189823649018,0.7144075929459607,1
2,16904.732476400153,1,232,1019,3,0.7220397525795701,0,8452.366238200077,1.6904732476400153,0
1,7858.940231208708,1,134,1929,2,0.7294023387991747,0,3929.470115604354,0.7858940231208708,0
2,6244.206990784842,0,314,1315,4,0.8208489199697118,0,6244.206990784842,0.6244206990784842,0
3,8691.009234574933,2,338,402,4,0.86986426718855,2,2897.0030781916444,0.8691009234574932,0
4,3925.97215564747,4,53,1321,5,0.680177226132046,0,785.194431129494,0.392597215564747,1
1,5367.689787610344,1,10,659,4,0.782942991644379,0,2683.844893805172,0.5367689787610344,0
1,663.1817420190249,3,243,517,1,0.7088824524375583,0,165.79543550475623,0.06631817420190249,0
3,26068.200452496316,1,762,973,1,0.5889787980981491,0,13034.100226248158,2.6068200452496315,0
0,11597.644966875128,1,119,437,2,0.9140602304485508,0,5798.822483437564,1.159764496687513,0
4,3203.031509829965,2,61,1747,4,0.8476386214932309,0,1067.6771699433218,0.3203031509829965,0
1,393362.73666398355,8,3,1973,5,0.9152832927005377,5,43706.970740442615,10.0,1
4,77451.79166640717,6,1,808,2,0.9085483227692608,5,11064.541666629595,7.745179166640717,1
1,2337.0102339578552,3,80,1911,3,0.8318569420831641,0,584.2525584894638,0.23370102339578552,0
4,186790.628351165,10,18,491,5,0.8086972840460293,2,16980.966213742275,10.0,1
2,13064.551641147365,3,214,1415,3,0.9668787869136273,0,3266.1379102868414,1.3064551641147366,0
1,13010.291571346608,3,64,565,2,0.4669938579999885,0,3252.572892836652,1.3010291571346608,0
4,4861.456067641587,2,11,1891,1,0.639043653858567,0,1620.485355880529,0.4861456067641587,0
0,13913.221701132894,2,94,1846,5,0.7828078059345239,1,4637.740567044298,1.3913221701132894,0
2,5918.806197616056,1,388,892,5,0.798033910867997,0,2959.403098808028,0.5918806197616057,0
2,15789.962652357013,2,138,94,2,0.796777210899389,1,5263.320884119004,1.5789962652357012,0
0,823.9144116741843,2,670,1492,5,0.8776266262944971,0,274.6381372247281,0.08239144116741844,0
4,4814.328451562893,2,141,772,5,0.881613658304932,0,1604.7761505209644,0.4814328451562893,0
3,63996.656409137264,1,65,805,2,0.9618327336047716,0,31998.328204568632,6.399665640913726,0
0,3227.6805217015776,1,43,252,4,0.9668030901145802,0,1613.8402608507888,0.32276805217015775,0
4,3926.069365855153,2,238,1788,2,0.8064143820011057,0,1308.6897886183845,0.3926069365855153,0
0,4733.624153244006,1,154,1958,5,0.9775924474289603,0,2366.812076622003,0.47336241532440065,0
0,18012.611079580045,11,13,588,2,0.9217023199615099,4,1501.050923298337,1.8012611079580045,1
1,572.5288164236385,2,282,435,5,0.9104585044855471,1,190.8429388078795,0.057252881642363855,0
4,6144.399661423135,3,259,679,3,0.7863611877530368,0,1536.0999153557837,0.6144399661423134,0
3,9537.925699649188,1,9,1017,3,0.8979252692507003,0,4768.962849824594,0.9537925699649188,0
1,7608.29149490807,0,325,787,1,0.5422884630596736,1,7608.29149490807,0.7608291494908069,0
0,6809.98860360378,2,153,409,2,0.7833665624553028,1,2269.9962012012597,0.6809988603603779,0
0,8532.596965925382,1,100,1541,2,0.8291637770231466,1,4266.298482962691,0.8532596965925382,0
0,27650.795195307994,3,155,1032,3,0.9131876100433947,0,6912.698798826998,2.7650795195307993,0
4,6447.608571201184,3,190,254,3,0.8005265540587551,3,1611.902142800296,0.6447608571201183,0
4,4068.789880204798,0,33,1320,3,0.8417969810134354,1,4068.789880204798,0.4068789880204798,0
1,5782.835533680388,0,109,1040,1,0.9230352683132904,1,5782.835533680388,0.5782835533680388,0
3,16239.73200960878,0,82,1122,1,0.5362595606069291,1,16239.73200960878,1.623973200960878,0
1,44109.57924346177,5,87,415,4,0.8390539820541977,0,7351.596540576961,4.410957924346177,0
2,3813.213355289512,4,20,302,2,0.7448774828434539,0,762.6426710579024,0.3813213355289512,1
0,9124.519727243165,3,35,127,1,0.8176713880051545,0,2281.1299318107913,0.9124519727243166,1
0,12161.480871769,1,36,818,5,0.7424475998928091,0,6080.7404358845,1.2161480871769,0
0,2462.436022321062,1,94,681,2,0.8227343476899917,0,1231.218011160531,0.2462436022321062,0
1,38204.62727767915,11,17,1036,4,0.7740850156747788,2,3183.718939806596,3.8204627277679153,1
1,1395.7558440161113,1,47,466,3,0.5933224609611804,1,697.8779220080556,0.13957558440161114,0
0,969.8482689632405,0,108,1108,4,0.8134350095869086,0,969.8482689632405,0.09698482689632404,0
1,12582.920901984791,1,75,1511,2,0.8460762937335551,0,6291.460450992396,1.258292090198479,0
4,5112.022054982742,1,310,361,3,0.8509943619663978,1,2556.011027491371,0.5112022054982742,0
4,10329.265842327963,0,11,1216,4,0.7604177882636066,1,10329.265842327963,1.0329265842327964,0
1,7930.933518723968,2,44,246,4,0.8608074134742321,0,2643.6445062413227,0.7930933518723967,0
0,10698.491698339236,12,10,1046,2,0.8712694683305968,4,822.9608998722489,1.0698491698339236,1
1,7674.77946348183,2,992,309,1,0.5998541207889418,0,2558.25982116061,0.767477946348183,0
1,1845.080955777479,6,170,1439,5,0.5803817194566926,0,263.582993682497,0.1845080955777479,0
1,43009.09266303657,2,30,645,4,0.6465596044466007,1,14336.36422101219,4.300909266303657,0
2,1592.142044200315,2,64,1265,5,0.770526837479707,1,530.7140147334384,0.1592142044200315,0
4,6406.431424473953,5,37,1560,2,0.8599448103267044,0,1067.7385707456588,0.6406431424473953,1
3,2319.887783578429,2,27,583,2,0.6198711056458412,0,773.2959278594764,0.23198877835784293,0
3,16066.72123980147,1,320,73,1,0.8629944291814701,0,8033.360619900735,1.6066721239801471,0
2,5444.0707217802965,1,137,992,3,0.7007803819591857,0,2722.0353608901482,0.5444070721780296,0
1,4348.559572356481,2,200,1148,5,0.9765780338110314,0,1449.5198574521603,0.4348559572356481,0
2,22557.927924192223,0,81,1951,4,0.6087449828876432,0,22557.927924192223,2.2557927924192223,0
2,8394.371578031409,3,162,1719,3,0.8868921727931932,0,2098.592894507852,0.8394371578031409,0
0,15062.648289387835,3,60,972,5,0.7400390584051527,0,3765.6620723469587,1.5062648289387834,0
4,2495.910511741786,1,74,1467,5,0.8081864527980257,0,1247.955255870893,0.24959105117417862,0
3,1501.4996694652416,1,212,728,3,0.8663138633191666,2,750.7498347326208,0.15014996694652416,0
1,9215.568438763841,3,33,1531,3,0.9267353664837414,0,2303.8921096909603,0.9215568438763841,1
3,5526.911135248703,3,193,159,1,0.9523963634411226,0,1381.7277838121759,0.5526911135248703,0
3,17183.7870853065,1,383,139,4,0.7107892834065332,0,8591.89354265325,1.71837870853065,0
4,55092.32878340195,10,12,86,4,0.8218829757044693,3,5008.393525763814,5.509232878340195,1
3,10363.967513051915,3,456,871,4,0.4325558516711141,2,2590.991878262979,1.0363967513051915,0
3,11231.954051268038,10,3,1042,3,0.9374764403283485,3,1021.0867319334579,1.1231954051268038,1
2,78129.60486214304,0,86,1636,1,0.8193620492942665,1,78129.60486214304,7.812960486214304,0
4,6653.575231401881,1,189,621,2,0.7564904870210502,0,3326.7876157009405,0.6653575231401881,0
0,18715.444375517793,3,164,633,1,0.9263646011290733,0,4678.861093879448,1.8715444375517793,0
1,29500.445377997316,5,4,1713,3,0.7363292017194673,3,4916.740896332886,2.9500445377997315,1
3,11726.562921743804,3,321,356,1,0.9178445391005876,1,2931.640730435951,1.1726562921743804,0
1,1696.9474252701511,0,724,111,3,0.8308270164694191,2,1696.9474252701511,0.1696947425270151,0
0,13939.494288236701,1,40,354,5,0.5417842397241772,1,6969.747144118351,1.3939494288236702,0
1,5286.074023403941,3,452,228,5,0.8298331801041909,1,1321.5185058509853,0.5286074023403942,0
0,8391.953463522863,0,163,589,2,0.8470049974155571,0,8391.953463522863,0.8391953463522863,0
2,18724.139189793146,3,550,1825,5,0.953047320411969,0,4681.034797448287,1.8724139189793145,0
3,1846.3234687157983,0,39,981,2,0.7707093189825843,0,1846.3234687157983,0.18463234687157984,0
0,3563.8971254626945,1,315,1817,4,0.9215402415241853,0,1781.9485627313472,0.35638971254626944,0
1,14027.69876658029,2,13,1738,3,0.7129910440664748,0,4675.899588860097,1.402769876658029,0
3,970166.4336247739,4,2,981,4,0.9244212047714414,4,194033.28672495479,10.0,1
2,6865.7543690458415,0,225,894,4,0.5776870609884247,0,6865.7543690458415,0.6865754369045841,0
3,16471.112064552897,0,93,1517,2,0.9686841018945627,2,16471.112064552897,1.6471112064552897,0
0,7126.9185293621595,1,43,1592,3,0.8585596563443076,0,3563.4592646810797,0.712691852936216,0
2,83340.90080451944,2,340,1650,2,0.824762397343134,0,27780.300268173145,8.334090080451944,0
1,995.588480126652,1,185,1708,1,0.9480300222189066,0,497.794240063326,0.09955884801266521,0
2,9077.419667337499,1,90,1109,4,0.887894281973439,0,4538.7098336687495,0.9077419667337498,0
2,1152.1063557863097,0,118,799,3,0.8368361751419492,0,1152.1063557863097,0.11521063557863097,0
4,400.2599117052401,0,351,1551,4,0.6013826562967192,0,400.2599117052401,0.04002599117052401,0
2,97749.28894670885,10,8,1146,1,0.7280887429206407,3,8886.29899515535,9.774928894670886,1
2,9579.65976670921,2,19,1103,1,0.7270371416054473,0,3193.2199222364034,0.957965976670921,0
3,5757.137536566007,4,485,788,3,0.8144852870373338,0,1151.4275073132014,0.5757137536566007,0
1,7133.570018481178,0,98,1376,3,0.8847538628059933,0,7133.570018481178,0.7133570018481178,0
3,333687.204901243,5,86,1420,1,0.7930747252569682,2,55614.53415020716,10.0,1
3,5944.310570015336,3,46,846,4,0.9442548971014433,1,1486.077642503834,0.5944310570015336,1
0,14945.256440197845,2,456,1584,5,0.832427491323467,0,4981.752146732615,1.4945256440197845,0
3,3717.3347166691065,3,50,1590,4,0.7123969374099703,0,929.3336791672766,0.3717334716669106,1
4,11548.133371692766,1,203,1138,5,0.6377592704530182,0,5774.066685846383,1.1548133371692766,0
4,6088.272081184563,1,426,796,2,0.625974751292456,1,3044.1360405922815,0.6088272081184563,0
0,4951.163214201915,2,8,676,3,0.7565004723247792,0,1650.387738067305,0.4951163214201915,0
1,71874.60185246836,3,353,502,1,0.8804669065689342,0,17968.65046311709,7.187460185246836,0
1,33277.006960885796,1,106,880,2,0.7900494647394418,0,16638.503480442898,3.3277006960885798,0
3,47884.727650449524,9,7,807,4,0.8792648792059863,3,4788.472765044952,4.788472765044952,1
3,510.2728980729834,2,94,910,5,0.8421610040154391,0,170.0909660243278,0.05102728980729834,0
3,5254.230980644548,1,238,1602,3,0.6407393572392042,0,2627.115490322274,0.5254230980644549,0
1,207654.9479903289,3,59,1968,5,0.8716243014450815,0,51913.73699758222,10.0,1
2,6143.844713620975,3,5,868,4,0.8883356187123032,0,1535.9611784052438,0.6143844713620975,1
4,30450.603321764156,3,591,1442,4,0.6905675666780601,0,7612.650830441039,3.0450603321764156,0
2,45721.818066086555,5,4,1110,1,0.9261225049989641,0,7620.3030110144255,4.572181806608655,1
2,10538.143826323647,2,348,1929,2,0.7907749853385895,0,3512.714608774549,1.0538143826323647,0
1,2950.748192515805,0,38,1957,3,0.8608165468019657,0,2950.748192515805,0.29507481925158047,0
2,435.9925699743234,2,100,430,1,0.9511548887482886,0,145.3308566581078,0.043599256997432334,0
0,18416.38157185397,1,346,1292,5,0.9775404207850052,0,9208.190785926985,1.841638157185397,0
3,28291.453976390334,9,1,698,2,0.5004330601418259,3,2829.1453976390335,2.8291453976390333,1
0,10010.407114537808,2,402,295,3,0.8251656996791645,0,3336.8023715126023,1.0010407114537807,0
4,1808.432256849254,2,138,1623,5,0.8060412989397102,0,602.8107522830846,0.1808432256849254,0
3,25879.940315540425,9,8,300,3,0.6643679215311746,4,2587.9940315540425,2.5879940315540426,1
2,8437.681667240988,3,218,614,3,0.8606267417202584,0,2109.420416810247,0.8437681667240988,0
4,11184.814591470786,0,84,958,2,0.9174037928028824,0,11184.814591470786,1.1184814591470786,0
3,13311.209491929993,10,2,1419,5,0.5984696781852707,5,1210.1099538118176,1.3311209491929992,1
2,34074.110039030485,0,265,870,1,0.7893214764149006,0,34074.110039030485,3.4074110039030487,0
0,3958.918885733147,1,75,764,1,0.6533066787549068,0,1979.4594428665735,0.3958918885733147,0
3,1086.4129180807809,3,45,1960,1,0.8490393619811507,1,271.6032295201952,0.10864129180807809,1
2,7109.3912198473245,0,330,521,3,0.8288002091513892,3,7109.3912198473245,0.7109391219847324,0
0,8444.329000384936,1,328,1960,4,0.9689272848782557,2,4222.164500192468,0.8444329000384936,0
4,9825.215003501935,0,138,1634,2,0.9462422623020799,0,9825.215003501935,0.9825215003501935,0
4,41546.09797918839,0,150,171,1,0.8782625210815093,0,41546.09797918839,4.154609797918838,0
4,6101.325953198879,1,239,1399,2,0.8818186917428309,0,3050.6629765994394,0.6101325953198878,0
4,7019.564448750374,3,143,1601,3,0.8632397265540512,0,1754.8911121875935,0.7019564448750374,0
1,2156.3639861409342,1,108,830,2,0.8787282493972586,2,1078.1819930704671,0.21563639861409342,0
3,21691.249372271774,1,1056,797,1,0.9024822701733897,0,10845.624686135887,2.1691249372271773,0
3,10108.89367146549,4,32,170,1,0.9415671912534183,0,2021.778734293098,1.010889367146549,1
1,31892.07701309245,11,18,188,3,0.6146894526803661,4,2657.6730844243707,3.189207701309245,1
2,824.1811663688358,1,435,136,3,0.6658024238140675,0,412.0905831844179,0.08241811663688357,0
2,45857.52718789258,1,233,179,5,0.9331670200649116,2,22928.76359394629,4.585752718789258,0
4,1857.1234598779884,0,426,301,3,0.8828644542453581,0,1857.1234598779884,0.18571234598779884,0
0,3985.6926433532817,3,82,1935,4,0.7678875044976702,1,996.4231608383204,0.3985692643353282,0
2,12456.693815749437,1,64,836,4,0.7041060816321915,0,6228.346907874718,1.2456693815749438,0
0,1927.791807465236,4,382,1433,1,0.6050393216739359,1,385.5583614930472,0.1927791807465236,0
3,1349.903336256927,2,101,1886,3,0.7680710548213624,0,449.967778752309,0.1349903336256927,0
0,2605.7045671865676,7,1,1503,4,0.657619027697733,4,325.71307089832095,0.26057045671865675,1
3,19248.65261974486,3,32,96,4,0.8888326475463196,0,4812.163154936215,1.924865261974486,1
1,4212.3522772408,1,282,1664,5,0.9820774060468447,0,2106.1761386204,0.42123522772407995,0
1,271773.4546634231,3,160,550,3,0.8571371969070574,0,67943.36366585578,10.0,1
4,2457.1905445975453,0,63,1883,5,0.8327913762435473,0,2457.1905445975453,0.24571905445975453,0
2,2681.8409836873643,6,137,1949,2,0.9295489833825078,0,383.1201405267663,0.2681840983687364,0
4,35793.30787252383,12,5,474,5,0.7276292045233398,3,2753.331374809525,3.579330787252383,1
3,10848.277451844275,0,3,1448,2,0.9356923967002498,1,10848.277451844275,1.0848277451844275,0
4,4608.9529918371,1,203,1014,2,0.8346519038526302,0,2304.47649591855,0.46089529918370997,0
0,16895.433491636053,1,156,1927,3,0.8813353638119695,0,8447.716745818027,1.6895433491636054,0
3,2504.1231993139045,1,50,780,2,0.9018975361833074,0,1252.0615996569522,0.25041231993139046,0
1,1543.935473356249,2,280,160,2,0.8868843298426253,2,514.6451577854164,0.1543935473356249,0
2,936.4932486318809,0,73,1300,5,0.6977105749403026,0,936.4932486318809,0.09364932486318808,0
3,562.1175537955764,1,65,1860,3,0.8267161661151593,0,281.0587768977882,0.056211755379557644,0
3,4351.679652776582,2,128,1841,3,0.934111765089525,1,1450.5598842588606,0.43516796527765816,0
0,5646.683299457152,1,226,1112,2,0.8222403580651677,0,2823.341649728576,0.5646683299457153,0
2,3798.173480072785,5,529,184,5,0.9252515821596966,0,633.0289133454642,0.3798173480072785,0
1,36029.27050373996,4,31,1368,5,0.7904676799623175,0,7205.854100747992,3.602927050373996,1
3,35370.60021030298,2,101,659,5,0.6690121526319317,0,11790.200070100995,3.5370600210302983,0
3,5422.088840241128,1,14,1107,5,0.8644317586776821,1,2711.044420120564,0.5422088840241128,0
0,5730.281449883398,12,6,1036,1,0.732781919356627,4,440.79088076026136,0.5730281449883398,1
4,36287.258519198476,9,18,477,2,0.6536700710081363,3,3628.7258519198476,3.6287258519198478,1
1,3945.0398211081115,2,246,1141,2,0.9048782905278097,1,1315.0132737027038,0.39450398211081117,0
2,3682.834743156382,2,78,1776,2,0.8325473403245268,0,1227.6115810521273,0.3682834743156382,0
3,3507.7753612925567,6,372,248,3,0.9155038674687613,0,501.1107658989367,0.35077753612925566,0
3,3699.0988877902714,1,154,609,3,0.8562241112309914,1,1849.5494438951357,0.36990988877902714,0
1,5095.688458789172,0,576,308,5,0.8776653341146794,0,5095.688458789172,0.5095688458789172,0
4,3779.5138960720046,0,17,774,3,0.8571002985406668,0,3779.5138960720046,0.3779513896072005,0
3,10404.430565778846,0,145,723,4,0.9006374292802104,1,10404.430565778846,1.0404430565778846,0
1,12486.988474138292,2,291,1698,2,0.8389507811000547,0,4162.329491379431,1.2486988474138292,0
0,2716.8431954637795,4,184,186,2,0.897918011466906,0,543.3686390927559,0.27168431954637795,0
4,225051.55853272462,9,18,1902,1,0.928796362712757,3,22505.155853272463,10.0,1
2,16439.56604134772,4,11,965,1,0.5415854857992591,4,3287.913208269544,1.643956604134772,1
3,1162.8617401990628,2,71,985,4,0.8053123041008258,0,387.62058006635425,0.11628617401990628,0
1,71295.29178042764,8,9,430,1,0.8092940564888593,5,7921.699086714182,7.129529178042763,1
0,3038.472614509962,0,133,1597,5,0.7439628997208174,0,3038.472614509962,0.3038472614509962,0
2,11914.956812683591,2,157,1944,5,0.7287888986406725,0,3971.6522708945304,1.191495681268359,0
1,452.86663523331544,0,291,287,2,0.7782440418487682,1,452.86663523331544,0.04528666352333154,0
1,43085.72995681244,1,100,1357,5,0.5892205215789666,0,21542.86497840622,4.308572995681244,0
2,18155.922402731336,1,116,737,1,0.9554162633822406,0,9077.961201365668,1.8155922402731335,0
0,1338.6650178332113,3,154,1810,4,0.8558637610015424,2,334.66625445830283,0.13386650178332113,0
0,7449.821142737519,10,6,507,5,0.7734951145149127,2,677.2564675215926,0.7449821142737519,1
4,60277.79573190846,2,492,1660,2,0.8058376121138089,0,20092.59857730282,6.027779573190846,0
3,3344.7395792760917,3,382,1208,2,0.7871623334267027,0,836.1848948190229,0.33447395792760914,0
2,2977.913544783579,1,122,131,1,0.8242648020830688,1,1488.9567723917894,0.29779135447835786,0
2,534.1824712330924,2,1,644,5,0.94620735398024,0,178.06082374436414,0.05341824712330924,0
2,40713.97145119288,11,3,703,1,0.7800960249608058,5,3392.8309542660736,4.071397145119288,1
0,6165.573658968788,0,27,1282,2,0.9052110844366488,0,6165.573658968788,0.6165573658968788,0
3,19121.941342934093,4,57,1800,4,0.8382959047524847,1,3824.3882685868184,1.9121941342934092,1
4,1511.8750072786768,3,34,452,5,0.9520004123271212,0,377.9687518196692,0.15118750072786769,1
1,1307.2171573812655,3,40,871,4,0.8870505516304364,0,326.80428934531636,0.13072171573812655,1
1,13921.019368902238,2,325,1840,5,0.7377759350426125,0,4640.339789634079,1.3921019368902239,0
2,27121.338226516167,3,174,237,2,0.8348874879956564,1,6780.334556629042,2.7121338226516167,0
3,1229.8127225179605,1,626,542,5,0.7222968362502717,0,614.9063612589803,0.12298127225179606,0
0,111067.17549374641,9,3,1832,2,0.893411564862524,4,11106.717549374642,10.0,1
3,8476.477130825282,1,133,304,3,0.6080072433040259,0,4238.238565412641,0.8476477130825282,0
3,30036.434494000747,3,759,1396,2,0.8274342361238683,0,7509.108623500187,3.0036434494000748,0
0,7448.258801805431,2,351,1747,2,0.7452818941734298,0,2482.7529339351436,0.7448258801805431,0
2,392.78661459948523,2,261,1930,5,0.8570125861279407,0,130.92887153316175,0.03927866145994852,0
3,6752.304555456803,4,42,474,4,0.8255114513401599,0,1350.4609110913607,0.6752304555456804,1
1,28916.64276024249,3,294,1488,2,0.6300876420239879,0,7229.160690060622,2.891664276024249,0
0,2772.5001604584995,1,86,1240,5,0.7457497263185747,1,1386.2500802292498,0.27725001604585,0
4,5086.992331293725,1,152,1663,2,0.6961356251892526,1,2543.4961656468627,0.5086992331293725,0
2,25058.646962098115,7,2,534,1,0.6913033940817338,2,3132.3308702622644,2.5058646962098114,1
0,249.78070281269058,1,188,485,1,0.6406588239969536,0,124.89035140634529,0.024978070281269058,0
4,60211.40652603085,1,260,1760,1,0.9698531762694028,1,30105.703263015424,6.021140652603085,0
4,2747.232125890188,1,217,1605,1,0.9361277247118386,0,1373.616062945094,0.2747232125890188,0
3,14866.750955364992,0,15,1681,4,0.8423811689509216,0,14866.750955364992,1.4866750955364993,0
3,7302.402164391132,1,123,1554,2,0.7399993943972571,0,3651.201082195566,0.7302402164391132,0
3,36649.052987832605,2,219,229,1,0.8638439215665806,0,12216.350995944202,3.6649052987832604,0
0,13190.70042345532,2,71,1680,5,0.8108868629054463,0,4396.900141151774,1.3190700423455322,0
0,6112.49841314449,2,76,1144,1,0.8724522830532779,0,2037.4994710481633,0.611249841314449,0
2,2773.268559644191,1,27,1775,3,0.8252892950038347,0,1386.6342798220956,0.2773268559644191,0
3,21108.28384399196,4,109,950,3,0.5625833409635216,0,4221.6567687983925,2.110828384399196,0
4,4793.328774294218,7,18,1514,4,0.7715355817077639,4,599.1660967867773,0.4793328774294218,1
1,17589.69510812703,1,68,693,3,0.8313941639730025,0,8794.847554063515,1.758969510812703,0
2,2167.102494151213,0,152,188,5,0.8941733920511156,0,2167.102494151213,0.2167102494151213,0
0,36415.15795754072,1,272,836,1,0.8638571846699583,0,18207.57897877036,3.6415157957540725,0
2,9833.590945806149,0,3,151,3,0.8870288711987842,0,9833.590945806149,0.9833590945806149,0
2,17552.444754097403,1,462,517,3,0.8742607001459952,0,8776.222377048702,1.7552444754097403,0
2,8940.855674240564,1,98,332,4,0.8582642933528988,0,4470.427837120282,0.8940855674240563,0
2,989.4482710720928,3,407,1102,3,0.8987935140972094,0,247.3620677680232,0.09894482710720928,0
1,25138.48361563195,6,10,67,1,0.6418305781154459,2,3591.2119450902787,2.5138483615631952,1
3,18158.012550849446,2,32,805,2,0.9229715131180538,0,6052.670850283149,1.8158012550849445,0
4,9897.000207194904,0,78,736,1,0.8743521591123219,1,9897.000207194904,0.9897000207194904,0
2,33429.294866864206,1,85,1581,3,0.7881747428798095,0,16714.647433432103,3.3429294866864208,0
2,13146.744963137126,2,377,650,3,0.5234936609896783,0,4382.2483210457085,1.3146744963137125,0
2,2540.0974645762353,1,3,1093,3,0.7227739611649621,0,1270.0487322881177,0.25400974645762353,0
3,3117.3015998253586,1,205,1399,4,0.8049778530252792,0,1558.6507999126793,0.31173015998253584,0
0,9168.242310447475,1,29,1429,5,0.7074199619265936,0,4584.121155223737,0.9168242310447474,0
0,4535.654638914857,10,19,482,1,0.7534556721722959,5,412.33223990135065,0.4535654638914857,1
1,60362.91846845267,1,302,1472,3,0.6896180422333429,0,30181.459234226335,6.036291846845267,0
0,13767.913891916267,1,139,1091,2,0.822396949190604,0,6883.9569459581335,1.3767913891916268,0
2,35328.36694754905,0,48,1623,4,0.9489543631521348,0,35328.36694754905,3.5328366947549052,0
2,1215.9431028706697,3,202,425,5,0.7212683270683121,1,303.9857757176674,0.12159431028706696,0
2,36079.430598943974,2,34,1674,3,0.6999879821753752,0,12026.476866314659,3.6079430598943976,0
1,616843.7581381709,6,10,1413,1,0.6384342846323439,4,88120.53687688157,10.0,1
2,1660.6194485949393,3,198,1223,2,0.7058017144516957,0,415.1548621487348,0.16606194485949394,0
0,20448.85467693123,1,948,1060,4,0.7669824568153315,0,10224.427338465615,2.044885467693123,0
3,8113.883888341512,1,444,765,1,0.9278813009411205,1,4056.941944170756,0.8113883888341512,0
3,12626.841870497927,10,11,1306,1,0.9064118516967465,4,1147.8947154998116,1.2626841870497927,1
4,14639.23842807878,1,155,1177,4,0.7774403191404121,0,7319.61921403939,1.463923842807878,0
0,22033.600128498998,5,1286,1073,1,0.6697351851050559,0,3672.266688083166,2.2033600128499,0
2,3938.8659731827224,0,159,1696,2,0.8633967847668749,1,3938.8659731827224,0.39388659731827225,0
3,32830.059547456956,1,109,786,2,0.9021623980515772,0,16415.029773728478,3.2830059547456956,0
0,1096.505859706197,1,481,270,1,0.7848816976338259,0,548.2529298530985,0.1096505859706197,0
3,10996.673673340189,11,9,1099,3,0.8940157038442652,4,916.389472778349,1.099667367334019,1
2,9546.375901585669,2,21,1137,1,0.7342007424545665,0,3182.125300528556,0.9546375901585669,0
3,8353.720885072094,1,202,303,3,0.8443887074675183,0,4176.860442536047,0.8353720885072095,0
4,3429.3012900728354,1,21,1322,1,0.7316641432657188,0,1714.6506450364177,0.34293012900728354,0
4,21407.857856453607,3,94,785,5,0.793198029900589,0,5351.964464113402,2.140785785645361,0
3,15322.43199428772,1,111,875,2,0.670694751285481,0,7661.21599714386,1.532243199428772,0
0,22691.9810901825,5,159,1204,1,0.9398723553429277,0,3781.99684836375,2.2691981090182503,0
0,38356.14568133795,9,3,79,2,0.8909136211804255,3,3835.614568133795,3.8356145681337948,1
0,16698.86983516842,3,50,836,4,0.8517508489510873,2,4174.717458792105,1.6698869835168422,1
3,4746.769860635705,3,95,59,5,0.9402958358849103,2,1186.6924651589263,0.4746769860635705,0
0,95280.68831232679,1,29,1162,3,0.5700620256456816,0,47640.344156163395,9.528068831232678,1
2,23604.376818980167,6,19,479,4,0.6562688123116317,3,3372.0538312828808,2.360437681898017,1
4,340142.4600911216,8,12,1220,5,0.8184509442921685,4,37793.60667679129,10.0,1
2,8449.525259855282,1,132,1200,4,0.82542132469086,0,4224.762629927641,0.8449525259855282,0
0,1555.242766739401,2,57,747,2,0.7611757175532275,0,518.4142555798004,0.15552427667394012,0
2,404294.95332534134,10,12,173,5,0.812838855509553,4,36754.08666594012,10.0,1
0,51383.29051710167,11,19,1692,4,0.9669911047385584,6,4281.940876425139,5.1383290517101665,1
3,22501.76249096184,0,38,1414,3,0.8455974910395635,1,22501.76249096184,2.250176249096184,0
2,35193.86660582143,0,105,1591,5,0.8469346094632687,0,35193.86660582143,3.519386660582143,0
3,12155.617224981035,0,115,100,5,0.6048811111742312,0,12155.617224981035,1.2155617224981035,0
3,3981.0902233183306,4,811,447,4,0.842591359968325,1,796.2180446636661,0.39810902233183304,0
1,26130.436235850368,0,379,363,1,0.8049667596763761,1,26130.436235850368,2.6130436235850367,0
0,42880.37645801574,4,2,697,3,0.8419002694087007,5,8576.075291603147,4.288037645801574,1
4,18453.86997710989,1,440,563,3,0.7819693516159877,0,9226.934988554945,1.8453869977109891,0
0,611.2605567827978,3,266,551,4,0.7278996396707242,0,152.81513919569946,0.061126055678279785,0
4,13854.675839946953,2,468,579,2,0.6638947893668169,0,4618.225279982317,1.3854675839946953,0
0,3765.7299897728885,1,12,1834,2,0.7754995917277794,0,1882.8649948864443,0.37657299897728885,0
3,239619.0535460422,5,15,746,1,0.7368533854673663,4,39936.50892434037,10.0,1
2,17114.901871473798,1,275,783,1,0.8331241935413581,0,8557.450935736899,1.7114901871473798,0
2,76707.66881467913,8,4,1813,4,0.9388099807959464,5,8523.074312742125,7.670766881467912,1
1,14524.20710625185,1,39,909,2,0.8904130500261814,0,7262.103553125925,1.452420710625185,0
4,2445.1725610814187,1,84,468,3,0.8528872456403339,0,1222.5862805407094,0.24451725610814187,0
4,56835.02367251296,2,77,243,2,0.7498009142369072,0,18945.007890837653,5.683502367251296,0
4,730674.4955158421,9,7,361,4,0.741752704598031,4,73067.44955158421,10.0,1
3,12984.299978834468,1,85,1045,2,0.8179291482383592,0,6492.149989417234,1.2984299978834468,0
4,54637.96677653783,0,145,771,5,0.8281078045594121,0,54637.96677653783,5.463796677653783,0
2,12625.863542130248,9,7,1372,4,0.6998262169643332,5,1262.5863542130248,1.262586354213025,1
3,3113.378408422556,0,271,1402,5,0.7381241383856111,0,3113.378408422556,0.3113378408422556,0
0,8510.95723231327,3,361,525,4,0.7621672866801456,1,2127.7393080783177,0.8510957232313271,0
4,13655.931468453675,1,431,633,3,0.8929050980667353,0,6827.965734226837,1.3655931468453675,0
4,5050.365937463993,1,108,166,4,0.7423224111110038,0,2525.1829687319964,0.5050365937463993,0
0,15449.344101419472,2,85,313,4,0.7542961932225581,0,5149.781367139824,1.5449344101419473,0
4,112201.91857987214,4,3,1590,4,0.9311732441432882,4,22440.38371597443,10.0,1
0,18562.421618889744,9,10,1854,4,0.7866922557241479,3,1856.2421618889744,1.8562421618889744,1
3,15101.534209834763,2,14,1592,1,0.6093263331719644,0,5033.844736611588,1.5101534209834764,0
2,22839.205804332523,4,271,70,5,0.8523021572246935,1,4567.841160866505,2.2839205804332523,0
0,9954.332685061381,1,95,526,4,0.7872238272353859,0,4977.166342530691,0.9954332685061381,0
1,32311.475472923732,1,595,598,4,0.924196754363109,0,16155.737736461866,3.231147547292373,0
0,1880.1661842663366,2,109,1246,1,0.8809395814764409,0,626.7220614221122,0.18801661842663367,0
4,14207.716429993503,2,340,997,2,0.932694364441566,0,4735.905476664501,1.4207716429993502,0
3,1989.5487880261749,1,67,1070,1,0.9268865999510856,2,994.7743940130874,0.19895487880261747,0
3,2128.3501266344083,2,72,1135,1,0.8415617928383446,1,709.4500422114694,0.21283501266344082,0
0,3800.4813149202037,1,182,255,1,0.6821495824315456,0,1900.2406574601018,0.3800481314920204,0
2,2616.329812410881,1,1242,1686,4,0.7581117539778849,0,1308.1649062054405,0.2616329812410881,0
1,38205.91935866216,8,8,680,1,0.9063687694691341,2,4245.1021509624625,3.8205919358662164,1
3,6266.790541069934,4,551,228,1,0.8547261020928218,0,1253.3581082139867,0.6266790541069934,0
4,22127.69750551699,3,309,1717,1,0.8625457552611678,0,5531.924376379247,2.2127697505516988,0
4,5511.594005771239,2,318,937,4,0.8257654959992924,1,1837.1980019237462,0.5511594005771239,0
2,1208.6377185157542,4,115,391,3,0.8555026015223139,0,241.72754370315084,0.12086377185157542,0
3,216135.4158713121,6,14,489,3,0.6322051170128202,4,30876.487981616017,10.0,1
0,2967.5495967705583,3,43,1148,2,0.9570554538160293,0,741.8873991926396,0.29675495967705584,1
4,7551.756675830091,3,665,339,4,0.6659351713189562,0,1887.9391689575227,0.7551756675830091,0
2,13847.275927405972,3,641,606,1,0.9038274553908251,0,3461.818981851493,1.384727592740597,0
3,56247.62691250752,13,15,1217,1,0.9531012347829035,6,4017.68763660768,5.624762691250752,1
3,30122.131821810715,1,71,698,1,0.8705015401594726,0,15061.065910905358,3.0122131821810716,0
3,14397.41235822799,3,57,257,3,0.8064451185560578,0,3599.3530895569975,1.439741235822799,1
3,2882.5439648601696,1,896,1816,1,0.9039542236893837,0,1441.2719824300848,0.288254396486017,0
3,110666.29588520344,4,14,321,1,0.9662912024045602,0,22133.259177040687,10.0,1
4,10231.23071295002,0,372,1680,3,0.8935328207415676,0,10231.23071295002,1.0231230712950021,0
2,6789.901596647907,4,88,464,1,0.9396517362226003,0,1357.9803193295816,0.6789901596647907,0
3,25763.408980616514,4,109,1470,2,0.9138672489694756,0,5152.681796123303,2.5763408980616513,0
1,10930.814905001162,2,357,433,5,0.6744535504161945,0,3643.6049683337205,1.0930814905001163,0
1,13083.06377999392,0,19,1334,2,0.5393077872737001,0,13083.06377999392,1.308306377999392,0
2,161235.4178000177,0,88,940,4,0.821154326562914,0,161235.4178000177,10.0,0
0,5824.650555101863,2,608,1712,2,0.835721699216625,1,1941.5501850339542,0.5824650555101862,0
0,5534.114924843,0,241,1240,2,0.8699142510219967,0,5534.114924843,0.5534114924843,0
0,60311.725047919645,6,15,1091,3,0.733228486019734,4,8615.960721131378,6.031172504791964,1
1,29313.959725816214,2,284,709,4,0.528969808463049,0,9771.319908605405,2.931395972581621,0
0,1328.969572970762,1,13,296,2,0.8576498499784364,1,664.484786485381,0.1328969572970762,0
4,766.1154912390422,1,46,1715,5,0.846694217026718,0,383.0577456195211,0.07661154912390422,0
3,4005.6521301793105,0,136,1369,2,0.8298931648280559,0,4005.6521301793105,0.400565213017931,0
1,1140.580302471644,2,92,463,1,0.6700883124694875,0,380.19343415721465,0.1140580302471644,0
2,4866.850941334447,0,106,1851,3,0.9481287140976383,0,4866.850941334447,0.48668509413344474,0
2,14809.137018205874,2,305,1393,1,0.8575912672820328,0,4936.379006068625,1.4809137018205873,0
3,2782.489650754199,1,3,1627,4,0.8448195235056521,0,1391.2448253770995,0.2782489650754199,0
1,1462.3618423322685,1,217,764,4,0.6560768768337185,0,731.1809211661342,0.14623618423322685,0
0,8806.140965310638,1,1,1766,3,0.802700427862259,0,4403.070482655319,0.8806140965310638,0
0,22812.232438623814,1,14,1934,2,0.5174622200676418,0,11406.116219311907,2.2812232438623816,0
4,1060.0081479057037,1,105,230,4,0.737354071376787,0,530.0040739528519,0.10600081479057037,0
4,21682.892790904105,2,368,1369,5,0.8989314056066169,0,7227.630930301369,2.1682892790904105,0
0,21606.88827568447,2,32,1729,3,0.8303328869968951,1,7202.296091894823,2.160688827568447,0
2,25460.973875758616,2,162,993,1,0.6108977939523479,0,8486.99129191954,2.5460973875758617,0
2,34967.56714439795,0,227,942,5,0.8413483881362889,0,34967.56714439795,3.4967567144397953,0
4,113824.91456168459,4,53,110,3,0.8743103918295498,1,22764.98291233692,10.0,1
3,5285.325795160976,3,144,1282,5,0.4597814582354677,0,1321.331448790244,0.5285325795160976,0
0,9241.744043241886,2,485,215,3,0.881382104765254,0,3080.5813477472952,0.9241744043241886,0
4,4916.115082038236,2,144,1955,1,0.7762716519647915,1,1638.7050273460789,0.49161150820382366,0
4,8122.328992014992,0,35,1058,2,0.8100469931355371,0,8122.328992014992,0.8122328992014992,0
0,50993.22331818211,0,198,1373,3,0.7296220886491814,0,50993.22331818211,5.099322331818211,0
0,1613.2121898433784,2,180,704,4,0.8609713661818539,0,537.7373966144595,0.16132121898433785,0
2,2883.443138937878,1,6,400,1,0.8002755891156397,1,1441.721569468939,0.2883443138937878,0
3,42303.16241422534,0,19,1134,1,0.8642825112104229,0,42303.16241422534,4.230316241422535,0
3,27557.880253272553,2,35,312,5,0.8245419397339987,0,9185.960084424185,2.7557880253272553,0
0,5240.865963229881,3,30,173,4,0.9428360582145284,0,1310.2164908074703,0.5240865963229882,1
1,22590.44710305728,1,61,1311,5,0.7791961296706182,0,11295.22355152864,2.259044710305728,0
4,12203.267356730239,1,122,1615,1,0.8214847182059768,0,6101.6336783651195,1.2203267356730239,0
4,49036.95766214519,1,93,981,3,0.8172218686051922,0,24518.478831072596,4.903695766214519,0
0,8860.969948366652,1,443,1840,4,0.8463461507544977,0,4430.484974183326,0.8860969948366652,0
1,27743.546585367196,2,190,1954,1,0.9588200828081757,1,9247.848861789065,2.7743546585367196,0
2,192993.9832616826,3,418,1163,4,0.7561974611967262,0,48248.49581542065,10.0,1
0,16609.315407206555,2,150,188,3,0.5925854948612534,1,5536.438469068852,1.6609315407206555,0
0,8597.21677419117,1,19,1964,2,0.8338393711615822,0,4298.608387095585,0.8597216774191171,0
4,19282.175178553407,2,125,1435,5,0.7081304668601538,0,6427.391726184469,1.9282175178553407,0
0,5227.366903546101,2,346,1486,5,0.7508998061833013,0,1742.455634515367,0.5227366903546101,0
0,142281.28345210225,0,44,909,1,0.6476138329833935,0,142281.28345210225,10.0,1
0,10057.614066890328,1,20,1792,1,0.6897390588025155,0,5028.807033445164,1.0057614066890328,0
4,5839.964609164767,3,80,1166,3,0.6979911200442585,0,1459.9911522911918,0.5839964609164767,0
2,17425.08629570199,8,16,183,1,0.8909082390044807,4,1936.1206995224431,1.7425086295701988,1
2,30232.24140041224,3,74,1953,1,0.6073263548655177,1,7558.06035010306,3.023224140041224,0
0,22939.713359836493,2,30,1277,1,0.9149127612227156,0,7646.571119945497,2.2939713359836493,0
4,4461.207526865836,0,58,868,4,0.8488700956453868,0,4461.207526865836,0.44612075268658363,0
2,16183.405011021663,1,230,1921,4,0.8999265982131963,0,8091.7025055108315,1.6183405011021663,0
2,1325.748968735713,4,98,1695,2,0.7980073828268491,1,265.1497937471426,0.13257489687357132,0
2,10116.921430488244,2,201,1111,4,0.8334873684130583,1,3372.3071434960816,1.0116921430488244,0
4,13951.016088636261,2,154,1067,5,0.7340714655748326,0,4650.338696212087,1.395101608863626,0
4,62868.201320937405,1,160,506,2,0.7039321681642783,0,31434.100660468703,6.286820132093741,0
0,3213.183395593851,0,58,1607,1,0.5147469686917787,0,3213.183395593851,0.3213183395593851,0
3,1747.5618124910459,3,148,1810,5,0.8285067487066841,2,436.89045312276147,0.17475618124910458,0
2,2766.909982938334,1,5,1931,2,0.9285117201639578,0,1383.454991469167,0.2766909982938334,0
3,1629.6455230384345,1,114,487,2,0.8565716244618994,0,814.8227615192172,0.16296455230384344,0
4,40295.24815962375,2,171,729,5,0.8986303814540207,1,13431.749386541249,4.029524815962374,0
4,51967.154513891306,0,41,696,2,0.8648549972543047,0,51967.154513891306,5.196715451389131,0
4,11899.59795861542,3,60,671,5,0.8178243942564603,1,2974.899489653855,1.189959795861542,0
3,35085.87598289446,0,50,1297,2,0.9766593496154505,0,35085.87598289446,3.508587598289446,0
4,9516.19208500063,2,15,1241,2,0.9487949873125399,1,3172.0640283335433,0.951619208500063,0
0,7229.072505489847,1,86,1180,2,0.5898079445959282,0,3614.5362527449233,0.7229072505489846,0
4,5433.587396553989,2,773,1453,5,0.8410924294682439,0,1811.1957988513295,0.5433587396553988,0
1,5583.275053474328,2,88,73,2,0.8847241378122634,0,1861.0916844914427,0.5583275053474328,0
3,1264.7605977098392,1,124,1584,4,0.7188021179547252,0,632.3802988549196,0.12647605977098392,0
1,11126.731288098596,0,212,858,4,0.8607708561180262,0,11126.731288098596,1.1126731288098595,0
4,7720.229015068617,2,210,1380,4,0.9377710319128406,0,2573.4096716895388,0.7720229015068617,0
0,19819.723731133206,0,599,984,4,0.7102873807770842,0,19819.723731133206,1.9819723731133208,0
2,9065.472049841657,2,390,1431,4,0.8873552164127125,0,3021.8240166138858,0.9065472049841657,0
4,6665.868676090131,2,316,419,1,0.5825195136332666,1,2221.956225363377,0.6665868676090131,0
0,2848.558523234193,2,606,1046,2,0.6459927551761327,0,949.5195077447311,0.2848558523234193,0
3,8835.949808535544,2,53,1796,3,0.6575238729410592,1,2945.3166028451815,0.8835949808535545,0
1,19651.022999379322,0,192,220,1,0.9439386421515297,1,19651.022999379322,1.9651022999379322,0
1,9091.614230567095,6,9,1654,5,0.9149920309713493,4,1298.8020329381563,0.9091614230567094,1
1,8999.897833466663,2,196,271,1,0.8444517436665526,1,2999.9659444888875,0.8999897833466662,0
3,10717.69659679874,1,759,492,3,0.6648726233705616,0,5358.84829839937,1.071769659679874,0
0,16861.762099199692,6,6,1226,1,0.9131913219518762,5,2408.8231570285275,1.686176209919969,1
3,4002.0917227559084,3,116,911,2,0.956066368307085,0,1000.5229306889771,0.40020917227559083,0
1,90272.41701159571,6,3,425,4,0.9013022157160439,5,12896.059573085102,9.027241701159571,1
4,2079.524993381805,3,96,330,2,0.8824398124743734,0,519.8812483454512,0.2079524993381805,0
2,12331.453325841438,2,270,762,1,0.9872072314076181,0,4110.484441947146,1.2331453325841437,0
3,2767.1543249350198,2,7,1292,3,0.9749164059951921,0,922.3847749783399,0.276715432493502,0
3,29010.828378580038,1,238,1993,5,0.9177356076257953,0,14505.414189290019,2.9010828378580036,0
0,133972.96360926368,0,546,1007,2,0.8666461662680325,0,133972.96360926368,10.0,0
0,2884.4566874256734,1,97,1689,3,0.8259405002520126,0,1442.2283437128367,0.28844566874256733,0
3,15383.479223200835,2,5,860,5,0.9652322226119222,0,5127.826407733612,1.5383479223200835,0
1,3387.710874893692,3,6,876,4,0.6454051618988501,0,846.927718723423,0.33877108748936924,1
2,28258.370923486793,2,446,1895,2,0.8154620942941418,0,9419.456974495597,2.8258370923486793,0
0,1775.2382337450842,3,257,535,2,0.8675073975400948,0,443.80955843627106,0.17752382337450842,0
1,14424.79832169043,1,23,1583,4,0.7653029171349034,0,7212.399160845215,1.442479832169043,0
4,2842.4261360619475,1,12,384,4,0.7799962358633628,0,1421.2130680309738,0.28424261360619474,0
0,22996.512602521907,9,12,791,1,0.841903443787926,3,2299.6512602521907,2.299651260252191,1
1,2351.4082190734493,2,332,459,5,0.931446909620798,1,783.8027396911498,0.23514082190734492,0
1,21738.07401696763,0,26,103,3,0.8322638010355514,1,21738.07401696763,2.173807401696763,0
2,2967.9405526987016,1,72,750,4,0.6840691607410077,0,1483.9702763493508,0.2967940552698702,0
2,15714.782536808589,0,303,1807,1,0.7878500911405684,2,15714.782536808589,1.571478253680859,0
4,5361.946633830771,3,150,1148,5,0.8305296805383522,0,1340.4866584576928,0.5361946633830771,0
1,7063.0563942714825,1,628,398,5,0.6943685322434794,1,3531.5281971357413,0.7063056394271483,0
1,39403.13866014512,11,13,1024,2,0.771485524186798,6,3283.594888345427,3.9403138660145123,1
2,20265.536775660945,9,19,1757,1,0.7906663993097479,4,2026.5536775660944,2.0265536775660946,1
0,10429.98944749713,0,143,442,1,0.8085119583618554,0,10429.98944749713,1.042998944749713,0
0,50838.10634297727,2,573,603,2,0.9262837881019806,0,16946.03544765909,5.083810634297727,0
3,3185.250634308366,0,102,1230,3,0.9066408602365056,1,3185.250634308366,0.3185250634308366,0
2,33063.06812866177,0,53,896,4,0.8391161569383536,0,33063.06812866177,3.306306812866177,0
3,48909.022135121726,1,80,130,2,0.9352522407953842,0,24454.511067560863,4.890902213512173,0
2,3043.045229264841,1,384,1281,4,0.5677418136439304,0,1521.5226146324205,0.3043045229264841,0
4,1413.6559130651935,3,138,875,1,0.628667392346917,1,353.4139782662984,0.14136559130651935,0
1,11641.75030942084,0,88,1159,2,0.812321868784438,1,11641.75030942084,1.164175030942084,0
4,4201.139061746632,3,158,793,3,0.7904528603992194,0,1050.284765436658,0.4201139061746632,0
2,76292.03818410105,1,29,1520,4,0.9014745410531838,1,38146.01909205053,7.629203818410105,0
1,8448.710022174584,3,2,226,4,0.8648021645544032,0,2112.177505543646,0.8448710022174584,1
0,3094.435292139011,2,66,560,4,0.6632296144982964,0,1031.4784307130037,0.3094435292139011,0
0,2045.5226017063044,3,186,1692,1,0.7766708470379247,0,511.3806504265761,0.20455226017063044,0
3,29968.01576991875,2,249,188,4,0.8805832895577664,0,9989.338589972916,2.996801576991875,0
2,4082.9670902519238,1,351,1175,5,0.8820889610766285,0,2041.4835451259619,0.4082967090251924,0
2,8540.668473908174,1,523,522,4,0.8621658386061571,1,4270.334236954087,0.8540668473908174,0
0,25513.507432408194,0,107,1895,1,0.8480304080962777,0,25513.507432408194,2.5513507432408193,0
4,4531.870185144348,1,270,591,2,0.7143087146752012,0,2265.935092572174,0.4531870185144348,0
1,7668.569763890059,1,16,243,4,0.5531651953499632,1,3834.2848819450296,0.766856976389006,0
4,7943.568672274537,3,12,1906,4,0.9209074117198982,0,1985.8921680686342,0.7943568672274537,1
4,18397.85597701279,1,27,1829,2,0.8928600259779889,0,9198.927988506395,1.8397855977012791,0
0,16463.370174130065,1,120,535,5,0.8690668764169177,0,8231.685087065032,1.6463370174130065,0
0,6222.104810700642,1,48,1387,1,0.6843044340148935,0,3111.052405350321,0.6222104810700642,0
0,8746.237385605094,3,68,1770,2,0.8706314507649638,0,2186.5593464012736,0.8746237385605095,0
3,5186.763539502429,1,209,854,1,0.816742776722997,0,2593.3817697512145,0.5186763539502429,0
4,1375.9024357068738,3,89,296,2,0.8777625019013074,1,343.97560892671845,0.1375902435706874,0
2,11038.241567930098,3,164,679,3,0.7363483775956962,1,2759.5603919825244,1.1038241567930098,0
1,78482.43439007475,1,107,487,5,0.7450979178769521,2,39241.217195037374,7.848243439007475,0
3,23219.521916108217,10,1,122,3,0.7405708986616432,2,2110.8656287371105,2.321952191610822,1
2,3204.669835093199,0,16,1142,2,0.8507707612211018,0,3204.669835093199,0.3204669835093199,0
4,2850.1493460926104,2,54,803,2,0.8568380620878748,0,950.0497820308701,0.28501493460926103,0
0,19331.866638711595,2,12,1225,1,0.7197312849426354,1,6443.955546237198,1.9331866638711594,0
4,13879.698959596706,2,193,880,2,0.8880578883684132,0,4626.566319865568,1.3879698959596707,0
1,6699.27619603125,0,318,143,1,0.7426996184120773,0,6699.27619603125,0.669927619603125,0
3,2692.908529019382,0,84,484,1,0.8082178766103842,0,2692.908529019382,0.2692908529019382,0
3,9053.006124288395,2,98,1856,2,0.6172385622758491,0,3017.6687080961315,0.9053006124288395,0
1,1239.4877237079527,0,339,1504,1,0.7062870830453639,0,1239.4877237079527,0.12394877237079527,0
2,9624.929940582664,2,51,506,5,0.8887039050638447,0,3208.309980194221,0.9624929940582664,0
2,23059.41127378105,1,26,1503,3,0.7068011447528849,1,11529.705636890525,2.305941127378105,0
3,1805.4425775671614,3,140,278,2,0.7664006231974515,0,451.36064439179034,0.18054425775671615,0
3,1288.1702347974199,1,208,79,1,0.516900974612044,0,644.0851173987099,0.128817023479742,0
0,53923.705749553264,0,184,1698,1,0.8691006061508351,1,53923.705749553264,5.392370574955327,0
2,3888.9264925230045,3,251,384,1,0.8136825480694785,0,972.2316231307511,0.38889264925230044,0
1,31670.388770635043,1,12,709,1,0.9238026225606866,1,15835.194385317522,3.1670388770635043,0
2,6735.873673165782,3,112,618,5,0.6339352111612172,2,1683.9684182914455,0.6735873673165782,0
0,6671.861728448331,3,55,226,2,0.678366454621534,0,1667.9654321120827,0.6671861728448331,1
3,13712.940655696413,2,285,873,2,0.5779967090289714,0,4570.980218565471,1.3712940655696413,0
3,2805.119366362404,1,413,617,5,0.9285224630270422,1,1402.559683181202,0.2805119366362404,0
0,9499.52021087443,2,67,458,5,0.6660267190295038,0,3166.5067369581434,0.949952021087443,0
1,5126.675627162792,2,21,826,5,0.9090280845030093,0,1708.8918757209306,0.5126675627162792,0
3,1661.3866565344215,3,59,1310,2,0.8313067834851342,0,415.3466641336054,0.16613866565344215,1
4,12148.712665174884,1,22,1351,4,0.7778797419134409,0,6074.356332587442,1.2148712665174883,0
3,5907.810876693733,2,78,126,3,0.7948420523791856,0,1969.2702922312444,0.5907810876693733,0
4,6711.449354800406,1,155,982,5,0.8741744597646395,2,3355.724677400203,0.6711449354800406,0
0,1896.578719230678,3,728,685,5,0.4745504542693342,0,474.1446798076695,0.1896578719230678,0
0,445919.5029736001,9,15,589,2,0.8871398473784382,5,44591.95029736001,10.0,1
3,23203.46787056529,0,50,1727,2,0.7257058669919635,0,23203.46787056529,2.320346787056529,0
2,25770.53492271803,1,37,1231,3,0.8990981771603043,1,12885.267461359015,2.577053492271803,0
4,5616.513389686568,2,38,1240,1,0.9417982208797244,0,1872.1711298955227,0.5616513389686568,0
1,7645.249157220062,5,17,1258,2,0.8405728210851315,7,1274.2081928700104,0.7645249157220062,1
3,84415.0395970699,2,288,1462,3,0.9175926266349527,0,28138.346532356634,8.44150395970699,0
1,7530.246006099052,0,13,61,2,0.8213370744884352,0,7530.246006099052,0.7530246006099052,0
3,3299.2163342255426,1,1191,218,2,0.7377728174222142,0,1649.6081671127713,0.32992163342255426,0
2,13361.889802628226,2,148,880,2,0.7359771345130947,3,4453.963267542742,1.3361889802628226,0
2,32877.53726297976,2,158,1499,4,0.760641104692058,1,10959.179087659919,3.2877537262979755,0
2,75260.66256758398,9,2,1966,4,0.8525283128157318,4,7526.066256758398,7.526066256758398,1
2,37582.36492968702,3,235,498,5,0.8510463318535559,0,9395.591232421755,3.758236492968702,0
0,29720.72599085461,4,128,1567,4,0.9018998128936992,1,5944.145198170922,2.972072599085461,0
0,2226.848363967252,3,80,498,3,0.8850498298999488,1,556.712090991813,0.22268483639672523,0
4,3609.959647218476,2,62,1179,2,0.6985806169895343,0,1203.3198824061587,0.36099596472184764,0
1,25566.664039653002,0,520,1839,4,0.748102622902957,3,25566.664039653002,2.5566664039653,0
3,312.5814025538037,4,69,476,2,0.8835729687457553,2,62.51628051076074,0.031258140255380366,0
3,6772.686884587577,3,115,1005,1,0.9086578478972102,0,1693.1717211468942,0.6772686884587577,0
0,1455.3512480273316,0,87,965,5,0.8577831400691441,0,1455.3512480273316,0.14553512480273317,0
3,4573.963699494328,1,19,1171,4,0.751942537324071,0,2286.981849747164,0.4573963699494328,0
0,5661.3400049353795,4,42,680,2,0.587073224371161,1,1132.268000987076,0.5661340004935379,1
4,5271.692494941052,4,43,275,1,0.557269948461422,1,1054.3384989882104,0.5271692494941053,1
1,4176.740754051457,1,237,496,5,0.9853080440745,0,2088.3703770257284,0.4176740754051457,0
4,20331.675846670234,8,2,1960,5,0.9768925872509093,5,2259.0750940744706,2.0331675846670234,1
2,126790.769194209,3,305,1737,1,0.9219936425559698,0,31697.69229855225,10.0,1
2,76187.63094890144,0,247,1549,4,0.7950633097147424,0,76187.63094890144,7.618763094890144,0
2,2009.2584762391903,3,43,252,4,0.6599826102024597,1,502.31461905979756,0.20092584762391902,1
4,360666.3045087547,8,9,1017,2,0.9438680488455706,3,40074.03383430608,10.0,1
3,5017.27085983112,1,272,724,3,0.9525656896745183,2,2508.63542991556,0.501727085983112,0
1,59532.14904879028,11,6,1370,2,0.8612597774785293,4,4961.012420732523,5.953214904879028,1
2,7510.604604611084,3,184,683,2,0.8518922398836707,0,1877.651151152771,0.7510604604611084,0
2,3671.301941147856,1,270,65,2,0.8721814728017939,1,1835.650970573928,0.3671301941147856,0
2,26386.896265413696,5,12,1451,1,0.9074276518969907,0,4397.816044235616,2.6386896265413697,1
1,9424.46113514682,7,263,1409,5,0.8083187257123678,0,1178.0576418933524,0.9424461135146819,0
2,4573.976752951915,2,64,667,5,0.8241075832136948,0,1524.6589176506384,0.4573976752951915,0
1,1693.3983848887797,0,170,1847,3,0.8026402361737768,0,1693.3983848887797,0.16933983848887796,0
2,2773.0026008569225,1,56,1093,4,0.9546047108671373,1,1386.5013004284613,0.27730026008569225,0
4,1130.419250770979,4,366,489,2,0.4509818192349775,2,226.0838501541958,0.1130419250770979,0
4,8222.818052738816,1,132,1317,1,0.7707588405096475,0,4111.409026369408,0.8222818052738816,0
1,1927.5427597897265,1,206,1317,1,0.7904770925067963,0,963.7713798948632,0.19275427597897266,0
4,5891.862172384773,2,317,1020,2,0.9424631975284956,0,1963.954057461591,0.5891862172384773,0
1,41945.323357434645,1,452,441,1,0.8730824845107155,0,20972.661678717323,4.194532335743465,0
4,34171.91843954301,1,264,773,1,0.9654015700770907,0,17085.959219771506,3.4171918439543014,0
4,7795.233429330004,2,33,785,2,0.972845971945036,0,2598.4111431100014,0.7795233429330004,0
1,7299.041583810366,0,386,1938,3,0.9201477127058187,1,7299.041583810366,0.7299041583810366,0
3,77330.94356338217,1,193,1335,1,0.8266108483179644,0,38665.471781691085,7.733094356338217,0
4,15137.151184083823,0,189,269,5,0.6436990371962558,1,15137.151184083823,1.5137151184083824,0
2,5467.803430597421,2,509,1081,5,0.9621506593171741,0,1822.6011435324735,0.5467803430597421,0
3,1463.78124340903,1,58,495,5,0.9661058758677206,1,731.890621704515,0.146378124340903,0
1,12999.261950553673,0,55,63,2,0.9541925516799609,1,12999.261950553673,1.2999261950553673,0
3,208468.93106736973,6,11,436,5,0.8326298431185998,3,29781.275866767104,10.0,1
0,3797.1959695628643,0,278,691,4,0.923489760667684,1,3797.1959695628643,0.37971959695628643,0
0,11492.42390249375,1,119,1095,1,0.789243050628907,0,5746.211951246875,1.1492423902493751,0
4,5238.089156936477,0,201,274,3,0.8364535868309727,1,5238.089156936477,0.5238089156936476,0
4,6497.424333450561,4,121,284,5,0.7366151142119626,0,1299.484866690112,0.6497424333450561,0
2,3310.802729347855,11,3,1414,2,0.7413955415913616,3,275.9002274456546,0.3310802729347855,1
3,6209.665542214358,0,346,1049,3,0.8294530774960729,0,6209.665542214358,0.6209665542214358,0
0,181412.866737132,9,15,760,2,0.8045975721834447,4,18141.2866737132,10.0,1
4,3798.3305997059297,1,238,1207,3,0.9333218594908073,0,1899.1652998529648,0.37983305997059297,0
3,8630.274937028644,1,310,1251,3,0.8511751976366705,0,4315.137468514322,0.8630274937028644,0
4,3271.026575122776,3,119,1629,1,0.9114014297141038,0,817.756643780694,0.32710265751227763,0
4,12488.081788626294,2,79,1593,3,0.8017333625675543,0,4162.693929542098,1.2488081788626293,0
0,6248.971461054078,1,3,841,4,0.8778513971851514,0,3124.485730527039,0.6248971461054078,0
0,2625.194194591949,0,320,1612,4,0.8716724087665545,0,2625.194194591949,0.2625194194591949,0
4,40097.199028758085,2,80,486,4,0.6789979252153704,0,13365.733009586029,4.009719902875808,0
1,24703.949688234516,4,89,1124,2,0.8580812362471357,0,4940.789937646903,2.4703949688234514,0
4,3921.0387435683324,0,82,1997,1,0.9616336257724328,0,3921.0387435683324,0.39210387435683325,0
4,14725.647366188168,1,139,1516,2,0.9505351188847444,1,7362.823683094084,1.4725647366188168,0
2,15442.742075661281,1,243,630,5,0.8692057387565962,3,7721.3710378306405,1.544274207566128,0
2,17514.098813062505,2,296,1354,4,0.7869452197475826,2,5838.0329376875015,1.7514098813062504,0
2,1060.9212620713872,4,100,1117,1,0.6267562588832731,0,212.18425241427744,0.10609212620713872,0
1,27117.318159461927,2,218,736,4,0.9072738735226369,0,9039.106053153975,2.7117318159461927,0
1,4090.2494790082715,1,256,1704,1,0.8420124786158054,0,2045.1247395041357,0.40902494790082716,0
4,5274.327593910329,1,71,414,2,0.8116694417186502,0,2637.1637969551643,0.5274327593910328,0
2,192039.8348586074,0,21,1961,2,0.8250803252533044,0,192039.8348586074,10.0,1
1,11640.527718110812,2,451,318,4,0.5633854953402075,0,3880.1759060369372,1.1640527718110811,0
0,5097.028640752172,2,227,1766,3,0.8495041897508177,0,1699.0095469173905,0.5097028640752171,0
4,574.5842597080766,1,209,1638,1,0.8775370702969091,1,287.2921298540383,0.057458425970807664,0
3,42946.78030191906,0,13,1366,5,0.8397073249143102,0,42946.78030191906,4.294678030191906,0
4,1612.8343806702053,0,341,1776,3,0.9652346996376692,0,1612.8343806702053,0.16128343806702053,0
3,2430.551136593253,1,167,1267,2,0.8282228978931813,0,1215.2755682966265,0.2430551136593253,0
2,5444.587315826095,0,377,1444,1,0.8071885294924972,0,5444.587315826095,0.5444587315826095,0
3,44342.290968201014,1,735,1625,3,0.8121054790391569,0,22171.145484100507,4.4342290968201015,0
2,135871.5218581282,11,17,127,5,0.906226318783091,2,11322.626821510683,10.0,1
0,6704.907421190118,1,388,238,3,0.9277134874615518,1,3352.453710595059,0.6704907421190118,0
3,11730.534134415353,3,3,1680,5,0.6414667691270325,0,2932.6335336038383,1.1730534134415354,1
4,3942.36930717743,4,434,1463,2,0.9093159553068729,0,788.473861435486,0.394236930717743,0
2,9581.452021428338,0,16,1098,1,0.8714589077441588,0,9581.452021428338,0.9581452021428338,0
4,59288.33478187947,5,2,1688,2,0.7596451136390687,5,9881.389130313246,5.928833478187947,1
1,25913.617321170044,3,66,1375,1,0.8725782086363907,0,6478.404330292511,2.5913617321170044,0
2,25864.166241949555,0,189,720,3,0.724829045646034,0,25864.166241949555,2.5864166241949555,0
3,14658.45906879217,0,8,407,2,0.7511121102173828,0,14658.45906879217,1.465845906879217,0
2,5245.799451970136,2,295,1793,1,0.5831551250587157,1,1748.5998173233786,0.5245799451970136,0
4,19735.745309727004,1,24,1008,5,0.7763732095823852,3,9867.872654863502,1.9735745309727004,0
0,7256.390737132767,0,106,1932,1,0.5055580961170641,0,7256.390737132767,0.7256390737132767,0
2,2212.111476332154,2,341,1167,2,0.637949380132995,0,737.3704921107179,0.2212111476332154,0
3,4994.310530916703,2,238,1909,2,0.9230910535623169,0,1664.7701769722344,0.4994310530916703,0
1,8968.129281729329,3,2,1624,3,0.9519134218171275,0,2242.032320432332,0.8968129281729329,1
0,24155.29622446529,1,104,385,5,0.8565413803949266,0,12077.648112232646,2.4155296224465292,0
1,6501.356935546734,2,9,1237,1,0.7062039910513566,0,2167.118978515578,0.6501356935546735,0
2,1898.7699229334999,0,224,952,2,0.7869752194295754,0,1898.7699229334999,0.18987699229334998,0
4,8674.040729390632,1,695,390,1,0.8202065864563713,1,4337.020364695316,0.8674040729390632,0
4,9284.92362451373,0,213,883,4,0.8339243025256683,0,9284.92362451373,0.9284923624513731,0
3,93671.15327279079,6,9,616,5,0.7949282585454551,2,13381.593324684398,9.367115327279079,1
4,24436.80848761409,1,88,121,5,0.6877945412280017,2,12218.404243807045,2.443680848761409,0
0,27521.089705161547,1,752,1115,4,0.8454675276279816,0,13760.544852580773,2.7521089705161548,0
4,3971.689910029224,0,51,460,5,0.8348989742608899,0,3971.689910029224,0.3971689910029224,0
3,3868.5221911404237,1,165,947,4,0.7856569926864996,0,1934.2610955702119,0.3868522191140424,0
2,2325.665577283503,0,103,887,1,0.7989201528925312,0,2325.665577283503,0.23256655772835028,0
2,144441.14116171165,7,13,693,4,0.9591338364927335,3,18055.142645213957,10.0,1
4,46100.733042873915,0,405,70,3,0.9077646334508305,0,46100.733042873915,4.610073304287392,0
1,5551.934399746915,0,84,1074,4,0.8745126218471406,1,5551.934399746915,0.5551934399746915,0
2,6064.960583401104,0,216,727,1,0.4883096549779886,0,6064.960583401104,0.6064960583401103,0
4,47105.218416782125,3,160,1645,5,0.9591093037049485,0,11776.304604195531,4.710521841678212,0
3,14863.583260966556,0,66,1149,3,0.7733538096978059,0,14863.583260966556,1.4863583260966555,0
4,13677.163808764828,2,64,652,4,0.7188891363283086,0,4559.054602921609,1.3677163808764827,0
2,1940.8866676637351,1,155,1471,1,0.8349780794639013,1,970.4433338318676,0.1940886667663735,0
3,18296.657706049766,0,34,1792,3,0.5007276055458938,0,18296.657706049766,1.8296657706049766,0
4,2657.221724285695,4,334,137,3,0.8736718901516676,0,531.444344857139,0.2657221724285695,0
0,9185.916180270928,5,17,1667,3,0.8544549615454989,2,1530.9860300451546,0.9185916180270928,1
3,5344.771690105401,1,20,66,4,0.9583555503023908,0,2672.3858450527005,0.5344771690105401,0
0,39982.88765556587,9,18,1402,1,0.9654377968820833,3,3998.2887655565874,3.998288765556587,1
1,6211.019714854881,2,26,992,1,0.8537142048882628,0,2070.339904951627,0.6211019714854882,0
3,10032.50508587898,6,13,1283,1,0.8951984276354641,5,1433.2150122684257,1.003250508587898,1
0,25605.938283343035,2,103,873,2,0.9263818923865559,0,8535.312761114345,2.5605938283343037,0
2,31357.964142126162,0,256,432,5,0.9033581442782893,1,31357.964142126162,3.1357964142126162,0
2,2443.785815953142,12,2,1638,1,0.6503421274068504,5,187.98352430408784,0.2443785815953142,1
1,26216.6338167201,2,281,689,2,0.9543769155068547,0,8738.8779389067,2.62166338167201,0
3,3063.6602621518728,2,40,1219,2,0.8776337536089671,0,1021.2200873839575,0.30636602621518727,0
3,22660.319730263524,3,549,502,3,0.8171740260922071,0,5665.079932565881,2.2660319730263523,0
3,7464.130369401109,1,100,865,5,0.9210240372790033,0,3732.0651847005547,0.746413036940111,0
1,8387.775916527973,2,129,1466,3,0.8250824345830683,0,2795.9253055093245,0.8387775916527973,0
3,6489.123980494482,0,110,359,5,0.7577820298645218,0,6489.123980494482,0.6489123980494481,0
2,34702.084808965745,3,66,980,3,0.740840744504346,0,8675.521202241436,3.4702084808965745,0
0,1830.7745084669996,2,451,541,4,0.6635890568554251,0,610.2581694889999,0.18307745084669996,0
2,16804.607882129516,2,81,809,5,0.645520559792729,0,5601.535960709839,1.6804607882129516,0
2,30381.71414014054,0,173,1503,2,0.566651137289677,0,30381.71414014054,3.038171414014054,0
0,19141.386391827942,2,55,50,2,0.8455053883692677,0,6380.462130609314,1.9141386391827941,0
2,131878.81308566208,2,320,90,5,0.7539547530426165,0,43959.60436188736,10.0,0
1,4295.245038079744,1,298,1658,3,0.8891515454301943,0,2147.622519039872,0.42952450380797436,0
0,241250.59929707606,5,12,721,4,0.8780470152569606,3,40208.43321617934,10.0,1
2,7134.455675056395,1,229,261,4,0.9577021238599054,0,3567.2278375281976,0.7134455675056395,0
4,35599.51494558219,1,244,1406,1,0.8285389900973149,0,17799.757472791094,3.5599514945582187,0
2,8028.662298929002,0,166,1881,5,0.9678715041977337,0,8028.662298929002,0.8028662298929001,0
1,5087.5367930052125,3,184,1724,4,0.8847431330306025,0,1271.8841982513031,0.5087536793005213,0
3,38843.135378374245,1,171,1519,3,0.7577466076243673,0,19421.567689187123,3.8843135378374245,0
2,4492.325040836122,2,18,353,3,0.8004285825590666,0,1497.4416802787073,0.4492325040836122,0
3,1487.3169772111112,1,222,1628,2,0.9447879735329445,0,743.6584886055556,0.1487316977211111,0
4,4358.06634969033,3,127,740,4,0.7922391090366924,0,1089.5165874225825,0.435806634969033,0
2,17031.835289994775,5,116,1774,4,0.9180518637938864,0,2838.6392149991293,1.7031835289994774,0
0,43064.16543772404,2,394,1831,3,0.7040292078792667,0,14354.72181257468,4.3064165437724045,0
3,9259.036294497151,1,5,1883,2,0.55667360509945,0,4629.518147248576,0.9259036294497152,0
4,39412.42814427993,1,58,1227,4,0.41922602292067196,0,19706.214072139966,3.9412428144279934,0
0,1587.9356117480556,1,26,665,3,0.9444895799976721,0,793.9678058740278,0.15879356117480556,0
0,4760.385075742065,0,8,572,2,0.9722271655593371,0,4760.385075742065,0.4760385075742065,0
0,5731.369918549852,0,65,74,2,0.8678810215191715,0,5731.369918549852,0.5731369918549851,0
0,7062.318577851831,2,893,857,3,0.8709916760482013,0,2354.106192617277,0.706231857785183,0
2,8963.47500267394,1,64,74,2,0.6479493339903679,2,4481.73750133697,0.8963475002673941,0
2,18566.10989082227,2,218,645,2,0.8060215287922198,0,6188.703296940756,1.856610989082227,0
2,4751.576773190748,5,26,1179,1,0.5191738988319927,0,791.929462198458,0.4751576773190748,1
4,54103.01229364596,8,1,1826,2,0.765565810326544,5,6011.445810405106,5.410301229364596,1
4,7675.989825342452,0,834,1192,4,0.9359928955370228,0,7675.989825342452,0.7675989825342452,0
4,2667.593716668918,0,70,157,2,0.8782238931323505,1,2667.593716668918,0.26675937166689184,0
1,7069.88839535731,2,377,1403,4,0.8193169332438869,0,2356.6294651191033,0.706988839535731,0
4,6819.957806740705,2,1205,229,3,0.934148680348225,0,2273.319268913568,0.6819957806740705,0
2,6646.883133172695,2,178,930,2,0.572223538689076,0,2215.627711057565,0.6646883133172695,0
2,8417.863617443703,1,75,180,3,0.86839725544104,0,4208.931808721852,0.8417863617443704,0
1,76605.27545464033,8,5,1880,5,0.8843552339076376,4,8511.697272737814,7.660527545464033,1
1,4823.455143880255,2,373,652,2,0.8263801797699076,0,1607.8183812934183,0.4823455143880255,0
4,37318.993336591164,1,38,802,3,0.7522570720732203,0,18659.496668295582,3.731899333659116,0
3,1991.4598564141188,4,121,808,5,0.8634375311369547,0,398.29197128282374,0.1991459856414119,0
1,3411.2561327970725,0,77,217,4,0.9140406091416594,0,3411.2561327970725,0.34112561327970725,0
0,2094360.886525461,9,5,272,4,0.8887975578823317,3,209436.0886525461,10.0,1
2,2331.8340294036257,6,395,518,4,0.8988120015335119,0,333.1191470576608,0.23318340294036258,0
0,1596.3808707307232,4,110,327,4,0.7054763379968733,0,319.2761741461446,0.15963808707307234,0
2,19562.545907743373,2,83,239,4,0.940865342192386,0,6520.848635914458,1.9562545907743374,0
2,670.1195809379213,2,186,580,1,0.9084001037660802,0,223.37319364597377,0.06701195809379214,0
1,49926.48583928648,8,18,1599,3,0.7521882013739352,2,5547.387315476275,4.992648583928648,1
1,106403.09141201295,2,53,1828,5,0.8444162710845468,0,35467.69713733765,10.0,1
0,1269.117293635634,2,147,670,5,0.9122320132724583,1,423.0390978785447,0.1269117293635634,0
2,751.1779820643644,2,106,1263,2,0.918425717091259,1,250.39266068812148,0.07511779820643644,0
0,1340.7474791077664,2,70,267,3,0.7467009084987306,0,446.91582636925546,0.13407474791077664,0
3,23814.06096404337,2,12,1372,1,0.731300928772614,0,7938.02032134779,2.3814060964043366,0
0,31248.669053919337,0,148,1384,1,0.85211819809604,1,31248.669053919337,3.124866905391934,0
4,4380.391765837764,1,340,285,3,0.8501878623467195,0,2190.195882918882,0.4380391765837764,0
0,18395.381097989626,0,382,217,4,0.9381381397524357,0,18395.381097989626,1.8395381097989627,0
4,42972.10198247264,1,54,829,4,0.8022199358064361,1,21486.05099123632,4.297210198247264,0
4,69204.12137785861,2,184,242,3,0.6453059592333417,0,23068.040459286203,6.920412137785861,0
4,6029.369131367155,1,388,291,5,0.8663183588968355,0,3014.6845656835776,0.6029369131367155,0
3,511.9535707486113,1,106,1235,4,0.7801913166418071,0,255.97678537430565,0.05119535707486113,0
0,3025.8438586765633,2,539,1949,2,0.894317652420905,0,1008.6146195588544,0.30258438586765635,0
0,4855.3427039800445,2,467,1412,1,0.9279359182962776,0,1618.4475679933482,0.48553427039800445,0
3,5938.865756896144,2,47,840,4,0.6921169862197812,0,1979.6219189653814,0.5938865756896144,0
2,6467.653958919555,0,60,504,5,0.8950806966831083,0,6467.653958919555,0.6467653958919556,0
1,31028.875495484004,1,40,1208,4,0.6614990545747493,1,15514.437747742002,3.1028875495484005,0
0,37395.81624450616,2,44,242,4,0.9263655870687397,0,12465.272081502053,3.739581624450616,0
1,6594.502426936827,3,477,1475,1,0.7503237886975224,0,1648.6256067342067,0.6594502426936827,0
3,30278.15732763259,1,536,441,2,0.8336355270829847,0,15139.078663816295,3.027815732763259,0
2,12446.486334812733,3,11,650,2,0.837810475700795,0,3111.621583703183,1.2446486334812732,1
2,8755.235711543974,2,181,1115,5,0.742575888508807,1,2918.411903847991,0.8755235711543974,0
2,24049.103264321482,0,167,142,3,0.8795622072714977,0,24049.103264321482,2.404910326432148,0
3,83648.7585521987,9,19,1288,3,0.5174650486375634,3,8364.87585521987,8.364875855219871,1
4,95738.27186750651,1,200,398,3,0.677211269899031,0,47869.135933753256,9.573827186750652,0
4,1442.1734570780304,2,589,562,5,0.7492159722023112,1,480.7244856926768,0.14421734570780304,0
1,4366.84002925682,2,38,1408,4,0.6607571766485559,0,1455.6133430856069,0.43668400292568205,0
4,6961.688494255504,0,26,1472,2,0.8060915553085266,1,6961.688494255504,0.6961688494255505,0
4,13730.064940136934,0,7,973,2,0.9599255336023045,0,13730.064940136934,1.3730064940136935,0
2,37106.6910662372,2,91,1237,4,0.641470395548409,1,12368.897022079067,3.7106691066237203,0
2,7869.278967145414,2,83,155,2,0.6757744230171503,0,2623.0929890484713,0.7869278967145413,0
1,1470.4509781682311,2,113,1305,2,0.6137515163578907,1,490.15032605607706,0.14704509781682312,0
0,22270.465792935676,2,140,1041,3,0.9417083492313528,0,7423.488597645225,2.2270465792935674,0
1,20049.320048574406,4,284,1631,3,0.8924673630794056,0,4009.864009714881,2.0049320048574404,0
1,788.2139859321214,1,100,766,1,0.6451362340577922,2,394.1069929660607,0.07882139859321215,0
3,8066.17797149188,1,81,1606,1,0.7988086994145944,0,4033.08898574594,0.806617797149188,0
3,1202.1054057037097,1,351,1250,2,0.7664606123028178,1,601.0527028518549,0.12021054057037098,0
1,3649.7672703565217,3,380,1752,3,0.5116809428095761,0,912.4418175891304,0.36497672703565215,0
1,2742.511231918736,0,53,1367,1,0.9388293157347224,0,2742.511231918736,0.2742511231918736,0
1,21399.388757970963,2,76,1338,1,0.7182239933900498,0,7133.129585990321,2.139938875797096,0
4,9322.59412932557,0,349,837,3,0.9318895636415466,2,9322.59412932557,0.9322594129325569,0
3,1732.4481436358226,1,17,1925,1,0.6245667212903175,0,866.2240718179113,0.17324481436358227,0
1,23296.98321800068,2,79,1593,4,0.8828408583883625,0,7765.661072666894,2.329698321800068,0
2,1450.1655644649138,2,119,1343,4,0.8324550708817563,1,483.3885214883046,0.1450165564464914,0
2,12041.767959407247,4,42,1903,3,0.8193693287089364,0,2408.3535918814496,1.2041767959407248,1
4,3050.8856266630155,2,40,1285,3,0.8662751905330122,0,1016.9618755543385,0.3050885626663016,0
4,5224.882042412656,1,111,1236,1,0.9261522611087711,1,2612.441021206328,0.5224882042412656,0
0,14840.643786886321,3,281,872,2,0.8553127671734966,0,3710.1609467215803,1.484064378688632,0
0,50174.551956010924,6,14,1630,5,0.9298178976552852,3,7167.793136572989,5.017455195601093,1
0,40310.32377750629,4,775,966,4,0.7175752280357257,0,8062.064755501257,4.031032377750629,0
4,7341.478709616737,0,16,1818,4,0.7819715822259649,0,7341.478709616737,0.7341478709616738,0
4,11704.644824549638,1,49,1126,3,0.842040750187953,0,5852.322412274819,1.1704644824549637,0
4,4792.057855696421,4,283,1306,2,0.8591319582322523,1,958.4115711392842,0.4792057855696421,0
2,10080.799552330574,0,156,1511,3,0.7877580240840969,1,10080.799552330574,1.0080799552330575,0
4,13730.614552738989,1,80,903,1,0.9789318854847873,0,6865.3072763694945,1.373061455273899,0
2,7201.38165451468,1,47,732,2,0.8739525294687482,2,3600.69082725734,0.720138165451468,0
0,930.2928407313187,3,66,1072,1,0.8886662489806414,0,232.57321018282968,0.09302928407313188,0
0,12061.394280701314,1,113,1591,4,0.7922167803940298,0,6030.697140350657,1.2061394280701314,0
0,12549.972744775656,1,39,1000,3,0.8905017877337912,0,6274.986372387828,1.2549972744775655,0
1,3582.4128341070077,2,667,93,3,0.6791123020395464,1,1194.1376113690026,0.3582412834107008,0
1,1734.952920254834,3,23,652,5,0.9218646010063518,0,433.7382300637085,0.1734952920254834,1
3,47622.2315523386,0,848,1781,2,0.7664605737379181,0,47622.2315523386,4.76222315523386,0
3,14613.990657596043,1,369,1589,4,0.6724252398011513,0,7306.995328798022,1.4613990657596043,0
3,6155.509188975909,3,111,682,5,0.8729062127583398,0,1538.8772972439772,0.6155509188975908,0
1,2070.5313418872356,0,270,1648,5,0.9465369660807688,0,2070.5313418872356,0.20705313418872356,0
1,3022.4474796992486,1,223,141,3,0.9742603621172874,0,1511.2237398496243,0.30224474796992484,0
3,38681.18078599184,1,48,808,2,0.8858655027248015,1,19340.59039299592,3.868118078599184,0
3,9558.578753499709,0,83,780,3,0.727516928478412,0,9558.578753499709,0.9558578753499709,0
4,4185.14035334077,1,144,1003,2,0.9611397161074245,1,2092.570176670385,0.418514035334077,0
3,14937.454721454695,2,204,1511,5,0.8259642874840571,1,4979.151573818232,1.4937454721454695,0
4,3049.467228199525,3,157,386,1,0.780667680537043,0,762.3668070498812,0.3049467228199525,0
2,49070.417452656126,2,129,1816,4,0.9735118069395181,0,16356.805817552042,4.907041745265612,0
1,41083.449954261116,3,118,1367,5,0.8277543432001139,1,10270.862488565279,4.108344995426112,0
3,4629.069312967994,0,138,749,3,0.6536887942394577,0,4629.069312967994,0.4629069312967994,0
1,17236.116765330506,6,5,1893,4,0.6003565858300849,5,2462.302395047215,1.7236116765330505,1
1,350.10746897605645,3,156,974,5,0.42907098358915685,0,87.52686724401411,0.035010746897605645,0
1,1369.3659125682045,0,438,729,2,0.8612461775335801,0,1369.3659125682045,0.13693659125682045,0
2,1623.981729013189,3,201,1016,3,0.7999483004129248,0,405.9954322532972,0.1623981729013189,0
0,9530.270775320629,2,257,313,5,0.8200692116139625,0,3176.756925106876,0.9530270775320628,0
3,5478.132595758475,2,183,154,2,0.6671287038028787,0,1826.0441985861582,0.5478132595758475,0
0,1612.5908934328945,5,207,273,2,0.7830824788861187,1,268.7651489054824,0.16125908934328945,0
0,5782.567973322352,2,173,1492,2,0.8154418880080804,1,1927.5226577741175,0.5782567973322352,0
0,14859.647211517115,1,6,1027,4,0.6875912117096267,0,7429.823605758557,1.4859647211517115,0
1,15266.363450236448,2,1565,164,3,0.9759975275151869,0,5088.787816745483,1.5266363450236446,0
4,829.1455087630158,6,7,940,2,0.8461807695909558,0,118.44935839471654,0.08291455087630158,1
1,6947.129442757075,1,101,1308,5,0.699796595181393,0,3473.5647213785373,0.6947129442757075,0
1,1540.6983515232753,2,23,1857,2,0.6931876210931206,0,513.5661171744251,0.15406983515232753,0
0,23910.53501891836,0,21,1347,3,0.9488062082188209,2,23910.53501891836,2.391053501891836,0
1,20763.99382638778,5,316,1303,4,0.9919695691577385,0,3460.665637731297,2.0763993826387783,0
0,2758.2931083923645,3,111,778,2,0.7878067730952243,0,689.5732770980911,0.27582931083923645,0
4,3231.642358519739,5,324,83,5,0.7397700963126871,0,538.6070597532898,0.3231642358519739,0
3,37665.65518134351,6,11,1461,3,0.874212020252484,3,5380.807883049072,3.766565518134351,1
0,542.7495210580679,0,60,1782,2,0.6337381532319561,2,542.7495210580679,0.05427495210580679,0
4,12126.662358362151,0,58,1574,4,0.6600118484505653,0,12126.662358362151,1.212666235836215,0
3,5840.586765921561,1,192,944,1,0.8072950363000614,0,2920.2933829607805,0.584058676592156,0
2,25957.3503529473,1,338,511,5,0.7055692480875053,0,12978.67517647365,2.5957350352947297,0
0,2168.755844246433,3,121,498,2,0.9157462244703616,1,542.1889610616082,0.21687558442464328,0
0,3854.7154193802803,1,96,878,2,0.8204253645864372,0,1927.3577096901402,0.385471541938028,0
2,1328.9835625509681,2,727,1287,1,0.9553362431070505,1,442.9945208503227,0.13289835625509683,0
2,2428.068401675077,3,25,1119,3,0.826819164155667,0,607.0171004187692,0.2428068401675077,1
0,1961.807663959155,1,134,454,1,0.9493821009517528,0,980.9038319795775,0.1961807663959155,0
2,26773.51454545915,1,106,382,3,0.6600082644561667,1,13386.757272729576,2.677351454545915,0
1,3505.490671355666,4,21,289,2,0.869590462163078,0,701.0981342711332,0.3505490671355666,1
3,9405.132422941062,2,63,1327,1,0.9562738336202415,1,3135.044140980354,0.9405132422941062,0
3,5131.14400057951,2,6,277,2,0.9095496176252839,0,1710.3813335265033,0.5131144000579511,0
3,1766.299008440483,2,420,782,1,0.6079093248018927,0,588.7663361468277,0.1766299008440483,0
1,6621.25026044881,3,188,940,2,0.8781032245705448,1,1655.3125651122025,0.662125026044881,0
2,16629.341898222454,1,338,215,2,0.9476304946827317,1,8314.670949111227,1.6629341898222454,0
4,1902.052278791165,0,148,634,2,0.8596690246462295,0,1902.052278791165,0.1902052278791165,0
2,21395.48824004285,0,184,786,4,0.9216921478200815,0,21395.48824004285,2.1395488240042853,0
0,2922.909765797473,4,242,1584,1,0.7667718626452875,1,584.5819531594946,0.2922909765797473,0
3,4538.806126457113,2,478,647,4,0.8502284560727729,0,1512.9353754857045,0.45388061264571133,0
2,15318.549330830845,2,20,642,2,0.5731237018313745,0,5106.183110276948,1.5318549330830844,0
4,3655.0922502674025,1,81,776,5,0.7945395916354298,0,1827.5461251337013,0.36550922502674027,0
0,8476.812987529585,2,247,1749,3,0.7248431378064694,0,2825.6043291765286,0.8476812987529585,0
1,5554.540639273054,1,636,1463,1,0.9074028877227882,0,2777.270319636527,0.5554540639273053,0
1,9463.91673975075,1,791,1825,1,0.8724347231784602,0,4731.958369875375,0.946391673975075,0
4,465.5004546329763,1,204,1496,3,0.9722614837616703,1,232.75022731648815,0.04655004546329763,0
0,901.7901305413664,1,44,974,4,0.7536234036707364,0,450.8950652706832,0.09017901305413664,0
3,16969.28810693644,0,26,1484,3,0.9027567705996046,0,16969.28810693644,1.6969288106936442,0
2,28130.725349698776,1,584,1654,5,0.7169765740265737,1,14065.362674849388,2.8130725349698777,0
0,2717.3596087903697,1,114,698,2,0.7110564888700764,1,1358.6798043951849,0.27173596087903695,0
1,6046.083447801822,2,44,1737,3,0.6575784368822395,1,2015.3611492672742,0.6046083447801822,0
4,11541.02206713275,1,544,496,3,0.9259682312567662,0,5770.511033566375,1.154102206713275,0
4,152581.17361558025,11,5,1476,2,0.8445242025421341,5,12715.097801298354,10.0,1
2,711.0816589092633,2,262,146,1,0.8335372676911369,1,237.0272196364211,0.07110816589092633,0
4,2798.256164150189,3,197,428,5,0.7493068583048628,1,699.5640410375472,0.2798256164150189,0
4,5436.576077512568,2,19,719,3,0.9359267573909543,0,1812.1920258375228,0.5436576077512568,0
0,18840.57818120845,4,83,1259,3,0.9721204211225236,1,3768.11563624169,1.884057818120845,0
3,162448.54435194234,0,33,1753,1,0.9401546869548244,0,162448.54435194234,10.0,1
2,6163.457168981214,3,186,1317,5,0.9200659119020079,1,1540.8642922453034,0.6163457168981213,0
0,1497.6118906196284,4,130,680,2,0.796913553511046,0,299.5223781239257,0.14976118906196284,0
3,13130.876133005937,2,1,757,2,0.772507572400836,0,4376.958711001979,1.3130876133005938,0
0,39545.01599577121,5,744,552,4,0.9310368579754715,0,6590.835999295202,3.954501599577121,0
0,9224.487807779607,2,87,337,5,0.7217509697169041,0,3074.8292692598693,0.9224487807779608,0
4,12736.447915196815,9,17,418,5,0.8292606882355884,5,1273.6447915196816,1.2736447915196816,1
3,25580.681834859774,2,51,114,3,0.967871244813233,0,8526.893944953257,2.5580681834859775,0
2,17966.3302254624,3,35,211,4,0.8275919710334435,0,4491.5825563656,1.79663302254624,1
2,2365.4013415328145,0,1412,646,2,0.8336494274956056,0,2365.4013415328145,0.23654013415328146,0
3,12806.533393333404,1,70,976,5,0.8396985329017232,0,6403.266696666702,1.2806533393333404,0
4,26815.052819531695,1,105,620,5,0.8097680959441971,0,13407.526409765847,2.6815052819531693,0
1,33465.42352018983,1,411,1023,1,0.5900080134729139,0,16732.711760094913,3.3465423520189828,0
0,7482.043505865722,2,206,1867,2,0.678292603937584,1,2494.0145019552406,0.7482043505865722,0
4,5272.73596142249,4,92,711,1,0.7074458752511888,1,1054.547192284498,0.527273596142249,0
3,35338.51011905253,4,458,1491,4,0.9316825809100686,0,7067.702023810506,3.533851011905253,0
0,1896.5797216105898,3,278,530,5,0.6073864617574948,0,474.14493040264745,0.18965797216105898,0
2,13715.682279705092,2,52,1706,4,0.7116683308775659,0,4571.894093235031,1.3715682279705093,0
1,9146.402464464016,13,13,318,1,0.8228850653040815,4,653.3144617474297,0.9146402464464016,1
2,29098.77996593745,4,512,1840,2,0.7581520153429677,0,5819.75599318749,2.909877996593745,0
3,5945.235261037412,0,138,785,5,0.658538961041238,0,5945.235261037412,0.5945235261037412,0
0,37134.431195439174,1,265,616,2,0.8085317825252067,0,18567.215597719587,3.7134431195439173,0
3,14613.416259454465,1,709,1721,4,0.8617360835941049,0,7306.7081297272325,1.4613416259454466,0
0,1867.0888346902336,2,235,1263,3,0.7742786022655457,0,622.3629448967446,0.18670888346902337,0
4,44781.62949950999,1,22,455,2,0.8763421218188835,0,22390.814749754994,4.478162949950999,0
1,165888.47542357995,8,4,814,2,0.829542242324882,5,18432.052824842216,10.0,1
4,23359.14396925733,0,181,1562,2,0.8922537149073745,0,23359.14396925733,2.335914396925733,0
4,3248.974093511163,1,65,1385,5,0.7490286586409771,0,1624.4870467555816,0.32489740935111633,0
3,5612.67804659341,1,632,1669,4,0.7941999547491855,1,2806.339023296705,0.561267804659341,0
1,9648.065046262895,0,104,1990,4,0.7288168252453582,0,9648.065046262895,0.9648065046262895,0
0,3482.645624298651,1,123,915,5,0.891906057507229,1,1741.3228121493255,0.3482645624298651,0
0,61747.939589127796,2,242,1762,2,0.8645367205684417,0,20582.646529709265,6.17479395891278,0
2,9635.329380251402,2,149,1167,2,0.6017190343799438,0,3211.7764600838004,0.9635329380251402,0
0,316.0758901548082,2,97,439,3,0.6741198130114622,0,105.35863005160273,0.031607589015480816,0
3,70847.45081533004,4,2,596,2,0.858247077023224,5,14169.490163066008,7.084745081533004,1
4,5335.890806407268,2,182,1484,1,0.783602850380359,0,1778.6302688024227,0.5335890806407269,0
4,7406.31380763912,2,405,1285,2,0.6690081526559251,1,2468.77126921304,0.740631380763912,0
4,5206.466871599952,2,232,1711,3,0.8930731867040512,0,1735.488957199984,0.5206466871599952,0
1,21342.500662547274,1,97,1442,1,0.6296887566249205,0,10671.250331273637,2.1342500662547272,0
0,31058.423358673866,2,28,791,3,0.7684578430522147,1,10352.807786224623,3.105842335867387,0
3,11380.581385252608,3,339,1241,3,0.8205417401060694,0,2845.145346313152,1.1380581385252608,0
1,5392.835408674694,1,569,1087,4,0.9673776494832106,0,2696.417704337347,0.5392835408674694,0
2,7710.939811222725,2,99,635,5,0.8323507960712726,0,2570.313270407575,0.7710939811222726,0
3,8295.923594057382,0,261,1637,3,0.9056522827139868,1,8295.923594057382,0.8295923594057382,0
3,3093.5790003095467,3,106,923,2,0.8041717435108078,0,773.3947500773867,0.30935790003095465,0
3,16231.586037008945,1,140,1280,4,0.8359241213441481,0,8115.7930185044725,1.6231586037008945,0
4,14073.526926007738,4,363,1881,1,0.8000229744321705,1,2814.705385201548,1.4073526926007738,0
3,51458.42544567154,2,18,92,5,0.9392869922908259,0,17152.808481890515,5.145842544567154,0
0,36549.388566313704,2,152,929,4,0.9499686261854854,0,12183.129522104568,3.6549388566313703,0
3,3558.8406079946367,1,49,1515,3,0.7434094266026141,0,1779.4203039973183,0.35588406079946366,0
4,21684.60952478454,1,84,1588,4,0.9299555946244487,2,10842.30476239227,2.168460952478454,0
3,2588.557216693155,2,207,960,2,0.8449020767127532,0,862.8524055643851,0.25885572166931553,0
2,18678.315314559353,3,6,656,2,0.8259443648956152,0,4669.578828639838,1.8678315314559353,1
2,34813.51200411994,9,12,1468,2,0.8901115751831215,3,3481.351200411994,3.481351200411994,1
4,2373.4411235893863,3,67,287,5,0.7415532397048501,0,593.3602808973466,0.23734411235893862,0
0,11339.57854488327,2,222,1752,4,0.6527968877999035,1,3779.85951496109,1.133957854488327,0
0,327.1829341794306,2,31,1604,4,0.9098826260794751,0,109.06097805981021,0.032718293417943065,0
1,991.113749924062,1,267,768,3,0.7914156932357665,0,495.556874962031,0.0991113749924062,0
4,6548.620786241068,2,208,791,1,0.7802394259529979,0,2182.8735954136896,0.6548620786241068,0
3,8945.716738063458,1,710,453,2,0.8749137777707869,1,4472.858369031729,0.8945716738063458,0
4,5202.098993969719,2,485,263,1,0.7635624697023637,0,1734.0329979899063,0.5202098993969719,0
1,1217.648040663448,3,67,1641,1,0.7304895289242306,1,304.412010165862,0.1217648040663448,0
4,3036.7094470661295,2,6,895,2,0.8277478435559579,1,1012.2364823553766,0.30367094470661293,0
4,12957.77395840783,1,214,1447,2,0.8722958932700998,0,6478.886979203915,1.295777395840783,0
1,16287.254114695746,1,185,181,3,0.8388628708124005,0,8143.627057347873,1.6287254114695746,0
0,7946.860777286994,0,6,58,5,0.8912096941732545,0,7946.860777286994,0.7946860777286994,0
3,32474.17825343583,0,27,1816,2,0.9089220155331966,0,32474.17825343583,3.2474178253435833,0
1,13054.346574671143,2,176,202,1,0.9529131489878376,1,4351.4488582237145,1.3054346574671143,0
2,3304.5421668113654,1,486,480,3,0.7065410550003465,1,1652.2710834056827,0.33045421668113656,0
0,5787.163394387213,2,474,532,4,0.8903640550937244,2,1929.0544647957377,0.5787163394387213,0
2,1505.018713538579,2,33,354,3,0.7913237166639455,0,501.6729045128597,0.1505018713538579,0
0,7116.940532240681,0,98,1996,2,0.8712799101075169,0,7116.940532240681,0.7116940532240681,0
3,30776.932484870285,2,9,333,2,0.8111705445325509,2,10258.977494956762,3.0776932484870287,0
3,18441.30199372792,2,127,521,5,0.929543355843456,1,6147.1006645759735,1.844130199372792,0
4,43582.509522148684,1,280,1042,3,0.9045978202933099,0,21791.254761074342,4.358250952214869,0
2,5633.790188140379,1,313,239,2,0.950921639683665,0,2816.8950940701893,0.5633790188140378,0
0,40754.42710644955,1,139,1601,1,0.8677853409287456,2,20377.213553224774,4.075442710644955,0
3,6425.5334159975655,3,21,561,1,0.6778033533369232,0,1606.3833539993914,0.6425533415997565,1
1,47377.47098806072,1,97,392,3,0.87201501243211,0,23688.73549403036,4.7377470988060715,0
3,53826.80798629694,10,16,1503,5,0.8720836064240369,5,4893.346180572449,5.382680798629694,1
1,18933.301762480714,0,53,764,3,0.7958766248009945,0,18933.301762480714,1.8933301762480714,0
0,47578.43242254532,0,78,1759,5,0.9752302920211271,0,47578.43242254532,4.757843242254531,0
3,6424.581977008217,0,275,729,1,0.8195682898321852,0,6424.581977008217,0.6424581977008217,0
3,10530.875921039133,3,265,1924,2,0.8515058470729451,1,2632.718980259783,1.0530875921039133,0
0,38049.22937954542,0,487,1107,4,0.7787140029624517,0,38049.22937954542,3.8049229379545415,0
3,6907.728963149115,0,99,520,2,0.8747248757366071,0,6907.728963149115,0.6907728963149115,0
1,1660.5916956336266,2,145,1467,1,0.974996736322977,0,553.5305652112089,0.16605916956336267,0
3,106043.90288451318,0,126,790,1,0.568284841721074,0,106043.90288451318,10.0,0
2,4611.380933158979,0,526,1568,2,0.7875439208849122,0,4611.380933158979,0.4611380933158979,0
4,9803.622714800651,1,294,562,2,0.8549554172977172,0,4901.8113574003255,0.980362271480065,0
1,32441.962520794266,1,357,1395,1,0.8111932971810906,0,16220.981260397133,3.2441962520794267,0
2,3904.1966415834777,0,29,1188,2,0.8320106071939048,0,3904.1966415834777,0.3904196641583478,0
0,2417.6674824797487,0,314,1287,4,0.938302740898566,0,2417.6674824797487,0.24176674824797487,0
1,10987.18371987555,3,114,1839,4,0.914318497764039,0,2746.7959299688873,1.0987183719875548,0
4,942.2855144089914,1,5,194,3,0.9745286099988413,0,471.1427572044957,0.09422855144089914,0
4,5735.97318701044,1,13,608,4,0.7742174297178084,0,2867.98659350522,0.573597318701044,0
0,10873.09205317283,0,227,841,1,0.9689135365187859,0,10873.09205317283,1.087309205317283,0
0,5860.895718108635,3,94,1251,1,0.6766848226102098,0,1465.2239295271588,0.5860895718108635,0
1,1271.3808448184343,1,406,1798,3,0.6864125954693145,0,635.6904224092171,0.12713808448184344,0
3,54885.997891006125,3,266,409,5,0.8828527567151051,0,13721.499472751531,5.488599789100612,0
0,9175.074426215857,2,5,334,3,0.7869278253955867,0,3058.3581420719524,0.9175074426215857,0
3,202263.3180912341,10,4,1318,5,0.7745418860198244,5,18387.574371930372,10.0,1
2,5931.049749108895,0,43,814,5,0.8389170094324407,1,5931.049749108895,0.5931049749108895,0
4,2818.571913393196,1,110,1279,2,0.9307883496906599,0,1409.285956696598,0.28185719133931963,0
3,11192.700506379519,1,197,633,4,0.8857410871355735,0,5596.350253189759,1.1192700506379518,0
4,6254.493525040611,0,413,1807,5,0.6824355828118187,1,6254.493525040611,0.6254493525040611,0
3,1971.7687280312434,5,122,1415,2,0.9406387965580443,0,328.62812133854055,0.19717687280312435,0
2,47275.19935996222,0,331,776,3,0.7695844462413434,0,47275.19935996222,4.727519935996222,0
0,3840.184658310254,4,306,1433,3,0.8125794405240223,0,768.0369316620507,0.3840184658310254,0
2,890.4084929285618,0,108,1572,5,0.8916941882761116,1,890.4084929285618,0.08904084929285619,0
0,39886.741911852834,0,140,1214,2,0.9738171364912942,0,39886.741911852834,3.988674191185283,0
0,4424.189518586792,0,242,1009,1,0.8345810379305402,0,4424.189518586792,0.44241895185867913,0
4,3907.3369300079125,0,7,1741,4,0.5955640277579125,1,3907.3369300079125,0.39073369300079125,0
2,974.1203859707507,1,443,1295,5,0.6821299163324481,0,487.06019298537535,0.09741203859707508,0
3,412480.0780685833,7,6,1462,1,0.9118841775446354,3,51560.00975857291,10.0,1
2,1724.380777315715,1,58,1403,4,0.6319305145995827,0,862.1903886578575,0.1724380777315715,0
4,8691.835161872285,1,795,792,1,0.8176017271975471,0,4345.917580936142,0.8691835161872284,0
0,24225.095695953623,2,40,1466,2,0.49909034244076644,1,8075.0318986512075,2.4225095695953622,0
4,13440.93687492947,0,491,703,5,0.9537374625212157,0,13440.93687492947,1.344093687492947,0
1,7543.298450399704,3,79,407,1,0.9146021214877639,0,1885.824612599926,0.7543298450399704,0
1,1051.5294160317853,3,289,1467,1,0.917843216029689,3,262.88235400794633,0.10515294160317853,0
3,3066.6167500509846,3,122,636,1,0.9210229160720848,0,766.6541875127461,0.30666167500509844,0
4,10151.334012644927,1,267,89,5,0.8885843323452189,0,5075.667006322464,1.0151334012644928,0
3,3150.7352460112284,0,34,951,2,0.8601665516049977,0,3150.7352460112284,0.3150735246011228,0
3,10342.649488089426,1,63,322,2,0.7198318573278674,0,5171.324744044713,1.0342649488089426,0
1,18362.9823909747,2,22,1493,1,0.6362405562784562,0,6120.9941303249,1.83629823909747,0
3,25719.46720565088,2,401,1143,2,0.9588975995818539,0,8573.15573521696,2.571946720565088,0
1,1860.4706468218465,1,71,878,4,0.8532339006597787,0,930.2353234109232,0.18604706468218465,0
0,113094.07415300435,1,238,672,2,0.8726327080925286,0,56547.03707650217,10.0,0
4,20352.829306456486,1,344,507,1,0.8312764534748064,1,10176.414653228243,2.0352829306456486,0
3,8086.433141395937,3,464,283,4,0.8595819987347296,0,2021.6082853489843,0.8086433141395937,0
1,29954.771299658503,1,23,246,5,0.7982276580231317,1,14977.385649829252,2.9954771299658502,0
2,138481.12675401085,1,448,1924,3,0.9710066829870203,1,69240.56337700543,10.0,0
3,8283.257388846598,5,12,1784,2,0.8359523768634961,4,1380.5428981410996,0.8283257388846598,1
0,6183.778856341652,2,268,1582,4,0.6945459317610773,0,2061.2596187805507,0.6183778856341652,0
0,466.7911811761515,0,262,585,3,0.6701122786830944,1,466.7911811761515,0.04667911811761515,0
2,50697.09941488996,7,12,1892,5,0.5611607257966288,6,6337.137426861245,5.069709941488997,1
1,12562.520420470102,4,50,987,3,0.6296647596310384,0,2512.5040840940205,1.2562520420470102,1
3,7731.092479920967,1,136,196,5,0.9231998630156834,0,3865.5462399604835,0.7731092479920967,0
1,3694.3492991478265,2,109,623,1,0.9763434262897874,0,1231.449766382609,0.36943492991478266,0
0,692.6900082523965,1,502,1532,1,0.9033532827119054,0,346.34500412619826,0.06926900082523965,0
1,111935.66134738819,9,1,1140,5,0.6490266641199062,4,11193.56613473882,10.0,1
0,46468.102139797804,5,553,79,3,0.7526050031034713,1,7744.6836899663,4.64681021397978,0
1,3986.9342379218524,0,124,156,2,0.7843611514076341,0,3986.9342379218524,0.39869342379218525,0
2,13740.073496163255,0,667,1751,3,0.8644106322389897,0,13740.073496163255,1.3740073496163254,0
4,1234.2599317497463,2,268,439,3,0.872568250287912,1,411.41997724991546,0.12342599317497463,0
2,14025.826742579033,3,354,928,2,0.5825124226960776,0,3506.456685644758,1.4025826742579033,0
2,5054.030095437913,2,23,455,3,0.8027036670944477,0,1684.6766984793042,0.5054030095437912,0
4,3245.739393023635,1,177,1194,3,0.982966904269253,0,1622.8696965118174,0.3245739393023635,0
4,3253.7505669069897,0,31,1084,4,0.8741983456540696,0,3253.7505669069897,0.325375056690699,0
3,5052.639715089611,1,71,633,5,0.7970440943631261,0,2526.3198575448055,0.5052639715089611,0
3,12822.028904459978,2,196,396,1,0.7762412837274508,0,4274.009634819992,1.2822028904459977,0
2,1678.0776454375186,2,260,1326,5,0.8263781607508904,0,559.3592151458396,0.16780776454375188,0
2,5031.440491519328,1,8,846,3,0.7056093237875373,0,2515.720245759664,0.5031440491519328,0
0,7709.694688839748,3,152,168,2,0.827190086250573,0,1927.423672209937,0.7709694688839748,0
0,2167.116867349306,1,167,1960,2,0.9509801086566492,0,1083.558433674653,0.21671168673493063,0
3,69982.34269587412,1,17,569,1,0.700008533812001,1,34991.17134793706,6.998234269587412,0
3,2909.7004709605403,0,139,1288,1,0.8252559354660093,0,2909.7004709605403,0.290970047096054,0
0,3628.8668051770237,3,251,782,1,0.510609836497971,0,907.2167012942559,0.3628866805177024,0
0,2504.9660491986383,6,11,129,2,0.5140503431745148,0,357.8522927426626,0.2504966049198638,1
1,604740.8349145274,10,18,468,3,0.6150786584951106,4,54976.43953768431,10.0,1
1,15732.537111725767,2,172,633,1,0.7569864550740523,1,5244.179037241923,1.5732537111725768,0
0,14843.649031178767,8,9,761,1,0.8108932312141292,5,1649.2943367976409,1.4843649031178767,1
1,30560.935986195345,0,50,1758,2,0.8914698731396365,0,30560.935986195345,3.0560935986195346,0
4,10309.678911758532,0,359,1362,3,0.9189491057160678,0,10309.678911758532,1.0309678911758533,0
3,11033.640424365787,2,20,283,1,0.8560773716639005,1,3677.880141455262,1.1033640424365787,0
3,5359.507414152434,4,104,310,3,0.8737824739267657,0,1071.9014828304867,0.5359507414152433,0
0,3296.7776992905974,1,45,982,4,0.8563397722528728,0,1648.3888496452987,0.3296777699290597,0
2,44358.83853073606,11,16,706,1,0.8752247801414655,5,3696.569877561338,4.435883853073606,1
0,4212.852808887995,1,245,1095,1,0.6325040377083899,1,2106.4264044439974,0.42128528088879946,0
1,71690.01495763315,2,6,127,2,0.7552344040879352,0,23896.67165254438,7.169001495763315,0
2,1766.6681910112268,0,2,791,4,0.8112108114332566,0,1766.6681910112268,0.17666681910112267,0
1,51194.53809094798,0,69,721,4,0.7465618597061946,1,51194.53809094798,5.119453809094798,0
4,7089.835243902061,3,31,1087,4,0.9447808824653421,1,1772.4588109755152,0.7089835243902061,1
1,11601.653161066126,0,200,1821,5,0.7895441614964263,0,11601.653161066126,1.1601653161066126,0
4,22021.825746808863,2,219,1221,2,0.9260156894010938,0,7340.608582269621,2.2021825746808865,0
4,3803.590796551989,2,570,1735,2,0.9137946549368778,1,1267.863598850663,0.3803590796551989,0
1,22858.951305314386,1,608,79,1,0.7857048368159514,0,11429.475652657193,2.2858951305314386,0
1,314.4884572447838,2,216,487,2,0.8245351018579518,0,104.82948574826126,0.031448845724478376,0
4,3415.2724873302773,0,2,1746,1,0.9171691645922158,0,3415.2724873302773,0.3415272487330277,0
2,2673.448874618816,3,89,1846,1,0.8498524601293863,0,668.362218654704,0.26734488746188156,0
4,12476.08213809067,10,4,1603,5,0.7894029109283517,5,1134.18928528097,1.247608213809067,1
3,6260.743295246509,3,139,112,2,0.9673872475281603,0,1565.1858238116272,0.6260743295246509,0
4,12873.162048383014,1,185,1503,2,0.9236181243675315,0,6436.581024191507,1.2873162048383013,0
2,18829.7246424116,0,647,1208,5,0.9698810042404308,0,18829.7246424116,1.8829724642411598,0
3,10818.924072015021,2,433,206,5,0.9207326764733686,0,3606.308024005007,1.0818924072015021,0
0,3645.20484631766,0,24,618,2,0.8659781386196883,1,3645.20484631766,0.364520484631766,0
0,12617.243957888371,0,62,992,2,0.8686408107021519,0,12617.243957888371,1.261724395788837,0
2,9406.374096437657,2,359,826,1,0.396032888942348,1,3135.4580321458857,0.9406374096437657,0
4,24916.04871454465,0,348,303,3,0.8506011288082769,0,24916.04871454465,2.4916048714544647,0
1,20585.125760609033,2,65,1056,1,0.9361504047101872,1,6861.708586869678,2.0585125760609033,0
2,8404.913015945542,3,263,1260,4,0.5034117423822465,1,2101.2282539863854,0.8404913015945542,0
3,26337.67464676636,9,18,1953,4,0.940630161916489,5,2633.7674646766363,2.633767464676636,1
3,3701.3755988150765,1,129,922,3,0.7987402503814169,2,1850.6877994075383,0.37013755988150765,0
0,4189.148492156223,3,45,1452,5,0.6547772922607923,1,1047.2871230390558,0.41891484921562233,1
3,5550.705963603777,1,440,1400,4,0.9258802670055898,0,2775.3529818018883,0.5550705963603777,0
2,11177.526881914995,4,227,248,5,0.8917836985399614,0,2235.505376382999,1.1177526881914994,0
3,19114.629593561527,1,38,930,5,0.9601336820148285,0,9557.314796780764,1.9114629593561527,0
2,7620.959568533541,7,245,1244,1,0.7553894205065413,1,952.6199460666926,0.7620959568533541,0
1,8261.403319449235,2,271,1388,5,0.8891877637848149,0,2753.8011064830785,0.8261403319449235,0
0,9623.541026461684,4,436,55,3,0.7487077112957358,0,1924.7082052923367,0.9623541026461684,0
3,4362.993242231244,2,51,1951,1,0.8180596228848537,1,1454.331080743748,0.4362993242231244,0
2,2669.187214026117,0,898,1329,3,0.897387876379037,1,2669.187214026117,0.2669187214026117,0
4,985.8207305626677,4,34,1952,5,0.9418887881349471,0,197.16414611253353,0.09858207305626676,1
0,3518.6081212999125,1,184,870,4,0.7235687240635865,1,1759.3040606499562,0.35186081212999126,0
1,14296.56451847093,1,215,1393,5,0.8921692458307131,0,7148.282259235465,1.4296564518470931,0
2,3485.98622430534,5,109,297,3,0.6083119428402809,2,580.99770405089,0.34859862243053397,0
1,6091.38986237758,0,129,1804,2,0.8316725885155832,1,6091.38986237758,0.6091389862377581,0
1,14181.839900743036,1,444,53,2,0.642261063470449,0,7090.919950371518,1.4181839900743036,0
3,15135.941036548498,0,208,562,4,0.8597327187824163,0,15135.941036548498,1.51359410365485,0
3,21733.71123465348,9,6,887,3,0.544540752332956,5,2173.3711234653483,2.173371123465348,1
2,26808.418163217524,1,28,555,4,0.7211553776039595,1,13404.209081608762,2.6808418163217524,0
4,31345.31544257504,5,2,80,1,0.5197603956477431,0,5224.219240429174,3.134531544257504,1
2,2088.4556979558233,2,27,1906,5,0.9186843149656346,0,696.1518993186078,0.20884556979558233,0
4,3015.1225540077517,4,626,1702,1,0.9433115791970934,0,603.0245108015504,0.30151225540077514,0
1,33836.954741939815,1,289,1348,2,0.8211540776790934,0,16918.477370969907,3.3836954741939813,0
0,31500.179130332297,7,6,758,5,0.9592754765010517,5,3937.522391291537,3.1500179130332295,1
2,564.6841018740105,0,8,935,1,0.7440706519882196,1,564.6841018740105,0.05646841018740105,0
2,14376.810162816568,9,6,1398,2,0.8778098929384338,2,1437.6810162816569,1.4376810162816567,1
4,6007.4548368805235,3,10,1250,1,0.6586678177221046,1,1501.8637092201309,0.6007454836880524,1
1,2006.904611287204,2,305,1360,5,0.8171415429696107,1,668.9682037624013,0.2006904611287204,0
1,4933.931803448448,0,96,797,1,0.768811627479837,1,4933.931803448448,0.49339318034484475,0
4,8424.298236836163,3,21,128,5,0.4035168186441432,0,2106.0745592090407,0.8424298236836163,1
1,46849.9642616674,2,168,292,1,0.8983652530340475,0,15616.654753889134,4.68499642616674,0
3,5718.462762995561,2,66,1896,4,0.8557545605653111,0,1906.1542543318537,0.5718462762995561,0
0,29350.068509761822,2,216,550,1,0.5399285402163227,0,9783.356169920607,2.9350068509761824,0
2,45004.24935674609,3,215,254,1,0.7852076589363253,0,11251.062339186523,4.5004249356746096,0
0,45304.95118689386,1,245,1533,4,0.7179606220601656,2,22652.47559344693,4.530495118689386,0
2,11403.84105249918,1,978,1456,2,0.8112789430763461,0,5701.92052624959,1.140384105249918,0
3,768.202232915917,4,98,772,5,0.8964289698166725,0,153.6404465831834,0.0768202232915917,0
1,14086.748876449527,1,126,382,3,0.6899305930987225,0,7043.374438224763,1.4086748876449526,0
4,28511.98674493718,3,327,652,2,0.9102115355683683,0,7127.996686234295,2.8511986744937183,0
3,7351.939783264021,4,173,215,5,0.9470307288158647,0,1470.3879566528042,0.7351939783264021,0
0,65742.48481332984,1,8,210,1,0.6701067013128675,1,32871.24240666492,6.574248481332984,0
4,22738.169650485674,2,371,55,2,0.7435408474094711,1,7579.389883495224,2.2738169650485673,0
1,16025.364906135976,2,11,1726,1,0.85555912335367,0,5341.7883020453255,1.6025364906135975,0
3,29841.545726051852,0,38,254,2,0.8517918625466462,0,29841.545726051852,2.9841545726051852,0
4,12088.910472957927,1,22,581,2,0.7600385393744828,0,6044.455236478963,1.2088910472957928,0
3,1696.3131170340519,5,14,1173,3,0.9454271049891144,2,282.71885283900866,0.16963131170340517,1
3,22941.455031332873,4,14,1750,4,0.9925413015204768,5,4588.291006266574,2.2941455031332874,1
1,34084.62332535621,1,12,94,2,0.852276077946182,0,17042.311662678105,3.408462332535621,0
2,3074.4779451180607,2,117,506,1,0.5774496902430937,0,1024.8259817060202,0.3074477945118061,0
4,6197.076909917095,1,59,1922,3,0.8308997948266142,0,3098.5384549585474,0.6197076909917095,0
1,2312.758907955122,4,28,276,2,0.8271832794739866,0,462.55178159102445,0.23127589079551222,1
3,68920.37379554333,2,216,1388,4,0.8388922509170718,0,22973.457931847777,6.892037379554333,0
1,60948.8915729036,1,52,101,1,0.9467921656268732,0,30474.4457864518,6.0948891572903605,0
2,2805.556869857188,2,4,1219,3,0.6960398293154865,0,935.1856232857293,0.2805556869857188,0
4,9669.748699494568,1,109,1354,5,0.7584173288162853,0,4834.874349747284,0.9669748699494568,0
2,14879.38728090686,10,15,1196,4,0.8760108167134126,3,1352.6715709915327,1.487938728090686,1
0,16948.482263747126,0,77,1792,5,0.9787260020769671,0,16948.482263747126,1.6948482263747127,0
4,14937.344412063167,3,118,520,5,0.7977885297348163,0,3734.3361030157917,1.4937344412063167,0
2,21462.160481607138,0,222,946,3,0.9439988035620565,0,21462.160481607138,2.1462160481607135,0
3,12067.873732820717,0,192,1370,3,0.9378535245534892,1,12067.873732820717,1.2067873732820718,0
4,274439.86576081754,1,554,663,3,0.9539416573303509,0,137219.93288040877,10.0,0
4,2360.17602472743,2,146,561,5,0.8623522129576224,1,786.72534157581,0.236017602472743,0
1,1040.3120286416274,1,128,835,1,0.7857533876512528,0,520.1560143208137,0.10403120286416274,0
3,5055.801926644286,2,49,1714,3,0.6708782167811949,0,1685.2673088814288,0.5055801926644287,0
0,1234.4910777358912,1,282,1575,4,0.7869786543215023,1,617.2455388679456,0.12344910777358911,0
2,1351.6012450305275,0,31,1752,3,0.6576123337649508,0,1351.6012450305275,0.13516012450305276,0
1,2436.7547559195636,0,136,1275,3,0.6084314327658312,0,2436.7547559195636,0.24367547559195638,0
2,2679.467376072673,1,110,464,3,0.8770548176766059,1,1339.7336880363364,0.2679467376072673,0
0,23701.19108720561,8,6,663,5,0.6935039150049803,3,2633.465676356179,2.370119108720561,1
0,15091.134641234135,2,500,1656,1,0.6879776853659259,0,5030.3782137447115,1.5091134641234136,0
4,35880.623552680896,7,10,1495,3,0.6891320218867821,2,4485.077944085112,3.5880623552680895,1
0,6532.745056689659,1,37,569,5,0.8035642717092453,0,3266.3725283448293,0.6532745056689658,0
2,206067.6959663249,8,9,723,4,0.5986936582817797,3,22896.41066292499,10.0,1
3,3230.5670893432034,1,334,1146,1,0.9232229203662635,0,1615.2835446716017,0.3230567089343203,0
3,42549.75636627585,7,5,394,5,0.8337888361106216,4,5318.719545784481,4.254975636627584,1
4,12568.03523287948,0,121,1100,2,0.8946999857864415,2,12568.03523287948,1.256803523287948,0
2,788.4891446790317,0,249,1242,4,0.8528267613524155,1,788.4891446790317,0.07884891446790317,0
2,463.1789077420815,2,185,824,4,0.8300714572780022,1,154.3929692473605,0.04631789077420815,0
0,12275.255836921599,0,707,1873,2,0.5238096987884872,1,12275.255836921599,1.22752558369216,0
2,14623.968455866358,2,176,634,5,0.7247910128974313,0,4874.6561519554525,1.4623968455866359,0
1,96477.40953345162,2,126,1282,5,0.7542861807027015,0,32159.13651115054,9.647740953345162,0
0,84002.21198349154,7,17,1684,4,0.9842251062420122,5,10500.276497936442,8.400221198349154,1
1,21670.077279243433,4,331,929,5,0.6264225776273697,0,4334.0154558486865,2.1670077279243434,0
4,6408.835266415547,1,190,1985,2,0.8224832829335089,0,3204.4176332077736,0.6408835266415547,0
3,11575.8078121063,3,209,947,5,0.7376923433425616,0,2893.951953026575,1.15758078121063,0
4,59916.56020588459,2,712,1616,4,0.9253625141564041,0,19972.186735294865,5.991656020588459,0
3,633.4674506484006,1,193,897,5,0.9904500806090454,0,316.7337253242003,0.06334674506484006,0
4,13310.913066661977,5,96,1618,1,0.8244932609643,0,2218.4855111103293,1.3310913066661976,0
2,105103.83824092576,5,236,774,2,0.9172610813007188,0,17517.306373487627,10.0,1
1,11366.674492025035,0,216,706,2,0.6382785820200215,0,11366.674492025035,1.1366674492025035,0
3,58728.91981035408,3,3,660,3,0.911088361036064,0,14682.22995258852,5.872891981035408,1
0,3808.3275959706593,2,126,1895,5,0.7758209147714497,1,1269.4425319902198,0.3808327595970659,0
1,7797.37959600167,1,272,1383,2,0.9216125701162956,0,3898.689798000835,0.779737959600167,0
0,8435.714035140754,3,139,1073,5,0.8609923998107661,0,2108.9285087851886,0.8435714035140754,0
1,566.1679155393955,2,303,996,1,0.5899400216679647,0,188.72263851313184,0.05661679155393955,0
1,1994.5756632599512,2,120,229,4,0.6186569887459072,0,664.8585544199838,0.19945756632599512,0
4,2172.7521280394258,1,819,696,4,0.958060397369175,0,1086.3760640197129,0.21727521280394257,0
3,21730.65669896614,2,70,487,3,0.9070880900187444,0,7243.5522329887135,2.173065669896614,0
3,23076.815322806924,0,20,1550,3,0.8018017064976362,0,23076.815322806924,2.3076815322806925,0
1,49615.77583971669,5,9,444,2,0.9181768719273844,5,8269.295973286115,4.961577583971669,1
2,21783.8353543891,3,157,1775,2,0.7451099516502562,1,5445.958838597275,2.17838353543891,0
2,6654.314396653632,1,86,1615,2,0.7326537666278,0,3327.157198326816,0.6654314396653632,0
0,132772.86587627375,10,7,643,1,0.65750442352593,5,12070.260534206704,10.0,1
0,8188.9923178068775,1,223,106,3,0.6814615859043849,1,4094.4961589034388,0.8188992317806878,0
4,8685.731118759204,2,95,1247,3,0.9028772635769381,0,2895.243706253068,0.8685731118759205,0
1,5891.6350755666,0,200,1793,4,0.6713882849195655,0,5891.6350755666,0.58916350755666,0
0,18422.73121345276,0,302,375,3,0.8838546138271981,0,18422.73121345276,1.842273121345276,0
0,4888.112030397324,0,287,371,3,0.9517576880127737,0,4888.112030397324,0.4888112030397324,0
1,26152.959906734242,2,95,232,1,0.8856177415123889,0,8717.653302244747,2.6152959906734243,0
4,2082.701298138613,1,168,284,2,0.7856079284475461,1,1041.3506490693064,0.20827012981386128,0
0,2167.43667886786,4,120,668,1,0.7127582036371565,0,433.487335773572,0.21674366788678598,0
4,18488.646244499425,1,410,1259,5,0.7212501363748712,0,9244.323122249712,1.8488646244499425,0
3,7286.26933147153,1,422,315,4,0.7926176659075181,0,3643.134665735765,0.728626933147153,0
4,4700.058811083002,1,85,1717,4,0.42653749902579,2,2350.029405541501,0.4700058811083002,0
2,23577.998258021544,3,20,1058,4,0.8032404534842312,0,5894.499564505386,2.357799825802154,1
2,3909.9751720374175,0,37,891,2,0.5728217664173426,0,3909.9751720374175,0.39099751720374176,0
4,6372.572383021304,5,92,378,2,0.8406578529304829,0,1062.0953971702172,0.6372572383021303,0
2,387130.8154709342,4,16,1903,2,0.8280220381910415,6,77426.16309418684,10.0,1
3,51378.281075345614,0,214,1438,4,0.816566430996345,1,51378.281075345614,5.1378281075345615,0
1,53470.09754977396,0,81,732,4,0.7465715568211023,1,53470.09754977396,5.347009754977396,0
2,5775.898268823872,1,221,1883,4,0.7401977825196723,0,2887.949134411936,0.5775898268823872,0
2,35484.22412974786,3,556,73,5,0.7940342638387701,0,8871.056032436965,3.5484224129747863,0
4,2594.778944162253,0,212,1334,5,0.7357601578687738,0,2594.778944162253,0.2594778944162253,0
3,2729.071035771651,0,35,1428,4,0.7541614936408153,0,2729.071035771651,0.27290710357716513,0
1,482.72782082247863,3,174,245,2,0.8225984451626362,0,120.68195520561966,0.04827278208224786,0
4,60321.377700187775,3,157,660,2,0.9475845840860881,0,15080.344425046944,6.032137770018777,0
4,2873.3221449372645,0,410,1563,5,0.7267233296370657,0,2873.3221449372645,0.2873322144937265,0
3,6961.574188781891,0,87,1961,5,0.9084671292101221,1,6961.574188781891,0.6961574188781892,0
1,2717.88909420474,0,110,1406,4,0.956702376994515,1,2717.88909420474,0.271788909420474,0
3,150779.83308416413,9,3,662,4,0.8209569607770476,3,15077.983308416413,10.0,1
1,5162.827157319229,1,149,1937,2,0.8884016307894974,3,2581.4135786596144,0.5162827157319229,0
3,1692.9362586449813,4,254,681,3,0.6466038836983578,0,338.58725172899625,0.16929362586449814,0
4,13766.523311564819,1,9,370,2,0.589037667097171,0,6883.261655782409,1.3766523311564818,0
4,1450.2974759893011,1,166,1520,2,0.7344417411592226,0,725.1487379946506,0.14502974759893011,0
0,2966.4259687204953,3,26,1450,4,0.76792401488669,2,741.6064921801238,0.2966425968720495,1
2,646.6033604906879,0,76,252,3,0.8312634362959133,0,646.6033604906879,0.06466033604906879,0
3,1467.4041954243594,2,217,1163,3,0.6715523784798997,0,489.1347318081198,0.14674041954243594,0
0,10039.022256217084,1,35,1780,4,0.8569592586423667,1,5019.511128108542,1.0039022256217083,0
2,767.0536557580493,0,74,226,1,0.6679505143744427,0,767.0536557580493,0.07670536557580493,0
3,1370.0809853290903,1,243,676,4,0.8174069979320457,1,685.0404926645451,0.13700809853290902,0
1,8080.082005350093,1,211,1918,5,0.6974656590277507,0,4040.0410026750465,0.8080082005350093,0
2,4220.343174470819,2,20,81,3,0.801182590552489,1,1406.7810581569395,0.42203431744708186,0
4,88472.22705447604,1,173,1953,4,0.8922061938731608,0,44236.11352723802,8.847222705447605,0
0,73179.8841309816,2,32,995,2,0.9789227837150641,0,24393.2947103272,7.317988413098161,0
2,2859.7601729862718,1,59,776,2,0.8347603586708644,1,1429.8800864931359,0.28597601729862715,0
2,15812.643840867886,1,123,1003,2,0.8317351388279991,0,7906.321920433943,1.5812643840867886,0
4,19913.21913374783,2,24,869,4,0.8978913850501716,1,6637.739711249276,1.9913219133747828,0
3,3956.145099357749,4,1012,840,1,0.7895394211436214,0,791.2290198715498,0.3956145099357749,0
1,1346.616132487141,0,37,292,5,0.83503664269365,1,1346.616132487141,0.1346616132487141,0
4,7984.375598861379,2,305,1871,2,0.6773146884037585,0,2661.458532953793,0.798437559886138,0
1,6585.234272428055,1,355,119,4,0.8197973761958214,0,3292.6171362140276,0.6585234272428055,0
3,4803.4159672755195,0,1040,1064,1,0.8226177490885948,0,4803.4159672755195,0.48034159672755194,0
2,13777.336545260598,4,112,1144,3,0.8288453189668531,1,2755.4673090521196,1.3777336545260597,0
1,3291.5849372177145,0,415,1696,3,0.7407861507228225,0,3291.5849372177145,0.3291584937217715,0
0,8047.091728861409,7,8,207,5,0.6412434257341849,4,1005.8864661076761,0.804709172886141,1
0,9236.326904265003,0,38,598,4,0.39040128651275086,0,9236.326904265003,0.9236326904265003,0
4,12876.562933822323,2,131,1889,4,0.9439906917245643,0,4292.187644607441,1.2876562933822322,0
3,1974.4123076757091,2,13,375,2,0.6712253334235055,0,658.137435891903,0.19744123076757092,0
4,24679.019117087566,2,194,1108,1,0.8366996964393419,1,8226.339705695855,2.4679019117087564,0
4,968.1844674499189,2,175,1553,5,0.8215257625154262,0,322.7281558166396,0.09681844674499189,0
4,4049.156430099914,0,46,509,1,0.7377436885021088,1,4049.156430099914,0.4049156430099914,0
0,5945.499088467137,0,320,1909,5,0.940294725061866,0,5945.499088467137,0.5945499088467137,0
0,3776.4192255477224,2,8,465,4,0.9940866980144286,1,1258.8064085159074,0.37764192255477225,0
4,4113.080054188065,2,329,620,4,0.7522210159777621,0,1371.026684729355,0.4113080054188065,0
0,76518.61922555165,2,6,935,5,0.8620493401247383,1,25506.206408517217,7.651861922555165,0
3,2918.832811179527,1,214,1492,1,0.718695833941814,0,1459.4164055897636,0.2918832811179527,0
4,151670.55813462293,2,17,560,3,0.8983762376600769,0,50556.852711540974,10.0,1
0,13691.796483996754,1,58,417,3,0.6234465372702692,0,6845.898241998377,1.3691796483996754,0
1,9049.512472259932,1,256,961,2,0.8680807096297983,0,4524.756236129966,0.9049512472259932,0
4,14349.75896331552,0,66,1960,2,0.7670566575169318,2,14349.75896331552,1.434975896331552,0
4,168706.07846637414,1,144,932,1,0.937902492418262,1,84353.03923318707,10.0,0
3,21183.62576580198,9,5,256,4,0.8198217042730531,5,2118.362576580198,2.1183625765801977,1
2,2112.2277966587744,0,11,1434,1,0.8828394146274755,0,2112.2277966587744,0.21122277966587744,0
2,3275.286300058649,2,334,1509,5,0.8677200206961576,1,1091.7621000195497,0.3275286300058649,0
3,8421.740333830108,1,14,627,3,0.823492390266395,1,4210.870166915054,0.8421740333830108,0
3,1021.5482526801529,1,28,1847,2,0.7980333173412556,0,510.77412634007646,0.1021548252680153,0
3,8323.24171538365,1,26,1343,1,0.7577878936231532,1,4161.620857691825,0.832324171538365,0
2,61836.962298094164,0,1027,1306,1,0.7576848054982829,0,61836.962298094164,6.183696229809416,0
3,9717.550589663635,0,40,718,5,0.9474123878629385,1,9717.550589663635,0.9717550589663635,0
0,5703.170055006397,3,455,155,4,0.4734024642113879,0,1425.7925137515992,0.5703170055006397,0
4,3859.170185814764,1,941,715,4,0.7113203470154166,0,1929.585092907382,0.3859170185814764,0
4,23818.40893794263,1,97,1091,3,0.8081861517007977,0,11909.204468971315,2.381840893794263,0
1,3007.909722384951,3,200,1568,2,0.8773891462899931,2,751.9774305962377,0.3007909722384951,0
1,74285.80069615538,1,303,309,4,0.7562045509902857,0,37142.90034807769,7.4285800696155375,0
4,82456.95653972385,2,100,1558,4,0.9192383192655802,0,27485.65217990795,8.245695653972385,0
0,11026.987524450356,6,36,362,4,0.6789727636959928,0,1575.2839320643366,1.1026987524450356,1
2,7991.884708076853,0,114,680,1,0.8647316010274078,0,7991.884708076853,0.7991884708076853,0
2,27911.43582109515,3,296,1894,4,0.830333519821154,2,6977.858955273788,2.791143582109515,0
0,30144.51321491256,2,304,1175,5,0.8519945505598395,1,10048.17107163752,3.014451321491256,0
2,3080.385168105639,3,53,586,3,0.9307734510307782,0,770.0962920264097,0.3080385168105639,1
3,24796.929325706547,10,19,1253,4,0.48106000716799596,5,2254.2663023369587,2.479692932570655,1
4,1657.6945295148573,1,507,1583,2,0.9907728390617649,0,828.8472647574287,0.16576945295148574,0
4,13238.412572961588,4,9,1550,1,0.9617099969665395,1,2647.6825145923176,1.3238412572961589,1
0,18032.905659543267,3,266,723,5,0.7348581021050828,1,4508.226414885817,1.8032905659543266,0
2,1603.7328698549768,1,10,1473,3,0.5432890277934275,0,801.8664349274884,0.1603732869854977,0
1,4692.690264835731,1,364,399,1,0.7524697575812408,0,2346.3451324178654,0.4692690264835731,0
1,1608.8827916924383,1,472,264,5,0.9310285234351985,2,804.4413958462192,0.16088827916924384,0
2,2755.737077943682,0,71,1456,1,0.7711969965549902,1,2755.737077943682,0.2755737077943682,0
1,15696.93065074993,2,16,1197,3,0.9486369768527215,0,5232.310216916643,1.569693065074993,0
0,29006.098113647993,9,3,1365,3,0.7101186923968525,2,2900.6098113647995,2.900609811364799,1
0,5647.729318112406,2,71,1741,4,0.6491513023261398,0,1882.576439370802,0.5647729318112406,0
2,1149.665059657389,2,108,1778,2,0.8490181698855913,0,383.22168655246304,0.1149665059657389,0
1,10141.47014824209,3,219,377,4,0.6846302193314227,1,2535.3675370605224,1.0141470148242089,0
0,34635.158280614945,11,18,1638,1,0.7304608777705551,3,2886.2631900512456,3.4635158280614946,1
0,3378.708787507457,2,89,1755,4,0.6865420881228145,0,1126.2362625024857,0.33787087875074573,0
3,6458.696800655575,2,306,896,3,0.6354582173097988,0,2152.8989335518586,0.6458696800655576,0
3,10060.316019244576,2,207,147,3,0.761423188357304,0,3353.4386730815254,1.0060316019244575,0
0,3047.7479545445153,3,79,708,3,0.7316420383200412,0,761.9369886361288,0.3047747954544515,0
2,1378.1329773859966,3,219,349,4,0.8711934914066022,0,344.53324434649915,0.13781329773859965,0
4,70734.54307679918,2,290,79,5,0.8205108967745751,1,23578.181025599726,7.073454307679918,0
4,3789.816023733331,3,180,1147,4,0.6481664162205113,1,947.4540059333327,0.3789816023733331,0
0,7214.786475002053,1,55,221,4,0.6054496168256285,0,3607.3932375010263,0.7214786475002053,0
0,27255.420071633154,3,1,1067,4,0.916503954452666,1,6813.855017908289,2.7255420071633156,1
0,559537.7218386421,2,325,1958,4,0.6346812934787956,1,186512.57394621405,10.0,0
2,1820.04455425913,0,346,972,3,0.9441810950930596,0,1820.04455425913,0.182004455425913,0
3,13902.064822554947,1,240,133,2,0.7494754196477403,0,6951.032411277473,1.3902064822554947,0
0,3466.626665674605,0,16,1034,4,0.7859316286151373,0,3466.626665674605,0.34666266656746053,0
0,4244.807008698941,6,177,1658,4,0.7816640266232664,0,606.4010012427059,0.4244807008698941,0
1,3414.3607813493136,0,345,1817,2,0.8002267065381127,1,3414.3607813493136,0.3414360781349314,0
2,2098.9952118058404,0,99,1363,4,0.9628083747456783,0,2098.9952118058404,0.20989952118058405,0
0,7711.36401425398,0,45,688,2,0.8579637045182165,1,7711.36401425398,0.771136401425398,0
1,1381.0464329460142,1,178,134,3,0.8370265800422313,0,690.5232164730071,0.13810464329460143,0
4,198981.88421200393,8,15,1327,5,0.42576811920488805,6,22109.098245778216,10.0,1
0,8655.961239849954,1,11,713,4,0.7086150222640862,0,4327.980619924977,0.8655961239849954,0
0,13452.523220624484,1,182,1897,5,0.5894639383137735,0,6726.261610312242,1.3452523220624484,0
1,41500.488867742686,12,9,568,4,0.7535323181310088,4,3192.3452975186683,4.150048886774268,1
2,5215.317663204596,3,185,1525,1,0.7834902151800835,0,1303.829415801149,0.5215317663204596,0
0,11442.350260683044,2,210,1380,1,0.6134753082086518,0,3814.116753561015,1.1442350260683045,0
4,2004.4785700660857,1,200,1721,3,0.9370768650692347,0,1002.2392850330428,0.20044785700660858,0
0,5273.299194149945,1,28,233,5,0.9349996329628321,0,2636.6495970749725,0.5273299194149945,0
4,2888.416720328281,1,54,1022,5,0.5944980215211165,0,1444.2083601641405,0.28884167203282807,0
3,2783.0909103085146,0,193,1387,2,0.7735265872363468,0,2783.0909103085146,0.27830909103085144,0
3,644.3191070672253,1,4,390,2,0.8174359546606816,1,322.15955353361267,0.06443191070672254,0
4,40424.523914776706,0,202,276,4,0.5994169546157544,0,40424.523914776706,4.042452391477671,0
2,3555.1534157024976,3,219,886,2,0.9679473742269926,0,888.7883539256244,0.3555153415702498,0
0,182006.34567333842,9,9,1829,2,0.5541122402578217,4,18200.634567333844,10.0,1
0,29218.308221743533,1,183,313,5,0.7846669037040579,0,14609.154110871767,2.9218308221743534,0
3,1731.598678118506,0,153,499,1,0.7907568566801584,1,1731.598678118506,0.1731598678118506,0
4,2194.9323767865562,1,61,1324,5,0.6332019167131747,0,1097.4661883932781,0.2194932376786556,0
0,175010.90254580614,0,125,1481,2,0.8517693691941981,1,175010.90254580614,10.0,0
0,66244.725813198,1,481,219,4,0.6329445002636488,1,33122.362906599,6.6244725813198,0
2,7802.33076452849,2,112,615,1,0.7141087963296809,0,2600.776921509497,0.780233076452849,0
1,11035.22521572336,0,199,1985,2,0.7804641325795355,0,11035.22521572336,1.1035225215723359,0
3,3800.866387597566,0,8,181,2,0.8032343903559354,1,3800.866387597566,0.38008663875975657,0
3,13613.582097898803,0,17,876,4,0.9089214326831581,0,13613.582097898803,1.3613582097898802,0
1,3426.7984889293834,0,17,655,4,0.848024918609913,1,3426.7984889293834,0.34267984889293834,0
0,707.1023929943149,0,302,1119,2,0.8264182134080711,1,707.1023929943149,0.07071023929943149,0
2,1659.2700507647965,1,87,399,2,0.7515619476468782,1,829.6350253823982,0.16592700507647964,0
2,8310.801202157923,4,52,148,5,0.8670174312221395,1,1662.1602404315847,0.8310801202157924,1
3,2085.4069966150773,2,276,1819,3,0.9281399945859378,1,695.1356655383591,0.20854069966150773,0
2,7474.608647985345,2,38,1854,4,0.9119790517632452,0,2491.536215995115,0.7474608647985345,0
1,2231.449721772402,3,57,1110,4,0.7490740151317838,0,557.8624304431005,0.2231449721772402,1
0,3169.0124646734025,2,113,1511,5,0.6957314375965802,0,1056.3374882244675,0.31690124646734025,0
1,22556.946983210448,2,81,1058,1,0.729562142165613,0,7518.982327736816,2.2556946983210446,0
4,10904.999765895778,3,177,124,1,0.7878823111518144,0,2726.2499414739445,1.0904999765895778,0
3,8009.65280896091,1,83,107,1,0.8424740533950884,0,4004.826404480455,0.800965280896091,0
2,23266.195930978534,1,100,1092,4,0.701372577606889,0,11633.097965489267,2.3266195930978535,0
4,14425.176283816605,2,398,451,3,0.6507930323642166,0,4808.392094605535,1.4425176283816605,0
2,45976.05284089371,0,432,237,3,0.7441753497648492,2,45976.05284089371,4.597605284089371,0
0,4666.5199736708555,0,352,1986,5,0.8471031898466455,0,4666.5199736708555,0.46665199736708557,0
0,4838.877376327305,3,401,188,1,0.8906921269355361,0,1209.7193440818262,0.48388773763273046,0
0,1700.4851647039854,1,169,192,1,0.8672205729861633,1,850.2425823519927,0.17004851647039854,0
2,4842.6779354688915,0,208,157,2,0.9203345062149871,1,4842.6779354688915,0.48426779354688915,0
4,25789.529963159155,2,163,270,5,0.9299279740049589,0,8596.509987719719,2.5789529963159157,0
0,38560.54362232939,3,308,194,5,0.7939228468503039,1,9640.135905582347,3.8560543622329386,0
4,25651.727614023162,4,161,907,4,0.8819801215126406,0,5130.345522804632,2.5651727614023163,0
2,5295.262428822745,6,1,559,4,0.695375636749374,4,756.4660612603922,0.5295262428822746,1
4,29725.907626124128,2,332,425,5,0.8396962943322304,0,9908.63587537471,2.9725907626124126,0
2,892.2779186745023,0,286,54,3,0.5869717897052207,1,892.2779186745023,0.08922779186745022,0
2,170755.63044325268,6,14,437,5,0.5102268212148015,2,24393.66149189324,10.0,1
3,41859.77341104069,6,9,617,3,0.8261739579686218,5,5979.96763014867,4.185977341104069,1
2,18826.862337402392,5,64,1840,4,0.8514060929834307,0,3137.810389567065,1.8826862337402392,0
2,1637.7227397381553,1,71,1033,5,0.9460259446099999,0,818.8613698690776,0.16377227397381552,0
1,33037.585908673675,2,142,1807,3,0.8867672674012193,0,11012.528636224559,3.3037585908673677,0
0,1396.9272816404662,2,29,1945,2,0.8708356285609745,0,465.6424272134887,0.13969272816404663,0
3,35991.60228174457,8,16,609,2,0.5260999164779196,2,3999.0669201938413,3.599160228174457,1
3,2446.1886683078187,3,41,1889,5,0.8890378948589998,0,611.5471670769547,0.24461886683078188,1
3,987.1857088650088,3,62,1236,1,0.5425791387843525,0,246.7964272162522,0.09871857088650088,0
1,9076.401487613437,1,246,1821,5,0.9852724557016501,0,4538.2007438067185,0.9076401487613437,0
2,70778.24379338478,0,386,1833,4,0.724307074710478,0,70778.24379338478,7.0778243793384785,0
0,198846.06601997907,1,5,414,4,0.808115876864662,1,99423.03300998954,10.0,1
4,9105.07240635989,2,167,466,2,0.9310549742854587,0,3035.024135453297,0.910507240635989,0
2,293282.53250827815,6,14,1582,3,0.9777090232065373,6,41897.504644039735,10.0,1
1,10705.50704887836,1,18,1685,2,0.7823879266496572,0,5352.75352443918,1.070550704887836,0
2,14745.007556408638,1,245,70,3,0.738380984588524,0,7372.503778204319,1.4745007556408638,0
2,5374.5042632388695,0,267,663,5,0.661677178630796,0,5374.5042632388695,0.537450426323887,0
1,58839.64654844355,7,17,566,1,0.8646527747758072,2,7354.955818555443,5.8839646548443545,1
3,15443.978195304948,4,129,1270,4,0.9331987341611225,0,3088.7956390609897,1.5443978195304948,0
3,4047.47425715865,1,393,710,5,0.7518414091104264,1,2023.737128579325,0.404747425715865,0
0,7383.527911267146,1,37,1418,2,0.8758558016380874,0,3691.763955633573,0.7383527911267146,0
0,7554.38793755282,1,58,379,5,0.7146342582493136,0,3777.19396877641,0.755438793755282,0
3,21844.05280847088,0,29,427,1,0.7628679699366429,0,21844.05280847088,2.1844052808470877,0
4,2254.675623790658,0,320,1284,3,0.9024642918155655,0,2254.675623790658,0.2254675623790658,0
2,7617.087438314956,0,52,209,1,0.7248839181588445,0,7617.087438314956,0.7617087438314956,0
4,80370.82875210364,0,34,707,2,0.8711980053543306,0,80370.82875210364,8.037082875210364,1
2,32757.007351357875,1,196,1643,1,0.8526641379512115,1,16378.503675678938,3.2757007351357874,0
3,40905.29757344867,2,17,403,4,0.9031157837387788,0,13635.099191149557,4.090529757344867,0
0,8344.16864673593,2,10,1313,1,0.9541088008280257,1,2781.389548911977,0.834416864673593,0
0,11910.755285567557,1,23,128,5,0.779665437063878,0,5955.377642783778,1.1910755285567556,0
4,26975.475031698403,0,1,201,3,0.9526983834713062,0,26975.475031698403,2.69754750316984,0
0,52696.62208609558,2,239,566,4,0.8723787236006129,0,17565.540695365195,5.269662208609558,0
3,779.0509939727451,0,166,432,4,0.9035571485715377,0,779.0509939727451,0.07790509939727451,0
4,1671.4895125070743,2,48,742,4,0.7489251052408947,0,557.1631708356914,0.16714895125070744,0
2,39000.62387127426,2,54,401,2,0.9414439485426073,0,13000.207957091421,3.9000623871274263,0
0,5812.3065817125425,2,334,1274,2,0.9637683800764397,0,1937.4355272375142,0.5812306581712543,0
1,23681.924847540435,7,16,1000,5,0.935328494046747,7,2960.2406059425543,2.3681924847540436,1
0,1799.037026777917,0,240,182,3,0.9702824918638355,0,1799.037026777917,0.17990370267779168,0
2,4162.953003958834,3,121,683,1,0.8665970827575404,0,1040.7382509897086,0.4162953003958834,0
4,1505.9163463299847,4,55,218,5,0.8118134783616646,1,301.18326926599696,0.15059163463299846,1
2,99639.41789514085,2,705,915,2,0.8069913412560334,0,33213.13929838029,9.963941789514086,0
1,7887.833102262227,1,167,440,5,0.6537044496406713,0,3943.9165511311135,0.7887833102262227,0
3,48355.50927184646,11,19,1931,3,0.953489381279801,2,4029.6257726538715,4.835550927184646,1
0,16410.752023815294,0,105,1458,5,0.7548471225795556,1,16410.752023815294,1.6410752023815294,0
4,25714.60000399394,2,80,869,4,0.8479491749283848,0,8571.533334664646,2.571460000399394,0
3,25211.758904660244,2,49,147,1,0.9045861785763512,0,8403.919634886748,2.5211758904660244,0
2,29388.135947701237,1,542,1867,2,0.8026851906552097,0,14694.067973850619,2.938813594770124,0
4,3800.8702743183917,1,426,1450,2,0.8817331958985006,0,1900.4351371591958,0.38008702743183914,0
3,5667.819948870932,0,45,1041,3,0.6635983164272712,0,5667.819948870932,0.5667819948870932,0
4,20390.777342017056,2,87,829,3,0.5741136843024559,0,6796.925780672352,2.0390777342017055,0
1,4303.281396113761,2,288,1911,3,0.768353148117809,1,1434.4271320379203,0.43032813961137606,0
1,8053.580398786543,2,47,389,2,0.448415542086692,1,2684.526799595514,0.8053580398786543,0
0,13075.77443395874,2,180,1604,4,0.787978837955458,0,4358.591477986247,1.307577443395874,0
0,20789.890185854976,1,241,181,1,0.8015800898101036,1,10394.945092927488,2.0789890185854976,0
1,959.8555891289294,1,213,1681,3,0.8616132808076489,0,479.9277945644647,0.09598555891289294,0
4,19104.7978698967,1,246,259,2,0.7480505684434093,0,9552.39893494835,1.9104797869896701,0
1,6121.308320863058,3,246,1078,4,0.919667116539881,1,1530.3270802157645,0.6121308320863058,0
0,18938.44483032,4,670,426,3,0.5772080955238643,0,3787.688966064,1.893844483032,0
1,20585.00198895962,1,86,689,3,0.6631042666616712,0,10292.50099447981,2.058500198895962,0
1,55798.26604046771,1,422,1127,1,0.7679190833793482,0,27899.133020233854,5.5798266040467706,0
4,200028.04870995556,10,14,1571,1,0.7245465305955665,4,18184.368064541413,10.0,1
3,40777.510497931005,1,68,1271,5,0.9780206116448106,0,20388.755248965503,4.0777510497931,0
0,45816.720642131535,1,10,490,3,0.6062570519390028,0,22908.360321065767,4.581672064213153,0
4,11494.854526888914,1,211,1791,5,0.5831994682930105,0,5747.427263444457,1.1494854526888914,0
1,25759.317289754974,5,12,1253,2,0.9134884803169034,2,4293.219548292495,2.5759317289754975,1
1,23095.209633095372,2,374,290,1,0.8594489931878474,0,7698.40321103179,2.309520963309537,0
3,19506.38528997778,0,209,1859,4,0.7605879055870604,0,19506.38528997778,1.9506385289977781,0
0,5592.157875575035,1,6,1393,3,0.7092355416269679,0,2796.0789377875176,0.5592157875575036,0
0,13171.202421002465,2,251,550,3,0.7215262717039959,0,4390.400807000821,1.3171202421002464,0
2,7768.902926237239,0,397,1723,5,0.7554756878244396,0,7768.902926237239,0.7768902926237239,0
0,2908.1735290109614,2,217,72,1,0.6482194670640484,0,969.3911763369871,0.2908173529010961,0
3,38122.23130069876,2,7,681,5,0.7272038482640307,1,12707.410433566254,3.812223130069876,0
2,52928.69250588618,9,2,1700,3,0.8170866563528407,3,5292.869250588618,5.292869250588618,1
2,94698.16568486881,0,264,1066,1,0.9344255730470667,1,94698.16568486881,9.469816568486882,0
1,1152.1779222873445,1,96,1667,3,0.7769706616120273,0,576.0889611436722,0.11521779222873445,0
1,4154.159799776586,1,80,1781,1,0.8267051195470227,0,2077.079899888293,0.41541597997765856,0
0,8426.751308208824,2,131,1253,3,0.8962797304144788,1,2808.917102736275,0.8426751308208824,0
2,31724.90560469055,1,404,1937,4,0.8954853339828908,0,15862.452802345275,3.172490560469055,0
1,13086.850770668509,3,59,224,5,0.8872113288741724,0,3271.712692667127,1.3086850770668508,1
3,11761.271131408956,1,22,247,1,0.9118877643235684,1,5880.635565704478,1.1761271131408955,0
1,2094.946822407472,4,400,1611,5,0.8470403672032134,0,418.9893644814944,0.20949468224074722,0
1,2021.6520917450423,0,6,1527,1,0.8374673098684301,0,2021.6520917450423,0.20216520917450423,0
2,11932.315566355275,0,484,148,1,0.6922422440889289,0,11932.315566355275,1.1932315566355276,0
2,1576.6739423696126,1,73,794,1,0.8340866555873707,0,788.3369711848063,0.15766739423696127,0
4,4280.16440256682,1,142,1500,3,0.932225735551336,3,2140.08220128341,0.428016440256682,0
3,14781.04351076007,1,29,502,2,0.8397993073260706,0,7390.521755380035,1.478104351076007,0
2,2492.9221940467464,5,466,1264,3,0.95212065893072,2,415.4870323411244,0.24929221940467464,0
0,55627.17694731047,0,278,1023,2,0.7705620342459396,0,55627.17694731047,5.562717694731047,0
3,188015.44167032928,5,4,1651,3,0.9602077831613808,2,31335.90694505488,10.0,1
3,6582.503527144154,8,10,1831,2,0.8295909630436868,3,731.3892807937949,0.6582503527144153,1
2,2646.9266948766613,0,41,548,1,0.8684218735190686,0,2646.9266948766613,0.2646926694876661,0
3,521.6867472029271,3,74,1689,1,0.6773308893729788,1,130.42168680073178,0.05216867472029271,0
2,3168.109652738743,2,134,1264,2,0.7664409830863609,0,1056.0365509129144,0.3168109652738743,0
1,20326.2040372571,2,187,190,2,0.8219778062418059,0,6775.401345752366,2.03262040372571,0
4,4931.142917471131,1,522,1764,5,0.49051909175445507,1,2465.5714587355656,0.49311429174711313,0
1,14086.281962760191,0,97,822,1,0.8239044206803615,2,14086.281962760191,1.4086281962760192,0
2,4822.549511971137,6,15,224,3,0.9722389203779616,5,688.9356445673053,0.4822549511971137,1
2,21111.439004930562,2,649,469,5,0.7082895618501075,0,7037.146334976854,2.1111439004930563,0
1,4162.490810031327,0,34,725,2,0.9518545307350967,0,4162.490810031327,0.4162490810031327,0
0,8222.286552231151,0,398,1507,3,0.787751688180943,0,8222.286552231151,0.8222286552231152,0
0,7248.505570020521,1,110,1513,4,0.83912635978834,0,3624.2527850102606,0.7248505570020521,0
0,1761.8889418793042,3,264,1604,4,0.9207116007139574,0,440.47223546982605,0.1761888941879304,0
2,2031.0309533499108,2,70,581,4,0.9298126186850545,0,677.0103177833035,0.20310309533499107,0
3,25883.3028659602,4,82,967,3,0.5036308119987782,0,5176.66057319204,2.58833028659602,0
2,13079.358624725624,1,6,1872,2,0.8105481174837205,0,6539.679312362812,1.3079358624725625,0
3,28568.46739315361,3,711,410,3,0.9803061156539867,0,7142.116848288402,2.856846739315361,0
1,11963.192012860374,2,336,1824,5,0.4666418780051977,0,3987.7306709534582,1.1963192012860375,0
4,9619.89627878994,0,20,495,5,0.8200295326086794,1,9619.89627878994,0.961989627878994,0
3,1021.2547094293221,0,1524,605,4,0.7999753764919391,0,1021.2547094293221,0.10212547094293221,0
0,5857.9791250478565,2,186,757,2,0.6924536744526222,0,1952.6597083492854,0.5857979125047856,0
2,7841.134547104801,2,385,1780,5,0.8203150186211093,0,2613.7115157016,0.7841134547104801,0
1,84434.26975531141,2,14,1430,1,0.94199131780212,0,28144.756585103805,8.44342697553114,1
0,62662.26647699509,6,6,1930,1,0.8325883758228649,3,8951.752353856442,6.26622664769951,1
1,51188.66593430788,3,222,610,4,0.8946959980288426,1,12797.16648357697,5.118866593430788,0
4,16598.128832769824,2,23,1046,4,0.8676485917657384,1,5532.709610923274,1.6598128832769823,0
2,3451.0579930328786,1,135,108,4,0.618059942167121,0,1725.5289965164393,0.3451057993032879,0
2,9325.88419055883,4,117,1717,5,0.9355297070327957,0,1865.176838111766,0.9325884190558831,0
4,10758.682430457276,2,49,934,2,0.9248929091430602,0,3586.2274768190923,1.0758682430457276,0
2,2625.4650369672263,0,72,1240,4,0.7233911632540366,1,2625.4650369672263,0.2625465036967226,0
3,5108.878298722619,1,683,1720,3,0.7115087239071493,0,2554.4391493613093,0.5108878298722619,0
1,6330.152507040382,1,69,1016,4,0.824894165123909,1,3165.076253520191,0.6330152507040382,0
0,282867.9221076055,7,5,994,5,0.8814791738272408,4,35358.49026345069,10.0,1
4,667.2143572885251,2,154,1674,2,0.9860447961375557,0,222.4047857628417,0.06672143572885252,0
3,34440.280560320396,1,223,1856,4,0.8010472449655242,0,17220.140280160198,3.4440280560320398,0
0,2632.9119501408163,1,259,312,1,0.4934472892874619,0,1316.4559750704082,0.26329119501408166,0
0,1561.6605281919162,1,281,1504,4,0.7178458939529934,0,780.8302640959581,0.15616605281919163,0
4,33387.28961360321,1,8,1701,4,0.8878201742445614,0,16693.644806801603,3.338728961360321,0
3,19502.104914922355,0,101,245,2,0.9254171501857945,0,19502.104914922355,1.9502104914922354,0
0,36512.95626894508,2,298,403,3,0.8797146414585361,1,12170.985422981694,3.6512956268945085,0
0,21180.62943445977,3,471,935,4,0.8950005101906829,0,5295.1573586149425,2.118062943445977,0
3,95972.21505857601,2,185,990,4,0.6929284294041386,0,31990.73835285867,9.5972215058576,0
2,15842.771275600038,0,11,1693,5,0.8053936745863987,1,15842.771275600038,1.5842771275600038,0
0,6715.859841596823,3,102,1947,2,0.9131352300299862,0,1678.9649603992057,0.6715859841596823,0
1,12228.342019190386,2,16,964,5,0.8691247879526811,2,4076.1140063967955,1.2228342019190386,0
3,36032.00873833018,0,277,96,4,0.6974136306652976,0,36032.00873833018,3.603200873833018,0
0,3180.3597861969943,2,14,802,4,0.8502071200287097,1,1060.1199287323313,0.3180359786196994,0
4,3706.093741183289,0,42,1382,1,0.9672586266166444,0,3706.093741183289,0.3706093741183289,0
1,5592.870734181365,2,108,279,5,0.805369531314994,1,1864.2902447271217,0.5592870734181365,0
0,648.3953650070263,1,125,1484,2,0.6298080663792899,0,324.19768250351314,0.06483953650070262,0
1,9563.356952823444,2,105,1974,4,0.7794450933868186,0,3187.785650941148,0.9563356952823444,0
1,842.7291010237464,2,125,806,1,0.8803480093774212,1,280.90970034124877,0.08427291010237463,0
2,8635.79605363429,3,250,365,1,0.8589084746888508,1,2158.9490134085727,0.863579605363429,0
1,22887.53475193797,1,93,811,3,0.6990738598718197,0,11443.767375968984,2.288753475193797,0
2,4572.193044489009,1,159,1150,2,0.7680660123642622,0,2286.0965222445043,0.45721930444890085,0
3,60629.63289606928,3,73,111,1,0.766007863055768,0,15157.40822401732,6.062963289606928,0
2,1404.4470150480706,2,88,1644,2,0.9518622287897185,0,468.1490050160235,0.14044470150480706,0
4,33843.858123332306,2,191,287,4,0.9637666918185323,0,11281.286041110769,3.3843858123332304,0
0,18217.983100691337,0,135,1774,3,0.7807816373188248,0,18217.983100691337,1.8217983100691337,0
3,1033.5555241141246,3,257,1641,2,0.6940395616613931,0,258.38888102853116,0.10335555241141246,0
3,209599.35598814063,1,165,127,3,0.7061613525359822,0,104799.67799407031,10.0,0
4,7506.357877349579,2,326,783,2,0.5639004386717507,0,2502.1192924498596,0.7506357877349579,0
2,2827.1351782712527,0,118,608,2,0.7437499760176357,0,2827.1351782712527,0.2827135178271253,0
0,1497.4146992432375,2,136,993,5,0.7814323495480426,0,499.13823308107914,0.14974146992432374,0
2,6222.819425094327,1,222,699,3,0.8520433133278493,0,3111.4097125471635,0.6222819425094327,0
1,6954.274275092488,3,51,1489,2,0.7804416919564754,0,1738.568568773122,0.6954274275092488,1
2,56164.49872848549,11,17,1097,5,0.934128062458352,2,4680.374894040458,5.616449872848548,1
3,5668.300478397164,2,197,1102,5,0.8357919192105745,0,1889.4334927990546,0.5668300478397164,0
0,17324.38580637337,1,6,1564,3,0.780227533251491,0,8662.192903186686,1.7324385806373372,0
2,5089.038545327489,3,115,1208,4,0.8444852937752308,0,1272.2596363318723,0.5089038545327489,0
0,794.7622865489071,1,183,400,3,0.9299323039971368,1,397.38114327445356,0.07947622865489071,0
0,6773.452492189858,2,685,962,2,0.9156360735327889,0,2257.8174973966193,0.6773452492189859,0
1,472.9675663006861,2,420,399,4,0.8508163454787292,0,157.65585543356204,0.04729675663006861,0
1,12388.51059404004,2,66,1354,3,0.9313124869833476,2,4129.503531346681,1.238851059404004,0
3,2501.9850696947688,1,142,525,3,0.798895751364365,1,1250.9925348473844,0.2501985069694769,0
4,9857.939261437521,1,12,341,3,0.8767511869524566,0,4928.9696307187605,0.985793926143752,0
0,39217.95583153921,1,56,1262,3,0.9126210668045848,0,19608.977915769607,3.9217955831539215,0
4,2595.414636475845,3,299,1656,4,0.9389999935075511,0,648.8536591189612,0.2595414636475845,0
3,28955.270167470324,1,27,1492,2,0.7813694934532383,0,14477.635083735162,2.8955270167470326,0
0,4817.124826206912,2,60,937,5,0.8897481522998677,0,1605.708275402304,0.4817124826206912,0
0,66425.33158450956,1,577,517,3,0.7059878620413204,2,33212.66579225478,6.642533158450957,0
4,5228.171425887935,2,348,1279,5,0.7557486586539172,0,1742.7238086293116,0.5228171425887934,0
2,2955.4565459799137,3,305,1315,5,0.850478656990458,0,738.8641364949784,0.29554565459799137,0
1,18484.46891700959,1,400,355,5,0.6362495359904107,0,9242.234458504796,1.848446891700959,0
2,4803.27052596338,3,277,1257,3,0.7349155641159307,1,1200.817631490845,0.480327052596338,0
4,2952.0661176433155,1,26,527,3,0.8053089841599929,0,1476.0330588216577,0.29520661176433155,0
1,4566.910332267325,2,146,1577,3,0.7335108156723762,1,1522.3034440891086,0.45669103322673255,0
2,7680.747571014981,0,118,1201,3,0.8633592103564258,0,7680.747571014981,0.7680747571014981,0
1,40563.18486495343,3,75,498,1,0.8274784212879223,2,10140.796216238357,4.056318486495343,0
0,795.5985348790392,2,360,279,2,0.8790315877090835,0,265.1995116263464,0.07955985348790393,0
2,8330.65022835485,3,125,1114,1,0.7255349845649048,0,2082.6625570887127,0.8330650228354851,0
1,17152.24441284148,0,13,842,4,0.5552561486022243,0,17152.24441284148,1.715224441284148,0
1,10220.372282876131,0,65,723,1,0.8668190516393157,0,10220.372282876131,1.0220372282876131,0
1,379332.8780348571,4,19,1465,1,0.8428964259577093,4,75866.57560697143,10.0,1
2,7411.481303298283,2,437,873,1,0.7824170352814072,0,2470.493767766094,0.7411481303298283,0
3,6493.378662467478,3,209,1413,2,0.7772540735886606,0,1623.3446656168694,0.6493378662467477,0
2,16494.717488485505,1,165,1743,5,0.7869856179094614,0,8247.358744242752,1.6494717488485504,0
4,9128.681762915425,0,142,885,4,0.6672557568668912,0,9128.681762915425,0.9128681762915425,0
2,5072.096459941237,0,211,1094,4,0.8079342120170436,0,5072.096459941237,0.5072096459941238,0
1,15053.606070714974,1,282,396,2,0.9007861641258624,0,7526.803035357487,1.5053606070714973,0
0,3703.2498395673065,1,162,59,1,0.6751862571750915,1,1851.6249197836532,0.37032498395673064,0
2,3891.645743985842,1,558,136,5,0.6529270452166334,0,1945.822871992921,0.3891645743985842,0
2,4300.1585533814105,0,754,594,3,0.8876858674206817,1,4300.1585533814105,0.4300158553381411,0
1,41096.69535236369,5,1074,922,2,0.7851673441683734,0,6849.449225393949,4.109669535236369,0
0,169.82701714913733,2,222,1412,5,0.7146298297989919,1,56.60900571637911,0.01698270171491373,0
0,13026.207930606774,1,540,764,2,0.8367614718267486,1,6513.103965303387,1.3026207930606775,0
4,8443.28033227021,2,104,53,2,0.9320060357683395,0,2814.426777423403,0.8443280332270209,0
2,1078.0999324777188,1,393,1096,3,0.8860434800734984,0,539.0499662388594,0.10780999324777188,0
0,11750.747504619205,1,480,1270,5,0.9097471462635152,1,5875.373752309602,1.1750747504619206,0
0,14341.351982202987,2,469,1894,1,0.7975066092078722,0,4780.450660734329,1.4341351982202986,0
3,127859.6238557714,4,14,1954,5,0.7191874584341811,6,25571.924771154278,10.0,1
3,336.2336564380474,1,105,1571,5,0.9816383078162104,0,168.1168282190237,0.03362336564380474,0
0,41758.87548803001,0,35,950,1,0.713774988795173,0,41758.87548803001,4.175887548803001,0
4,3343.3077973528225,0,82,1859,3,0.7222121512714529,1,3343.3077973528225,0.33433077973528225,0
0,18469.597781537006,2,292,322,5,0.8235543079103822,0,6156.532593845669,1.8469597781537006,0
1,19718.026297593842,1,54,1524,1,0.8665446594924001,1,9859.013148796921,1.9718026297593843,0
2,2829.806170371469,2,131,1180,2,0.6304602303847132,1,943.2687234571563,0.2829806170371469,0
4,17899.92752292169,3,167,930,2,0.9101346698128054,0,4474.981880730423,1.789992752292169,0
1,5102.103123703992,2,186,1451,1,0.8788631598760369,0,1700.7010412346642,0.5102103123703993,0
4,674.7534634305305,2,549,1273,2,0.7790963518631582,0,224.91782114351017,0.06747534634305305,0
1,32902.05216464787,0,217,985,5,0.7659964399259992,0,32902.05216464787,3.290205216464787,0
2,3196.929332121231,3,309,1928,1,0.8722801183172372,0,799.2323330303077,0.31969293321212305,0
2,2906.21795987087,0,175,1800,5,0.6054287429068275,0,2906.21795987087,0.290621795987087,0
3,4995.640736121892,1,359,51,4,0.769188582787314,0,2497.820368060946,0.4995640736121892,0
1,11233.819103730135,1,62,1194,3,0.5789218862418777,0,5616.909551865067,1.1233819103730134,0
3,7564.90831873963,0,48,1688,3,0.8443549505653598,0,7564.90831873963,0.756490831873963,0
1,15641.459210458954,1,522,198,3,0.7616058427649507,0,7820.729605229477,1.5641459210458954,0
3,10511.801722850374,6,16,997,1,0.7726040525386775,5,1501.6859604071963,1.0511801722850374,1
2,3324.7054260067366,0,223,201,4,0.9248197248779603,2,3324.7054260067366,0.33247054260067366,0
4,7050.14535422372,1,126,1638,3,0.9081289098138112,0,3525.07267711186,0.7050145354223719,0
3,79020.67066337068,4,95,1751,5,0.890883901089414,0,15804.134132674135,7.902067066337068,0
1,7068.651137429945,3,163,1989,3,0.7979233789847574,4,1767.1627843574863,0.7068651137429945,0
1,29800.09070837185,2,26,355,4,0.8862454851011871,0,9933.363569457282,2.980009070837185,0
2,8486.790734984337,2,122,1752,5,0.7706276114710048,1,2828.930244994779,0.8486790734984337,0
1,4535.132752846961,4,122,1901,5,0.9710647937289643,0,907.0265505693922,0.4535132752846961,0
0,6026.554244977179,2,155,931,1,0.9544149597522896,0,2008.851414992393,0.6026554244977179,0
4,6620.302518630984,2,202,524,1,0.7140996884554971,0,2206.767506210328,0.6620302518630984,0
3,16720.234083547926,1,631,1437,2,0.9007665663875206,0,8360.117041773963,1.6720234083547927,0
4,42172.91718328856,2,212,856,4,0.8880472941854798,0,14057.639061096188,4.217291718328856,0
2,12476.685443979542,1,431,1144,5,0.6200284320074734,0,6238.342721989771,1.2476685443979543,0
3,33674.401035225485,3,163,1713,4,0.9721063624377599,0,8418.600258806371,3.3674401035225485,0
3,12143.343764844285,11,4,82,3,0.9195867665677817,5,1011.9453137370238,1.2143343764844285,1
0,4926.792217415271,2,15,1230,3,0.8464502842926896,1,1642.264072471757,0.49267922174152706,0
2,32158.154233774007,6,5,1403,2,0.5786270781776939,2,4594.022033396287,3.215815423377401,1
1,11817.461550436934,0,174,827,5,0.8196058180605721,0,11817.461550436934,1.1817461550436934,0
0,5267.177597287148,0,101,1789,5,0.941210898318614,0,5267.177597287148,0.5267177597287148,0
0,19452.4348138081,0,321,1780,2,0.9054203497924751,0,19452.4348138081,1.94524348138081,0
4,2651.28033090347,3,157,1460,3,0.5656625806509947,0,662.8200827258675,0.265128033090347,0
4,8532.495624575018,2,428,1694,5,0.8103842447276512,0,2844.1652081916727,0.8532495624575018,0
4,18476.029961892258,2,718,1232,4,0.592050237837419,0,6158.676653964086,1.8476029961892257,0
0,4069.11070455979,8,3,844,5,0.9197323995759734,4,452.12341161775447,0.406911070455979,1
1,103358.37207006181,4,101,1612,3,0.9836268115030318,1,20671.674414012363,10.0,1
3,5768.790611525621,3,219,1300,5,0.737277060443374,0,1442.1976528814052,0.576879061152562,0
4,713.3356760956215,1,73,1325,5,0.7866566647324247,0,356.66783804781073,0.07133356760956215,0
1,9795.836018488455,2,63,416,1,0.7005255201261009,0,3265.278672829485,0.9795836018488455,0
2,8434.89175086196,2,337,1850,5,0.7404485615351254,0,2811.6305836206534,0.8434891750861959,0
4,7344.644921205496,3,787,311,2,0.7248209853680595,0,1836.161230301374,0.7344644921205495,0
3,137908.80359611832,7,15,695,2,0.8807068675641294,4,17238.60044951479,10.0,1
2,19869.356821820274,0,149,587,4,0.7047338826939468,0,19869.356821820274,1.9869356821820274,0
2,11584.826137820002,1,117,1116,5,0.7993564709823129,0,5792.413068910001,1.1584826137820001,0
3,13907.544765345701,5,156,1604,4,0.7816056681145028,0,2317.924127557617,1.39075447653457,0
4,32726.575911409604,9,12,65,3,0.9241902820649334,4,3272.6575911409604,3.2726575911409603,1
0,270053.8417354518,7,14,154,3,0.6772897303099229,4,33756.73021693147,10.0,1
3,1373.29024470807,2,46,840,1,0.8022644229242003,0,457.76341490269004,0.137329024470807,0
3,9581.428849487447,3,469,1276,1,0.8790684851185585,1,2395.357212371862,0.9581428849487448,0
3,8760.686578730261,0,281,769,5,0.8370895225456546,1,8760.686578730261,0.8760686578730261,0
2,21502.75804986589,2,229,1998,5,0.8131191952113919,0,7167.586016621964,2.150275804986589,0
1,2943.560985895053,2,599,1751,4,0.7923885310651638,0,981.186995298351,0.2943560985895053,0
0,999.8376113284875,2,67,1132,4,0.6126216452152115,0,333.2792037761625,0.09998376113284875,0
4,9780.90817667042,0,17,1058,5,0.8829934578087222,0,9780.90817667042,0.978090817667042,0
4,11355.71693330483,8,350,97,5,0.8904896558479404,0,1261.7463259227588,1.135571693330483,0
1,48412.78890314179,2,1290,709,1,0.8220374305625091,0,16137.596301047262,4.841278890314179,0
3,1764.399252210583,1,173,1350,1,0.7607047403589468,0,882.1996261052915,0.1764399252210583,0
0,205837.7436264564,5,8,1485,1,0.5433978207883337,6,34306.2906044094,10.0,1
4,138814.97868530426,0,304,1251,5,0.9826660117072605,0,138814.97868530426,10.0,0
4,5149.640240339828,0,16,850,4,0.5240950538251731,0,5149.640240339828,0.5149640240339828,0
3,1721.358935447503,0,156,163,2,0.8357435667305665,1,1721.358935447503,0.17213589354475028,0
1,4972.265053055188,1,66,345,2,0.4451027958672432,0,2486.132526527594,0.4972265053055188,0
0,8240.414795083108,1,494,1803,4,0.9464128956123086,0,4120.207397541554,0.8240414795083109,0
1,15939.338466493316,3,121,487,4,0.5847297898718922,0,3984.834616623329,1.5939338466493316,0
1,3985.134428152877,0,458,315,4,0.8278837182612537,0,3985.134428152877,0.39851344281528767,0
0,52377.80652422187,2,72,211,1,0.8545582767655303,0,17459.26884140729,5.237780652422187,0
0,2127.1986855216624,1,98,1914,3,0.6060672966792452,0,1063.5993427608312,0.21271986855216624,0
4,1005.2120742566804,0,588,553,5,0.7871112382154027,0,1005.2120742566804,0.10052120742566803,0
4,30578.502523721894,2,45,1109,1,0.8526173664473585,1,10192.834174573965,3.0578502523721895,0
0,528.7177642542399,4,173,636,2,0.7789619809378335,0,105.74355285084798,0.05287177642542399,0
2,6342.601391249901,2,99,507,5,0.5903628439758831,0,2114.200463749967,0.6342601391249901,0
4,1130066.47968753,8,14,1055,4,0.9327411712353157,3,125562.94218750334,10.0,1
2,7986.818198226779,1,28,1720,2,0.8364623698816951,0,3993.4090991133894,0.7986818198226778,0
0,2111.341526872336,1,115,1444,4,0.7902028166368512,0,1055.670763436168,0.21113415268723362,0
4,7563.755033823409,1,241,1559,4,0.6921501691056055,0,3781.8775169117043,0.7563755033823408,0
1,7623.867407003913,1,105,321,4,0.7024958312341066,1,3811.9337035019566,0.7623867407003914,0
0,44098.92933456287,11,15,1252,5,0.6433431007245398,4,3674.910777880239,4.409892933456287,1
3,17938.69837426049,2,245,529,2,0.7202566595938251,1,5979.566124753496,1.7938698374260489,0
2,2328.7026710658956,2,140,1006,2,0.8537140763252619,0,776.2342236886319,0.23287026710658956,0
0,61393.40305636361,4,3,208,4,0.7036279483678911,2,12278.680611272723,6.139340305636361,1
0,10874.0787665531,1,190,804,1,0.6190146771400636,0,5437.03938327655,1.0874078766553101,0
4,19383.022938939084,3,505,1886,3,0.8450856453971214,0,4845.755734734771,1.9383022938939085,0
4,3813.187453348797,4,24,253,1,0.755605603294741,1,762.6374906697595,0.3813187453348797,1
4,37936.104555153586,2,179,844,5,0.569650081027353,0,12645.368185051195,3.7936104555153585,0
3,5952.324588738924,1,261,1351,3,0.8762064355039699,1,2976.162294369462,0.5952324588738924,0
4,11305.708071056833,2,15,1216,1,0.9490035036932271,0,3768.5693570189446,1.1305708071056833,0
0,2644.5936615698092,1,5,1593,2,0.7932323452037513,0,1322.2968307849046,0.2644593661569809,0
4,2449.604956560019,2,125,561,1,0.9326998888994187,1,816.5349855200064,0.24496049565600192,0
1,18505.92754793938,3,314,165,4,0.8036844021361397,1,4626.481886984845,1.850592754793938,0
4,4758.424018014675,0,36,441,5,0.7695090045386941,0,4758.424018014675,0.47584240180146753,0
3,2908.5568083411517,2,363,1416,1,0.8374827518501685,0,969.5189361137172,0.29085568083411517,0
1,23527.928876071008,12,18,1446,1,0.8164576017682115,6,1809.8406827746928,2.3527928876071007,1
0,18746.150170204855,1,81,1857,3,0.5413635733943443,1,9373.075085102428,1.8746150170204856,0
0,3809.124175717593,2,146,737,4,0.7034760587703681,0,1269.708058572531,0.3809124175717593,0
2,7036.1335179504285,1,674,979,3,0.6984127212619451,1,3518.0667589752143,0.7036133517950428,0
1,8250.534790712916,6,49,775,5,0.8505480855220491,1,1178.6478272447023,0.8250534790712917,1
2,811.7410105717288,0,139,418,5,0.8297772932021648,0,811.7410105717288,0.08117410105717288,0
1,1386.6531452968068,1,196,1288,4,0.9342460812701723,0,693.3265726484034,0.13866531452968067,0
1,12131.170178818254,2,30,1584,3,0.8812754794943316,0,4043.7233929394183,1.2131170178818254,0
3,3346.1468426662786,2,9,618,4,0.7983763512099944,0,1115.3822808887596,0.3346146842666279,0
2,28798.24980266154,4,3,950,3,0.6227703652720188,0,5759.649960532308,2.8798249802661537,1
3,25852.65351367426,0,79,790,2,0.8201795188565935,0,25852.65351367426,2.585265351367426,0
1,19206.468448284602,2,16,1885,4,0.804878592632762,0,6402.1561494282005,1.9206468448284602,0
0,71949.95916547999,1,326,376,5,0.8076511732876034,0,35974.979582739994,7.194995916547999,0
1,7334.120704529326,2,1185,86,3,0.844451691078729,0,2444.7069015097754,0.7334120704529326,0
3,17652.952186831706,0,13,1035,2,0.6732984179975937,2,17652.952186831706,1.7652952186831705,0
2,4018.720422506029,0,114,429,5,0.8273757661596747,0,4018.720422506029,0.4018720422506029,0
2,153713.21352920402,1,6,845,3,0.9095537527340357,2,76856.60676460201,10.0,1
3,87584.59304052527,3,29,1585,2,0.6051452859986276,0,21896.14826013132,8.758459304052527,1
2,8219.433113858982,3,78,1397,5,0.7391277620866313,1,2054.8582784647456,0.8219433113858983,0
4,12886.086931667189,0,101,418,5,0.579976451192673,0,12886.086931667189,1.2886086931667189,0
0,41405.00802304621,2,562,273,2,0.8886124974694825,0,13801.669341015404,4.140500802304621,0
0,6791.537251211571,2,101,863,5,0.5570564848591182,0,2263.845750403857,0.6791537251211571,0
0,3685.0932700666895,1,138,1786,3,0.6734086487300308,1,1842.5466350333447,0.36850932700666894,0
2,23127.732121770656,2,57,1173,3,0.9043202764625534,0,7709.244040590219,2.3127732121770657,0
2,8902.853259530417,3,1,1867,5,0.6946812479103911,0,2225.713314882604,0.8902853259530417,1
1,10092.959086446659,2,460,1148,1,0.8692358751745349,1,3364.3196954822197,1.009295908644666,0
1,2977.6044736402832,1,18,773,2,0.782929952069459,0,1488.8022368201416,0.29776044736402835,0
0,1031.5248485696686,1,667,1510,1,0.4741059175647626,0,515.7624242848343,0.10315248485696686,0
4,10757.63368581253,0,29,752,3,0.7848946947735668,1,10757.63368581253,1.075763368581253,0
1,24003.488424609444,4,186,1441,5,0.7263284721337624,1,4800.697684921889,2.4003488424609443,0
1,49509.77305370128,5,8,112,4,0.9670093030228767,3,8251.628842283548,4.950977305370128,1
2,45420.34554809417,1,30,1697,4,0.8350354533283945,0,22710.172774047085,4.542034554809417,0
4,3481.785129531112,2,111,1728,1,0.7727088978491513,0,1160.5950431770373,0.3481785129531112,0
0,2285.5332685951535,1,304,148,1,0.9654213112283905,0,1142.7666342975767,0.22855332685951535,0
1,7475.031642532495,1,7,826,1,0.9346424403469622,1,3737.5158212662477,0.7475031642532496,0
4,7338.493898239381,3,235,1298,3,0.819053457355792,0,1834.6234745598454,0.7338493898239381,0
4,20413.719485780257,2,17,124,3,0.5655792280337891,0,6804.573161926753,2.0413719485780257,0
0,28917.75829191692,13,6,1863,5,0.9592040961593018,2,2065.5541637083516,2.891775829191692,1
4,41844.39282135795,1,35,1783,3,0.7612841539113915,0,20922.196410678975,4.184439282135795,0
4,85845.14864062534,2,476,233,5,0.9663086089670417,0,28615.049546875114,8.584514864062534,0
4,7731.260294144514,0,40,1366,5,0.7872663246926458,0,7731.260294144514,0.7731260294144514,0
1,36302.8853827164,5,9,1130,1,0.8045005152941563,0,6050.4808971194,3.63028853827164,1
0,2280.6220535689063,0,178,1322,4,0.8248299202569298,0,2280.6220535689063,0.22806220535689062,0
4,29444.601141898307,1,85,1699,1,0.8418738970359773,1,14722.300570949154,2.944460114189831,0
4,28473.573493929187,1,105,518,3,0.9433710658008598,2,14236.786746964593,2.8473573493929187,0
1,22836.712931494145,0,26,189,2,0.936930407618032,0,22836.712931494145,2.2836712931494145,0
0,7953.157458222078,3,276,1976,3,0.7209425030778263,0,1988.2893645555196,0.7953157458222079,0
2,233.90177692620412,3,185,408,4,0.6363000520143504,1,58.47544423155103,0.02339017769262041,0
1,3751.5614824554855,1,91,1626,3,0.9468969830692162,1,1875.7807412277427,0.37515614824554855,0
0,3823.4207254976936,1,38,1481,4,0.9736850572213737,0,1911.7103627488468,0.3823420725497694,0
4,2505.125405464121,0,181,1547,2,0.8029285613706817,1,2505.125405464121,0.2505125405464121,0
0,9383.345161564992,5,302,1738,2,0.4378052398944474,0,1563.890860260832,0.9383345161564992,0
0,4901.241725559779,0,75,1519,5,0.824551931350406,1,4901.241725559779,0.49012417255597795,0
0,26188.017105544302,10,3,1029,3,0.9244660920497081,2,2380.7288277767548,2.6188017105544303,1
2,2274.3278157057025,2,49,1305,5,0.7603103412037213,0,758.1092719019008,0.22743278157057026,0
0,3433.6682090774348,2,230,1690,1,0.5546920869745293,0,1144.5560696924783,0.34336682090774345,0
2,31126.00910295436,3,904,1691,1,0.8041801198300144,0,7781.50227573859,3.112600910295436,0
4,3665.682926882259,0,3,349,1,0.7606556093988636,1,3665.682926882259,0.3665682926882259,0
2,4368.056936619168,1,74,1715,1,0.7752527872777741,0,2184.028468309584,0.43680569366191674,0
4,4684.258270020146,3,13,475,1,0.9109727740683483,0,1171.0645675050364,0.46842582700201457,1
4,12170.767106452364,0,77,1044,3,0.8116641351660312,0,12170.767106452364,1.2170767106452365,0
2,14009.618189316432,2,105,210,5,0.8687786367021153,0,4669.872729772144,1.4009618189316433,0
1,2033.8799164127697,6,2,450,5,0.5843104499540428,5,290.5542737732528,0.20338799164127697,1
3,27610.7993671506,0,17,1451,4,0.7821561284124278,0,27610.7993671506,2.7610799367150602,0
0,45416.99445061137,2,301,1991,1,0.6956679823359093,0,15138.99815020379,4.541699445061137,0
3,2297.9579395331875,5,101,1330,2,0.842573735310081,0,382.9929899221979,0.22979579395331876,0
0,2523.096273656203,1,334,790,4,0.7769014057567118,0,1261.5481368281014,0.2523096273656203,0
0,4720.622401760982,3,145,911,4,0.482662145556837,1,1180.1556004402455,0.4720622401760982,0
4,3270.8173168524386,2,9,543,3,0.8576925585493866,0,1090.2724389508128,0.32708173168524385,0
0,67406.48786819616,7,14,538,4,0.8900164950697668,3,8425.81098352452,6.740648786819616,1
0,783.8123610967546,2,18,1255,2,0.7141922985647269,0,261.2707870322515,0.07838123610967546,0
2,2118.549362237954,3,183,575,5,0.893358077122634,0,529.6373405594885,0.2118549362237954,0
3,51381.66317419221,0,421,1173,4,0.6372601511043018,0,51381.66317419221,5.138166317419221,0
2,2660.145339472096,0,17,786,3,0.616405775411574,0,2660.145339472096,0.2660145339472096,0
0,36030.24248204471,1,162,407,1,0.8040367736333263,1,18015.121241022356,3.603024248204471,0
4,12411.836276124195,3,348,1304,2,0.6774670486162546,0,3102.959069031049,1.2411836276124195,0
2,7200.179678091953,7,4,614,1,0.7245896687870106,5,900.0224597614941,0.7200179678091954,1
2,17368.17928560189,1,258,1079,4,0.9578495602072314,0,8684.089642800946,1.736817928560189,0
1,7036.02906937234,0,66,139,5,0.9779315082194228,0,7036.02906937234,0.703602906937234,0
0,4691.180485812165,4,241,113,3,0.8163814010784723,0,938.236097162433,0.4691180485812165,0
4,10872.027788600344,1,245,1161,2,0.9772316467670742,0,5436.013894300172,1.0872027788600345,0
2,14322.115824104536,1,241,1106,5,0.84904135299515,1,7161.057912052268,1.4322115824104535,0
2,18941.492902616483,0,386,1145,2,0.8289344697117027,0,18941.492902616483,1.8941492902616484,0
4,33319.67748984457,3,19,1629,3,0.8455446726306324,0,8329.919372461143,3.3319677489844572,1
0,13223.662208252119,3,23,302,3,0.9156134904046752,0,3305.9155520630297,1.3223662208252118,1
1,1555.012858104075,2,205,156,4,0.8435848512432659,0,518.337619368025,0.15550128581040748,0
2,4589.954778459433,1,616,1875,2,0.8814638348456812,1,2294.9773892297167,0.45899547784594336,0
1,276968.2069760267,3,126,979,4,0.671060435191444,0,69242.05174400668,10.0,1
3,19329.53029164955,2,647,1993,2,0.9042793187215875,0,6443.176763883183,1.932953029164955,0
0,139127.31956642293,3,557,563,2,0.8253783605745403,0,34781.82989160573,10.0,1
3,43239.983866548355,2,467,185,1,0.8298295616385308,0,14413.327955516119,4.323998386654836,0
3,10830.943830917142,0,482,678,4,0.8967001400461532,1,10830.943830917142,1.0830943830917141,0
3,11634.015813718768,2,458,458,2,0.8988347989912319,1,3878.0052712395895,1.1634015813718768,0
0,7755.084348004273,2,343,170,2,0.8379391982235994,0,2585.028116001424,0.7755084348004273,0
0,8503.098479506265,10,11,1551,3,0.9557254162510257,3,773.0089526823878,0.8503098479506265,1
4,8280.484026370506,3,5,849,1,0.7360219647795891,0,2070.1210065926266,0.8280484026370506,1
1,34641.5623121947,1,29,873,3,0.7564690201886853,0,17320.78115609735,3.46415623121947,0
1,3945.8986665689963,1,29,1167,4,0.9175817243195254,0,1972.9493332844982,0.39458986665689966,0
4,13284.372174772645,1,5,554,4,0.8620515622684674,0,6642.1860873863225,1.3284372174772645,0
4,22514.374594584933,2,25,56,2,0.6997742197161425,0,7504.791531528311,2.251437459458493,0
3,2719.989972833646,2,505,993,5,0.7501434110496968,0,906.663324277882,0.2719989972833646,0
4,4714.681124583266,1,219,1673,3,0.5048525145158385,0,2357.340562291633,0.4714681124583266,0
2,9242.523658884838,6,17,1767,4,0.8313422857467909,4,1320.360522697834,0.9242523658884838,1
1,3021.1754967577294,2,316,240,2,0.8945582928757958,0,1007.0584989192431,0.3021175496757729,0
4,1728.2656317306567,0,135,506,2,0.8099411312647914,0,1728.2656317306567,0.17282656317306566,0
2,2750.290568485652,0,31,1793,3,0.8512213092818377,1,2750.290568485652,0.2750290568485652,0
2,44504.55475481971,2,432,435,2,0.9248455638817547,1,14834.851584939903,4.450455475481971,0
2,2701.1356241235926,0,83,852,1,0.7777778480329904,0,2701.1356241235926,0.2701135624123593,0
2,9430.940097580502,0,241,915,5,0.9210298525189073,0,9430.940097580502,0.9430940097580502,0
3,4431.784021350065,1,69,1072,3,0.9251111089538675,1,2215.8920106750325,0.4431784021350065,0
2,214898.3575523074,10,8,327,3,0.9327255419273313,4,19536.214322937038,10.0,1
3,39081.11964895741,3,339,1521,3,0.7370195869560533,0,9770.279912239352,3.9081119648957405,0
3,22854.058114598098,0,35,876,2,0.8493606736386429,0,22854.058114598098,2.28540581145981,0
2,11700.20291412782,3,757,994,2,0.8023173401604895,0,2925.050728531955,1.170020291412782,0
1,6140.912070484717,1,15,101,3,0.7737341741299373,0,3070.4560352423587,0.6140912070484718,0
2,1938.656245247104,2,153,1478,3,0.727942019580881,2,646.2187484157013,0.1938656245247104,0
2,83469.3399637393,0,496,445,1,0.659808085879435,0,83469.3399637393,8.34693399637393,0
2,3256.448224375276,1,583,828,4,0.9147901043387126,0,1628.224112187638,0.32564482243752757,0
1,17968.502023251665,1,53,1829,1,0.612204929505006,1,8984.251011625833,1.7968502023251665,0
0,28896.5845989062,1,32,743,3,0.9050867743495572,0,14448.2922994531,2.88965845989062,0
0,4161.635411285032,6,258,260,2,0.7486861710242749,0,594.5193444692903,0.41616354112850323,0
3,28158.795411566887,2,9,939,2,0.8775683602299694,0,9386.265137188962,2.8158795411566886,0
3,20273.215169406485,1,133,1783,3,0.7657106833343992,0,10136.607584703243,2.0273215169406487,0
1,64444.30249100157,2,319,319,4,0.8945822802507651,0,21481.43416366719,6.444430249100157,0
4,4613.694570480892,4,165,594,5,0.6523709714631958,1,922.7389140961784,0.46136945704808924,0
0,1731.8806522380432,1,42,1056,5,0.8957974085228267,0,865.9403261190216,0.1731880652238043,0
3,15104.097801317814,8,5,1687,1,0.7909956918176172,3,1678.2330890353126,1.5104097801317813,1
0,10411.062805238706,2,509,894,4,0.9749438674283234,0,3470.354268412902,1.0411062805238707,0
1,8689.366124487999,1,193,1065,5,0.7721778422425647,0,4344.683062243999,0.8689366124487998,0
1,5053.692910714207,1,256,1355,4,0.7132157982975936,0,2526.8464553571034,0.5053692910714207,0
4,819.7201891057788,1,82,447,2,0.6109838667861426,1,409.8600945528894,0.08197201891057788,0
4,14250.960620005544,0,42,1822,2,0.8535347628590917,0,14250.960620005544,1.4250960620005544,0
1,86406.08451143451,1,60,1289,4,0.8592940601979483,0,43203.04225571726,8.640608451143452,0
3,14144.787855049733,1,153,1505,3,0.667116084177977,0,7072.393927524867,1.4144787855049734,0
0,16830.746186024928,0,66,1394,5,0.8557609746365203,0,16830.746186024928,1.6830746186024927,0
2,16105.794086599662,3,157,863,5,0.6501377726471276,1,4026.4485216499156,1.6105794086599663,0
4,41933.93024896153,11,10,688,2,0.8778487190731792,4,3494.4941874134606,4.193393024896153,1
2,24785.13011631333,4,266,542,1,0.6718914949446413,0,4957.026023262666,2.4785130116313328,0
3,13022.688929240932,0,36,1000,5,0.8930712952671424,0,13022.688929240932,1.3022688929240933,0
4,5567.978810469618,0,278,1679,2,0.5363475462889516,0,5567.978810469618,0.5567978810469618,0
2,3117.5830214875023,2,224,1659,2,0.8707094438561371,0,1039.194340495834,0.3117583021487502,0
3,6010.310040661788,1,3,177,4,0.9229805159841392,1,3005.155020330894,0.6010310040661788,0
0,11812.994055608688,2,13,123,4,0.7585248756414458,0,3937.6646852028957,1.1812994055608688,0
3,5545.269198917192,0,208,1549,4,0.5990011741226676,1,5545.269198917192,0.5545269198917192,0
4,11815.95977304592,2,97,501,1,0.8176533969088159,0,3938.6532576819736,1.181595977304592,0
1,71255.98308106637,4,11,1535,5,0.7906813983086536,5,14251.196616213274,7.125598308106637,1
0,22022.398268183017,2,10,1981,1,0.5971344218821804,0,7340.799422727672,2.202239826818302,0
2,37773.15569824592,2,35,487,1,0.5739639648533784,0,12591.051899415308,3.777315569824592,0
4,60732.96800529734,8,11,1329,4,0.8365688179922045,2,6748.107556144149,6.073296800529734,1
1,1686.9342745403906,0,261,497,2,0.9520592306034175,1,1686.9342745403906,0.16869342745403906,0
3,5355.477156764828,0,151,1175,3,0.5429834574599846,0,5355.477156764828,0.5355477156764827,0
1,8543.064651415845,2,568,608,2,0.662054140312984,0,2847.688217138615,0.8543064651415845,0
4,895.2271568318755,2,194,1750,2,0.8525252521659239,2,298.40905227729183,0.08952271568318755,0
4,42890.14782544567,4,259,1019,2,0.703358306865174,1,8578.029565089133,4.289014782544567,0
1,9612.825688539453,1,67,1841,2,0.9410119074868398,0,4806.4128442697265,0.9612825688539453,0
3,12805.41492537943,2,178,986,1,0.859111384915856,0,4268.471641793143,1.280541492537943,0
1,41715.65491793225,2,31,332,4,0.9595159741426524,0,13905.218305977416,4.171565491793225,0
4,3804.0767661180635,0,104,809,4,0.8060050277466114,1,3804.0767661180635,0.38040767661180636,0
4,16136.681557512184,2,7,1277,2,0.7422940130302897,0,5378.893852504061,1.6136681557512185,0
2,7102.222571465057,0,49,135,3,0.8367663130438392,0,7102.222571465057,0.7102222571465057,0
2,6496.999666706291,1,16,1397,5,0.7543108595704141,3,3248.4998333531453,0.649699966670629,0
0,3207.891461236056,0,99,1998,2,0.7133861012372952,0,3207.891461236056,0.3207891461236056,0
4,59797.78244692717,3,371,213,2,0.6527279021444545,0,14949.445611731793,5.979778244692717,0
2,5163.655056025793,2,95,926,3,0.5956661464613132,0,1721.2183520085975,0.5163655056025793,0
1,18757.652777739055,4,357,1130,1,0.831533511948843,0,3751.5305555478108,1.8757652777739056,0
3,854.0511913575424,2,214,255,2,0.8315030186206508,0,284.6837304525141,0.08540511913575424,0
1,33389.14865567408,1,143,1981,3,0.8298112814644395,0,16694.57432783704,3.338914865567408,0
3,28642.685586262625,0,55,1502,1,0.9694101171839956,0,28642.685586262625,2.8642685586262626,0
2,9108.113897829046,0,511,197,1,0.8016519991956327,0,9108.113897829046,0.9108113897829045,0
0,6171.326221958483,1,12,1374,2,0.5958300912319108,2,3085.6631109792415,0.6171326221958483,0
1,13095.186602388068,1,234,840,1,0.5743938503676017,1,6547.593301194034,1.309518660238807,0
1,126316.8602451211,1,195,1363,2,0.7766367005975555,0,63158.43012256055,10.0,0
1,976.6379022770356,4,117,1094,2,0.801548675538074,0,195.32758045540712,0.09766379022770355,0
3,20711.26149900197,0,55,996,4,0.9017727249050645,0,20711.26149900197,2.0711261499001967,0
2,14762.28189113096,8,1,1210,5,0.8055916011071864,5,1640.2535434589956,1.476228189113096,1
1,7911.6997542991,2,413,1442,5,0.8853409631161677,2,2637.2332514330333,0.7911699754299101,0
1,6018.202207689227,0,363,1595,4,0.6817066966025265,0,6018.202207689227,0.6018202207689227,0
0,4846.529160072886,1,568,1893,2,0.6871638610369146,1,2423.264580036443,0.4846529160072886,0
0,8001.960435965609,1,74,606,3,0.9745004716618542,0,4000.9802179828043,0.8001960435965608,0
2,2077.6539462452733,0,98,1509,1,0.9696842409077822,0,2077.6539462452733,0.20776539462452734,0
2,27861.93009676458,1,4,810,4,0.8942000199891633,0,13930.96504838229,2.7861930096764578,0
4,941.0796561759779,2,573,79,4,0.9000876755583531,0,313.69321872532595,0.0941079656175978,0
0,15486.398714616258,1,80,1521,4,0.8958249087236319,0,7743.199357308129,1.5486398714616258,0
4,5476.146707017933,2,104,274,4,0.9074277174925992,2,1825.3822356726444,0.5476146707017934,0
3,1988.01141157925,3,477,1459,5,0.8991398995460012,1,497.0028528948125,0.19880114115792502,0
4,10330.54215953391,0,150,1762,2,0.9707020445118886,0,10330.54215953391,1.033054215953391,0
1,1250.950193033656,3,168,1681,4,0.8409381658299198,0,312.737548258414,0.12509501930336558,0
4,8498.598835972423,0,39,478,4,0.9693870556766216,2,8498.598835972423,0.8498598835972423,0
2,1469.309307669184,2,139,578,4,0.9721368907338517,0,489.7697692230613,0.14693093076691838,0
3,14094.310737993133,0,501,1101,3,0.7610312249603952,0,14094.310737993133,1.4094310737993134,0
1,2672.504160402512,2,164,175,3,0.9198822168014106,0,890.8347201341707,0.2672504160402512,0
4,4716.428788344062,2,59,862,1,0.6554605097024622,0,1572.1429294480206,0.4716428788344062,0
3,11530.364956433823,4,7,1858,2,0.723644633501583,1,2306.0729912867646,1.1530364956433823,1
3,3206.5454915807813,3,82,548,4,0.8590999015405257,0,801.6363728951953,0.3206545491580781,0
1,7558.614615009683,2,171,1260,1,0.825410301307468,0,2519.5382050032276,0.7558614615009683,0
4,1317.3842206719712,0,9,703,1,0.8471679054836772,0,1317.3842206719712,0.13173842206719713,0
3,17275.605942990496,2,189,1445,2,0.837786074627769,0,5758.535314330165,1.7275605942990497,0
3,658968.3523823392,9,9,187,3,0.9153959640433849,3,65896.83523823392,10.0,1
0,231110.36396491845,1,306,1043,2,0.9837110472454729,0,115555.18198245922,10.0,0
3,9039.885397152515,1,6,1410,1,0.9226491660474279,0,4519.9426985762575,0.9039885397152515,0
0,20865.345859666184,2,304,790,2,0.7692297554988717,0,6955.115286555395,2.0865345859666182,0
4,956.4697785502163,1,148,263,3,0.9167873700989883,1,478.2348892751082,0.09564697785502163,0
4,49181.91194883699,2,93,1859,1,0.68839648801232,0,16393.97064961233,4.918191194883699,0
4,20567.63917304786,0,673,340,2,0.9497365806688136,0,20567.63917304786,2.056763917304786,0
2,4533.637453145127,0,35,993,4,0.95914618467495,1,4533.637453145127,0.45336374531451273,0
4,35761.13472068558,1,156,1643,4,0.7017886672682684,0,17880.56736034279,3.576113472068558,0
3,5970.755262554453,0,78,420,2,0.8792984795241435,1,5970.755262554453,0.5970755262554454,0
1,4676.801805364644,1,150,579,2,0.848847014846457,0,2338.400902682322,0.4676801805364644,0
0,14334.176222693337,0,161,741,3,0.8429107283784424,0,14334.176222693337,1.4334176222693338,0
2,2261.9320132810476,1,19,1743,1,0.7892631172487407,2,1130.9660066405238,0.22619320132810475,0
4,27610.453148860546,2,217,1841,2,0.9062698552182923,1,9203.484382953515,2.7610453148860548,0
4,2282.0107146216333,3,202,598,1,0.8957137384034008,0,570.5026786554083,0.22820107146216334,0
1,2298.321268615544,1,294,1369,4,0.8001434489850583,0,1149.160634307772,0.22983212686155438,0
1,2719.95945766843,3,20,823,1,0.5399086850003477,0,679.9898644171075,0.271995945766843,1
2,20158.87757958117,0,71,1664,5,0.8463298569317842,0,20158.87757958117,2.015887757958117,0
0,3865.5898639304037,3,211,1066,3,0.7588833990615583,0,966.3974659826009,0.38655898639304037,0
4,1607.451136998711,2,30,468,3,0.8550988491898968,0,535.817045666237,0.1607451136998711,0
2,3917.40216497678,0,227,1739,1,0.9739796573641758,0,3917.40216497678,0.391740216497678,0
3,7797.427535841333,1,13,410,3,0.8800172396919321,0,3898.7137679206667,0.7797427535841334,0
3,1964.1856670473508,2,82,1932,1,0.7754190673077177,0,654.7285556824503,0.19641856670473506,0
2,2034.4538208674192,3,376,1231,1,0.9803255948015783,0,508.6134552168548,0.20344538208674193,0
4,102084.44081554965,2,298,1148,4,0.9110458010207585,0,34028.14693851655,10.0,0
2,2885.1192582129183,1,207,1445,1,0.8642528942868114,1,1442.5596291064592,0.2885119258212918,0
4,5499.151889781875,1,409,969,3,0.8220882377145692,1,2749.5759448909375,0.5499151889781875,0
1,5215.11072400063,1,248,1963,5,0.7243829836236324,0,2607.555362000315,0.521511072400063,0
2,4887.185384067872,1,147,616,2,0.7268864417640586,1,2443.592692033936,0.48871853840678725,0
4,17079.190779366112,4,780,767,3,0.7732866354739837,0,3415.8381558732226,1.7079190779366111,0
2,25280.068061578862,1,238,776,5,0.9190901300128439,0,12640.034030789431,2.528006806157886,0
2,5613.078959860621,0,184,1594,3,0.7680224171971705,1,5613.078959860621,0.5613078959860621,0
4,1837.6191198024517,6,106,1179,5,0.7199162930373257,1,262.51701711463596,0.18376191198024516,0
4,37396.34582512829,1,466,1903,3,0.7620792595009925,1,18698.172912564143,3.7396345825128288,0
0,7227.082383073344,0,71,416,2,0.792315220108553,0,7227.082383073344,0.7227082383073344,0
2,64626.91073215124,2,2,451,4,0.815764866138095,0,21542.303577383747,6.462691073215124,0
3,547.4641186998751,1,44,1830,4,0.8834735109135077,0,273.7320593499376,0.054746411869987514,0
2,10244.37307504482,5,24,1892,2,0.7280690818379647,0,1707.39551250747,1.024437307504482,1
2,81009.97714116133,2,77,152,3,0.7946775065720794,0,27003.325713720445,8.100997714116133,0
4,5303.291993006083,1,350,836,5,0.8144573158657766,1,2651.6459965030417,0.5303291993006083,0
2,6182.066576210496,3,211,374,1,0.6798230402325043,0,1545.516644052624,0.6182066576210496,0
2,11552.001949698191,0,38,422,3,0.8056365771155298,0,11552.001949698191,1.1552001949698192,0
3,4144.117000856003,1,312,387,2,0.8862271202063696,2,2072.0585004280015,0.4144117000856003,0
4,5572.024219514134,2,141,940,4,0.6991077970309525,0,1857.3414065047111,0.5572024219514133,0
2,5402.525924440758,1,144,1106,4,0.7046687534669548,0,2701.262962220379,0.5402525924440758,0
1,3816.5231564925125,4,90,1181,3,0.9277185130547099,0,763.3046312985025,0.38165231564925123,0
0,35405.69140107147,2,400,1495,5,0.8450752877885002,0,11801.897133690489,3.540569140107147,0
3,14091.029084708176,1,77,1342,2,0.6801846152199689,0,7045.514542354088,1.4091029084708175,0
2,10946.268254939836,2,20,1146,2,0.8262383552700184,1,3648.756084979945,1.0946268254939835,0
1,21381.582685050395,2,73,1931,5,0.8603043655820185,0,7127.194228350131,2.1381582685050393,0
2,5900.385697152391,1,252,1254,5,0.9028614781058781,0,2950.1928485761955,0.590038569715239,0
2,3200.157857297297,1,215,1970,3,0.7634453190185815,0,1600.0789286486486,0.3200157857297297,0
4,3931.792998213641,3,42,1853,3,0.9174918451592924,0,982.9482495534103,0.3931792998213641,1
4,8120.440247232978,2,24,1225,4,0.9065291265159185,0,2706.813415744326,0.8120440247232978,0
4,2273.2048658569843,0,217,1585,4,0.9152828340654524,0,2273.2048658569843,0.22732048658569842,0
1,27454.218117012977,10,15,1970,5,0.5360335843010716,4,2495.8380106375434,2.7454218117012976,1
2,4361.886951479119,3,92,1141,1,0.9087867034012822,1,1090.4717378697796,0.43618869514791186,0
0,103721.78774807755,1,371,1976,1,0.7037498837416781,0,51860.893874038775,10.0,0
3,290.4472778110151,2,766,1445,1,0.6816033250512791,0,96.81575927033838,0.029044727781101513,0
4,6531.920834095622,1,47,1421,2,0.9002153745079438,0,3265.960417047811,0.6531920834095623,0
4,64268.9918052143,1,173,1046,3,0.7670378100436284,0,32134.49590260715,6.4268991805214295,0
2,9378.858663755555,1,2,1782,5,0.5742405161195498,0,4689.429331877777,0.9378858663755555,0
2,20012.27207493977,3,250,1880,4,0.8904904429175432,1,5003.068018734943,2.001227207493977,0
1,9134.297630528246,1,107,81,1,0.9515667642511102,0,4567.148815264123,0.9134297630528246,0
1,3638.0385028390706,4,43,976,4,0.7921838405705218,0,727.6077005678142,0.36380385028390705,1
4,549.8804431958068,1,280,669,3,0.8654430173828181,0,274.9402215979034,0.05498804431958068,0
2,10368.698887422708,4,333,1152,5,0.6361998115262567,0,2073.7397774845417,1.0368698887422707,0
0,3194.775423884338,2,24,1332,1,0.8488993390829997,0,1064.9251412947795,0.3194775423884338,0
3,29066.825721105986,5,2,1570,1,0.6670515236253649,2,4844.470953517664,2.9066825721105984,1
2,4452.474521359612,1,82,927,5,0.8461512989048202,1,2226.237260679806,0.4452474521359612,0
2,65764.38359052385,1,197,224,4,0.8781919610613556,0,32882.191795261926,6.576438359052386,0
1,145190.94986905027,2,316,1440,3,0.894767765813713,0,48396.98328968342,10.0,0
3,10515.961502932661,2,158,64,3,0.8777973489047112,0,3505.320500977554,1.0515961502932663,0
4,4639.117027460945,2,174,1124,3,0.6831990927540242,0,1546.3723424869816,0.4639117027460945,0
2,1973.0351059722152,2,322,156,4,0.7511496363038406,0,657.678368657405,0.1973035105972215,0
4,14217.774609034237,2,151,1795,4,0.6866907724317463,0,4739.258203011413,1.4217774609034237,0
2,68836.31507640399,1,189,518,1,0.691476749335584,0,34418.157538201995,6.883631507640399,0
4,6022.101330204926,2,146,251,4,0.863226559311561,0,2007.3671100683086,0.6022101330204926,0
3,466.4751505841336,0,425,1862,2,0.8992244670521593,0,466.4751505841336,0.04664751505841336,0
1,18107.103633139603,1,54,1291,5,0.8836589222362625,0,9053.551816569801,1.8107103633139603,0
3,26435.938064482463,2,62,1114,4,0.5422729734896908,0,8811.979354827488,2.6435938064482465,0
0,6133.116750727813,9,13,1961,3,0.732612600572078,4,613.3116750727813,0.6133116750727813,1
1,76687.82748109431,9,5,1844,4,0.9616043893052189,5,7668.782748109431,7.6687827481094315,1
3,13925.41990868813,0,107,1458,1,0.8392431881784788,0,13925.41990868813,1.392541990868813,0
0,7422.500229736461,2,86,966,5,0.858951770824639,1,2474.166743245487,0.7422500229736461,0
2,3137.1652894553567,0,797,1788,5,0.7475300521720297,0,3137.1652894553567,0.3137165289455357,0
2,27422.652057931187,4,523,385,3,0.8515978521259876,0,5484.530411586237,2.7422652057931187,0
4,4993.759464778178,2,716,1684,5,0.9267283871800992,1,1664.5864882593926,0.4993759464778178,0
1,1363.4541905434435,1,31,1734,2,0.963514709064286,0,681.7270952717217,0.13634541905434436,0
2,2673.628222248452,11,9,154,5,0.9484079247529966,3,222.80235185403765,0.2673628222248452,1
1,36791.40083904287,0,80,252,3,0.8945205989536423,1,36791.40083904287,3.6791400839042874,0
2,16983.486553965307,0,3,1583,5,0.9230971339702353,1,16983.486553965307,1.6983486553965308,0
4,9005.297160402206,3,100,1168,4,0.8635029233909972,0,2251.3242901005515,0.9005297160402206,0
3,4777.489296809652,1,143,1250,1,0.6463400976521557,0,2388.744648404826,0.4777489296809652,0
4,4294.97881942247,0,23,114,4,0.8655786604669188,0,4294.97881942247,0.42949788194224703,0
0,2228.5713788469893,1,155,602,2,0.5122494077558938,0,1114.2856894234947,0.22285713788469894,0
2,4828.316941134716,0,343,273,2,0.6265317047022073,0,4828.316941134716,0.4828316941134716,0
0,636.4433055609252,0,95,1652,1,0.7612855325826231,0,636.4433055609252,0.06364433055609252,0
0,3350.026770019507,4,87,429,1,0.9389367665411228,2,670.0053540039014,0.3350026770019507,0
1,23628.338645027125,5,14,304,1,0.8110250063048958,4,3938.056440837854,2.3628338645027123,1
2,16845.79006229846,5,514,1371,1,0.7601420077655185,0,2807.6316770497433,1.684579006229846,0
0,7724.004637518483,2,10,1654,5,0.8423512197766604,0,2574.668212506161,0.7724004637518483,0
3,21034.25833214439,2,118,220,4,0.9324670607795515,0,7011.41944404813,2.103425833214439,0
0,40903.140590475734,1,62,662,2,0.6854662584078202,1,20451.570295237867,4.090314059047573,0
3,265228.2394164733,9,17,701,5,0.8579875483422228,5,26522.82394164733,10.0,1
1,14251.419814721698,3,21,767,1,0.8665348907718787,0,3562.8549536804244,1.4251419814721697,1
0,8219.257989158685,0,107,881,3,0.8109871428101143,0,8219.257989158685,0.8219257989158685,0
4,2497.522176352554,1,105,1437,3,0.6792907660943162,0,1248.761088176277,0.24975221763525543,0
1,19691.31317032055,2,439,868,4,0.8392004679061116,1,6563.771056773517,1.969131317032055,0
3,60821.39263790892,0,49,122,2,0.5671425638963168,0,60821.39263790892,6.082139263790892,0
1,12216.310298672604,0,208,1133,2,0.8485790934881213,1,12216.310298672604,1.2216310298672604,0
0,80879.12038762963,0,29,504,4,0.8882850599907027,0,80879.12038762963,8.087912038762964,1
2,1298.9531506641215,1,616,385,1,0.7699269923826084,0,649.4765753320607,0.12989531506641214,0
2,12449.772842616294,5,8,717,1,0.8786090327340838,2,2074.962140436049,1.2449772842616293,1
3,22612.130957839025,0,197,1197,2,0.8824997838254615,0,22612.130957839025,2.2612130957839023,0
3,45087.17447737198,7,13,1528,2,0.7671974382121715,2,5635.896809671497,4.508717447737197,1
2,39204.17839809417,2,84,63,2,0.8554806429537705,1,13068.05946603139,3.9204178398094167,0
3,7954.030267893232,2,48,1489,1,0.8163321959259149,1,2651.3434226310774,0.7954030267893232,0
1,2859.57843604733,0,186,1849,3,0.6931180598683405,1,2859.57843604733,0.285957843604733,0
4,6270.9811795715705,1,619,76,4,0.7293133753943891,0,3135.4905897857852,0.6270981179571571,0
4,1287.914129619257,2,90,1830,4,0.6903522308950629,1,429.30470987308564,0.1287914129619257,0
1,2091.6137836257976,3,430,1123,5,0.6344674945015966,0,522.9034459064494,0.20916137836257975,0
4,26028.12068916782,1,33,236,5,0.9122216706371232,1,13014.06034458391,2.6028120689167817,0
0,23094.38740167516,5,551,1130,3,0.4527547894232588,1,3849.0645669458604,2.3094387401675163,0
1,12526.543373155222,1,87,820,2,0.7429877561669852,1,6263.271686577611,1.2526543373155221,0
3,1027.318177849312,1,96,716,3,0.6550160179354352,0,513.659088924656,0.10273181778493119,0
1,5270.685502144818,1,125,1039,5,0.9875711754241578,0,2635.342751072409,0.5270685502144818,0
2,1863.1057524822174,0,254,1107,5,0.9302806307072363,0,1863.1057524822174,0.18631057524822175,0
3,33250.992808660594,2,255,587,4,0.8243022206912399,0,11083.664269553532,3.3250992808660595,0
2,4021.9954526983274,1,131,1835,3,0.6147705879722667,0,2010.9977263491637,0.40219954526983276,0
3,16034.860218226006,10,4,985,1,0.8465216389485227,5,1457.7145652932732,1.6034860218226006,1
4,8398.054897078826,0,7,420,5,0.873094113451138,0,8398.054897078826,0.8398054897078826,0
1,3758.648205015502,2,73,135,4,0.8097001360441776,0,1252.8827350051672,0.3758648205015502,0
0,48073.803994809765,2,85,209,2,0.7590450287522509,0,16024.601331603255,4.8073803994809765,0
3,3355.0666764334965,0,164,474,3,0.518138722413252,0,3355.0666764334965,0.33550666764334963,0
3,1511.603200748531,1,164,1971,5,0.8120668386207222,0,755.8016003742655,0.1511603200748531,0
2,611.8601731060671,3,248,1952,1,0.74772243428447,1,152.96504327651678,0.06118601731060671,0
4,7809.187445122189,1,253,1785,5,0.7843813205695149,0,3904.5937225610946,0.7809187445122189,0
2,4128.5596139598365,2,54,1179,1,0.9133012334679956,0,1376.1865379866122,0.41285596139598363,0
2,1458.7197875364782,1,295,1464,3,0.7292398010001957,0,729.3598937682391,0.14587197875364782,0
4,146296.07163732042,7,3,1585,1,0.8481830149985281,4,18287.008954665052,10.0,1
0,18046.267883320466,3,252,324,1,0.6807123817464152,1,4511.566970830117,1.8046267883320466,0
2,7833.295214947018,1,22,1362,4,0.9176551261831369,0,3916.647607473509,0.7833295214947018,0
2,41655.61669001252,2,262,307,3,0.8025087872310027,0,13885.205563337506,4.165561669001252,0
3,161753.244277887,12,9,1012,5,0.9413028050261802,3,12442.557252145152,10.0,1
4,3018.673930804009,0,115,1293,2,0.5511049254085546,0,3018.673930804009,0.3018673930804009,0
1,2328.398108905722,3,235,1023,3,0.810342681760038,0,582.0995272264305,0.2328398108905722,0
0,196323.81466398272,11,1,576,3,0.6811017247403384,5,16360.317888665226,10.0,1
0,13038.2203215884,2,51,582,2,0.5411160163123758,1,4346.073440529467,1.30382203215884,0
4,9933.789658692653,1,192,1919,5,0.8992917140854765,2,4966.894829346326,0.9933789658692652,0
3,2934.236718373601,0,376,1132,4,0.7419867980530171,1,2934.236718373601,0.2934236718373601,0
3,16806.77033610476,1,96,1433,5,0.8922487971524086,0,8403.38516805238,1.6806770336104762,0
4,3272.800568236912,0,60,1667,2,0.7531408150399486,0,3272.800568236912,0.3272800568236912,0
3,21728.638968031133,8,13,1703,5,0.9876963482816681,2,2414.293218670126,2.172863896803113,1
0,45997.0699022089,5,195,162,3,0.7377084924842691,1,7666.178317034817,4.5997069902208905,0
0,3666.522400528071,1,109,1880,4,0.921736352257843,0,1833.2612002640356,0.3666522400528071,0
1,1227.1048477050178,1,419,1349,1,0.9516659135845335,2,613.5524238525089,0.12271048477050178,0
4,2291.4575292896093,0,149,306,5,0.8633254480722468,1,2291.4575292896093,0.22914575292896092,0
2,26719.758569179132,0,8,378,1,0.5257118572085068,0,26719.758569179132,2.6719758569179133,0
2,11000.29494778739,1,51,826,4,0.9411686009565433,0,5500.147473893695,1.100029494778739,0
1,6942.013531024728,2,120,1308,1,0.871294365412926,0,2314.004510341576,0.6942013531024728,0
1,4398.80166357957,1,240,100,5,0.7932694633000472,0,2199.400831789785,0.439880166357957,0
3,14507.657450738343,2,50,1751,2,0.9734618043263766,1,4835.885816912781,1.4507657450738343,0
1,2925.0714268734805,2,749,1816,3,0.7822512294759462,0,975.0238089578269,0.29250714268734807,0
1,11693.620110624177,2,77,270,3,0.8534193107223743,0,3897.873370208059,1.1693620110624177,0
2,3369.4153357658283,1,153,832,1,0.877918882547766,1,1684.7076678829142,0.33694153357658285,0
3,23670.897224272852,6,8,645,3,0.8473460862973549,5,3381.556746324693,2.367089722427285,1
1,3770.696751962218,2,433,1303,3,0.9833662712391549,0,1256.8989173207394,0.3770696751962218,0
1,35715.173816173556,7,17,1882,2,0.785823580055418,4,4464.3967270216945,3.5715173816173555,1
3,7641.9202857410155,1,44,271,1,0.7943043749551244,0,3820.9601428705078,0.7641920285741015,0
4,10748.77371615664,3,542,992,2,0.8635350132091066,1,2687.19342903916,1.074877371615664,0
3,96.92734238850001,1,76,1739,2,0.7487452101803801,1,48.463671194250004,0.00969273423885,0
2,3074.259476855442,3,236,1127,4,0.7167748096048935,1,768.5648692138604,0.30742594768554415,0
4,5065.033482242358,1,342,1704,1,0.9107986336440385,0,2532.516741121179,0.5065033482242358,0
0,185622.9238454995,9,16,1783,2,0.9194380406774236,2,18562.29238454995,10.0,1
3,2217.1921342659025,3,500,1346,5,0.590426925406568,0,554.2980335664756,0.22171921342659026,0
2,9851.272776628939,0,400,247,3,0.7916708763044963,1,9851.272776628939,0.9851272776628939,0
4,470184.49498266325,9,16,177,1,0.9567319864605225,5,47018.449498266324,10.0,1
3,1676.45674376824,2,41,1677,4,0.8598789648404815,0,558.8189145894133,0.16764567437682398,0
1,13000.85327771887,2,73,1082,2,0.7470631382567205,1,4333.617759239623,1.3000853277718871,0
3,3094.166363114851,1,203,1036,5,0.847925839175885,0,1547.0831815574254,0.3094166363114851,0
0,4422.407496503375,3,265,276,3,0.8413231427661052,0,1105.6018741258438,0.4422407496503375,0
3,3091.0527240196548,1,153,607,3,0.7127125105588992,1,1545.5263620098274,0.3091052724019655,0
4,3366.9791608256046,4,16,1207,5,0.6680697517045223,0,673.395832165121,0.33669791608256044,1
4,1515323.506326856,11,18,1089,1,0.812014715972207,3,126276.95886057134,10.0,1
3,22322.42475309164,4,649,264,3,0.942724938610488,2,4464.484950618328,2.232242475309164,0
4,30396.58161338175,1,105,1185,3,0.883426622240302,0,15198.290806690875,3.039658161338175,0
1,14623.603556189966,1,51,904,3,0.9441671985629179,0,7311.801778094983,1.4623603556189966,0
3,1179.082477920121,2,4,1230,2,0.8416982526718292,1,393.0274926400403,0.11790824779201209,0
1,45200.17095001521,8,1,474,2,0.6845864135826935,3,5022.241216668356,4.520017095001521,1
1,29363.730562403154,2,241,1525,3,0.7483401259188279,0,9787.910187467718,2.9363730562403156,0
2,17284.84298155979,7,12,367,4,0.9550180295056627,5,2160.6053726949735,1.728484298155979,1
3,25806.76641297639,4,20,409,3,0.9267628935944902,0,5161.353282595278,2.580676641297639,1
4,18867.63787788962,1,162,1449,1,0.8473075565981101,1,9433.81893894481,1.8867637877889623,0
1,74790.64234345614,1,238,985,4,0.6488389904802027,1,37395.32117172807,7.479064234345614,0
2,4908.18935013467,0,65,1007,1,0.6534511375583645,0,4908.18935013467,0.490818935013467,0
3,2170.8342534968433,0,169,969,5,0.8912012286601858,1,2170.8342534968433,0.21708342534968433,0
3,28866.754256671975,6,3,951,5,0.6126540497563324,5,4123.822036667425,2.8866754256671974,1
0,45373.57616523969,1,364,1369,2,0.803110259354428,0,22686.788082619845,4.537357616523969,0
0,903.1719381512075,2,121,247,2,0.4445419785125905,1,301.0573127170692,0.09031719381512075,0
1,6552.143664247342,7,9,1643,2,0.9570569335506416,2,819.0179580309177,0.6552143664247342,1
0,9020.674014566051,1,72,447,5,0.8333975674565786,0,4510.337007283026,0.9020674014566051,0
1,4764.237816220526,2,48,639,1,0.9138182582208128,0,1588.0792720735087,0.47642378162205257,0
4,8178.577149072345,1,42,291,4,0.6589080345829929,0,4089.2885745361723,0.8178577149072345,0
1,25194.326908651394,2,89,478,2,0.8038415594232465,0,8398.108969550465,2.5194326908651394,0
0,14530.322466533253,9,4,1952,5,0.6783514646664378,5,1453.0322466533253,1.4530322466533252,1
4,856.104974926971,1,67,660,2,0.556476868188373,1,428.0524874634855,0.0856104974926971,0
0,94219.06877048155,4,212,55,3,0.6763217935314715,0,18843.81375409631,9.421906877048155,1
1,2448.7330689473233,1,209,1864,4,0.7712978279883048,0,1224.3665344736617,0.24487330689473233,0
2,2273.6811604258332,3,16,1391,1,0.8386602491373435,0,568.4202901064583,0.22736811604258333,1
3,125478.87269992923,11,13,1285,2,0.8210400611737205,2,10456.572724994103,10.0,1
0,5108.254576792999,0,169,1346,3,0.9728615113519398,0,5108.254576792999,0.5108254576792999,0
1,52691.51030057933,12,7,1157,3,0.8535198327891096,2,4053.193100044564,5.269151030057933,1
4,14462.988513470416,3,109,1697,4,0.8618513590947591,0,3615.747128367604,1.4462988513470416,0
0,29741.53176001413,1,250,759,5,0.7285632277509618,0,14870.765880007066,2.9741531760014133,0
0,5430.82952438413,1,2,409,5,0.48431520036109643,0,2715.414762192065,0.543082952438413,0
3,50208.640234627346,2,65,1454,2,0.8069883986622801,0,16736.21341154245,5.020864023462734,0
1,2279.968561510006,11,2,1613,2,0.7412793267141434,5,189.99738012583384,0.2279968561510006,1
2,139560.22474055845,10,13,1214,5,0.9330125627795657,4,12687.293158232585,10.0,1
4,2958.8824648730642,1,640,1998,1,0.9199866944747329,1,1479.4412324365321,0.29588824648730644,0
1,42054.66421458308,0,95,1583,1,0.8972403892450299,1,42054.66421458308,4.205466421458308,0
4,9608.980170113446,0,150,1246,3,0.9478424905510442,0,9608.980170113446,0.9608980170113446,0
0,3613.794479241665,1,265,1093,4,0.8612946422550107,0,1806.8972396208326,0.36137944792416654,0
3,17951.14735955403,0,10,1702,1,0.83185906574272,0,17951.14735955403,1.795114735955403,0
3,222598.838923338,6,11,552,2,0.8647592679489314,2,31799.834131905427,10.0,1
2,17505.54465977144,1,357,1639,1,0.7966112627179235,0,8752.77232988572,1.750554465977144,0
3,2355.161337132217,0,397,276,4,0.8865730197102034,1,2355.161337132217,0.2355161337132217,0
0,4533.182233493372,2,94,158,2,0.8635896776499006,0,1511.0607444977907,0.45331822334933725,0
2,8063.577498942727,3,94,792,4,0.9166987894407432,0,2015.8943747356818,0.8063577498942728,0
1,7711.657444651982,2,283,1393,5,0.5392663100931099,0,2570.5524815506606,0.7711657444651981,0
3,19924.284045200297,1,70,1381,4,0.8622831349309772,0,9962.142022600148,1.9924284045200296,0
2,722.0674250237504,3,25,1814,4,0.9930911337949945,0,180.5168562559376,0.07220674250237503,1
0,12102.804304854068,1,60,860,4,0.7535873466924409,0,6051.402152427034,1.2102804304854067,0
4,5721.706475028346,4,98,1160,2,0.8947419637160207,0,1144.3412950056693,0.5721706475028346,0
4,2962.531032041544,1,11,835,4,0.871354176594577,0,1481.265516020772,0.29625310320415443,0
0,3324.3048603498614,1,131,277,4,0.9148270308159677,0,1662.1524301749307,0.33243048603498615,0
0,6263.8782597655045,2,270,901,3,0.958927038062227,0,2087.959419921835,0.6263878259765504,0
4,107.62983375185681,3,145,1383,2,0.6988392521051163,0,26.907458437964202,0.010762983375185681,0
2,14723.204558000592,5,16,877,4,0.7761381705758515,2,2453.867426333432,1.4723204558000593,1
4,2832.803709913098,1,117,428,1,0.7527665874902099,0,1416.401854956549,0.2832803709913098,0
0,15357.202346108837,0,247,1656,4,0.843061224152652,0,15357.202346108837,1.5357202346108838,0
3,3082.1046822385033,1,12,1813,1,0.9510315100059202,0,1541.0523411192517,0.30821046822385034,0
1,6259.549144126426,2,13,434,5,0.8842572559199166,0,2086.5163813754752,0.6259549144126426,0
3,51571.88575075826,2,93,162,5,0.851836031594159,0,17190.628583586087,5.157188575075826,0
3,26721.448159780153,2,44,1366,2,0.7074658003064124,0,8907.149386593384,2.6721448159780152,0
0,23926.111667718724,4,547,1378,2,0.8047822940753953,0,4785.222333543745,2.3926111667718724,0
4,13363.683009238064,7,12,340,5,0.9637967884042712,4,1670.460376154758,1.3363683009238063,1
2,15547.245056821152,2,68,1178,2,0.8293051154377985,0,5182.415018940384,1.554724505682115,0
3,45745.65732530834,9,14,340,1,0.760776053071318,5,4574.565732530834,4.574565732530834,1
4,34859.93604263882,9,16,1550,1,0.8101953822115473,2,3485.9936042638824,3.485993604263882,1
2,13248.272062010106,3,29,1594,3,0.9335303605937731,1,3312.0680155025266,1.3248272062010107,1
3,3958.449526610096,3,55,726,2,0.7361921225908807,0,989.612381652524,0.3958449526610096,1
2,48610.932119897625,0,206,109,2,0.9273811878562184,0,48610.932119897625,4.861093211989762,0
4,6686.4865278502675,2,11,1385,3,0.6499026975833601,0,2228.828842616756,0.6686486527850267,0
1,17018.09858729701,1,64,155,4,0.819470180951911,0,8509.049293648504,1.7018098587297008,0
4,46477.359247955916,1,47,672,1,0.8659343720109408,0,23238.679623977958,4.647735924795591,0
0,27944.7473164837,4,45,138,4,0.7984299158891675,0,5588.94946329674,2.79447473164837,1
2,1494.126563712039,0,230,1341,3,0.7866541181009227,0,1494.126563712039,0.14941265637120388,0
1,13820.041137919801,0,350,791,2,0.8753445508135349,2,13820.041137919801,1.38200411379198,0
2,22490.837282288103,0,252,1912,4,0.5899411609189044,1,22490.837282288103,2.2490837282288103,0
2,23629.131764965397,1,208,1656,2,0.8278337409844368,0,11814.565882482699,2.36291317649654,0
3,2130.359873362322,3,497,1192,3,0.5059980776690352,0,532.5899683405805,0.21303598733623222,0
0,3683.275495514343,1,13,949,5,0.8138371438774971,1,1841.6377477571716,0.3683275495514343,0
2,26728.077480664746,2,37,494,2,0.8295887806418893,0,8909.359160221582,2.6728077480664747,0
4,3248.301603467098,1,108,1502,4,0.8178805262329967,1,1624.150801733549,0.3248301603467098,0
4,5655.392150820852,0,94,1056,4,0.8707966670746734,0,5655.392150820852,0.5655392150820853,0
3,53693.700871100125,3,109,1424,3,0.8685503490410795,1,13423.425217775031,5.3693700871100125,0
0,7651.376915190052,2,47,355,4,0.5660787062282402,0,2550.4589717300173,0.7651376915190052,0
0,3387.5798423221427,2,33,664,1,0.5250032245958347,0,1129.1932807740475,0.33875798423221426,0
4,2826.6828681676975,1,143,251,2,0.8451049858488692,0,1413.3414340838488,0.28266828681676975,0
1,12079.477237393723,0,527,993,1,0.865618160394186,1,12079.477237393723,1.2079477237393723,0
3,1636.3482967494922,2,100,1096,3,0.5203786746313439,0,545.4494322498307,0.16363482967494922,0
3,6022.1332941251085,2,9,1163,1,0.7504344667531938,0,2007.3777647083696,0.6022133294125108,0
4,12086.889623573989,2,245,520,1,0.5605711667563729,0,4028.963207857996,1.2086889623573989,0
4,38521.807352461765,1,69,1166,2,0.8711943642646733,0,19260.903676230882,3.8521807352461765,0
1,18052.829246639474,2,57,1849,2,0.8623196703574229,0,6017.609748879825,1.8052829246639475,0
1,3439.6391906288904,2,79,1028,5,0.8509624714757958,1,1146.5463968762967,0.34396391906288903,0
0,33326.33422739334,1,258,1358,1,0.5425118670999288,0,16663.16711369667,3.3326334227393337,0
3,26968.612350234718,10,3,1756,2,0.9143953261260265,2,2451.69203183952,2.696861235023472,1
3,1839.3294844065274,4,178,358,1,0.8052846664256312,0,367.8658968813055,0.18393294844065275,0
4,6591.593268298047,0,78,1975,1,0.7223659191672512,0,6591.593268298047,0.6591593268298047,0
0,45515.264917890614,4,75,782,3,0.5883446105628976,1,9103.052983578124,4.551526491789061,0
3,9880.200263069242,1,27,585,3,0.9771221339681504,0,4940.100131534621,0.9880200263069242,0
0,8225.762176660544,4,542,425,1,0.9156770806485742,0,1645.1524353321088,0.8225762176660545,0
0,203189.8251169968,10,4,1787,3,0.5346374639271397,5,18471.802283363344,10.0,1
4,1454.4370296575146,5,6,548,2,0.7408713027615459,0,242.40617160958575,0.14544370296575146,1
0,1732.4312766788696,2,218,685,1,0.9534468617717755,0,577.4770922262899,0.17324312766788696,0
1,9234.873928865933,5,17,191,3,0.8496333872221303,7,1539.1456548109888,0.9234873928865932,1
1,12672.351142460404,2,720,1125,2,0.9017679557255668,0,4224.117047486801,1.2672351142460403,0
2,9895.068221327361,3,342,1143,1,0.9279967891561399,0,2473.7670553318403,0.9895068221327361,0
4,51600.34516728405,2,38,309,1,0.8058660787455757,0,17200.11505576135,5.160034516728405,0
2,10852.709947879805,1,255,1771,3,0.7499231785864242,0,5426.354973939902,1.0852709947879804,0
1,4989.1029778333605,1,133,1957,2,0.8519181468663257,0,2494.5514889166802,0.49891029778333607,0
2,8120.555543103127,3,42,1792,1,0.8457024720800063,0,2030.1388857757818,0.8120555543103127,1
4,9332.413127562695,2,240,1366,1,0.8624097442722701,0,3110.8043758542317,0.9332413127562695,0
4,1089.9493126720517,3,159,1889,5,0.9125228067843814,0,272.48732816801294,0.10899493126720518,0
0,209483.02173066745,5,7,427,1,0.7017771544819001,0,34913.83695511124,10.0,1
3,15121.082207197589,1,209,1112,5,0.899738162424961,0,7560.5411035987945,1.512108220719759,0
0,10425.499608830361,1,202,397,5,0.7972153734987453,1,5212.749804415181,1.0425499608830362,0
4,16952.94393374725,3,32,1651,2,0.7751262863555418,0,4238.235983436813,1.695294393374725,1
1,18982.88716373913,2,86,1598,4,0.9028789923649465,0,6327.62905457971,1.898288716373913,0
1,6845.424948562379,2,177,1779,5,0.48088039686784967,0,2281.8083161874597,0.6845424948562379,0
0,3799.066419726723,2,30,877,2,0.8101892090846837,1,1266.355473242241,0.37990664197267227,0
4,16636.27487429469,1,384,555,3,0.9433475093121643,0,8318.137437147345,1.663627487429469,0
1,12872.55762667433,5,6,431,5,0.7831929728331123,0,2145.4262711123883,1.287255762667433,1
4,3066.00865122468,0,22,474,4,0.8497477367608522,0,3066.00865122468,0.306600865122468,0
1,44482.1264046046,2,25,1873,3,0.8365093079414372,1,14827.375468201533,4.44821264046046,0
4,38653.66017565995,9,16,1509,5,0.9824908933425277,5,3865.3660175659948,3.8653660175659947,1
2,19453.518544587834,1,194,1718,5,0.9553555125954086,1,9726.759272293917,1.9453518544587833,0
4,43058.07501548166,0,104,1780,4,0.9235686984315966,0,43058.07501548166,4.305807501548166,0
4,8318.744203949387,0,69,371,1,0.7858118683436794,0,8318.744203949387,0.8318744203949388,0
0,11853.072650832595,1,332,1663,4,0.8703231083551077,1,5926.536325416298,1.1853072650832595,0
2,21418.97919436883,1,15,299,2,0.728916037331231,0,10709.489597184414,2.141897919436883,0
3,3395.3655234987214,3,66,1817,2,0.8794971584108484,0,848.8413808746803,0.3395365523498721,0
0,8646.085856828486,2,8,229,4,0.7056749851935497,1,2882.0286189428284,0.8646085856828486,0
3,9420.639982730156,2,3,1967,4,0.7657003498233019,0,3140.2133275767187,0.9420639982730156,0
1,2572.7476671953063,1,88,1053,4,0.771806340938817,0,1286.3738335976532,0.25727476671953065,0
3,130765.92167528179,1,44,1762,4,0.6584376643695219,1,65382.960837640894,10.0,1
4,1497.0441372847195,3,63,78,4,0.6951321394152696,1,374.26103432117986,0.14970441372847196,0
3,6319.360617832564,6,6,1569,5,0.7008469253599048,4,902.7658025475091,0.6319360617832563,1
0,39225.09073706402,0,36,1751,3,0.7070325952589243,0,39225.09073706402,3.922509073706402,0
0,19070.911612820088,2,304,1399,2,0.9469123562452281,0,6356.970537606696,1.9070911612820087,0
3,15880.741204801921,9,15,787,2,0.813865223922324,3,1588.074120480192,1.588074120480192,1
0,16793.493826031154,3,80,1721,3,0.874564570067708,0,4198.373456507788,1.6793493826031154,0
0,47165.62083286903,1,159,236,4,0.9003349527741525,0,23582.810416434517,4.716562083286903,0
3,7814.094200436648,2,118,104,3,0.9013667371075194,0,2604.698066812216,0.7814094200436648,0
2,183246.49269097953,1,28,927,4,0.893144082524244,0,91623.24634548977,10.0,1
2,1023.6457791514755,2,476,563,2,0.8203366815284164,0,341.2152597171585,0.10236457791514755,0
1,18631.11189086648,3,169,1483,1,0.8832235763780937,0,4657.77797271662,1.8631111890866479,0
0,32854.17154314262,2,425,1904,2,0.6049435152899052,0,10951.390514380873,3.285417154314262,0
3,23614.416707165212,1,348,66,2,0.8124166803280262,1,11807.208353582606,2.361441670716521,0
0,38257.31520215651,5,14,1644,1,0.7850916311193834,4,6376.219200359418,3.825731520215651,1
4,5718.54808915795,1,47,137,3,0.6589093087327255,0,2859.274044578975,0.571854808915795,0
0,13807.596701570359,2,32,1296,5,0.7769553342500701,0,4602.532233856787,1.380759670157036,0
0,21566.692377633837,2,356,1857,4,0.6474316778433281,0,7188.897459211279,2.1566692377633836,0
2,16696.729210080848,4,397,1131,4,0.9033212979061644,0,3339.3458420161696,1.6696729210080847,0
3,252551.19192288606,7,15,753,2,0.7359970956986662,3,31568.898990360758,10.0,1
0,2385.95812335236,3,23,1635,1,0.6921333330917995,1,596.48953083809,0.238595812335236,1
2,6165.193642320024,2,30,774,2,0.7384762350665156,1,2055.064547440008,0.6165193642320024,0
1,2622.755814223294,2,336,1303,2,0.9801165960539046,1,874.2519380744312,0.2622755814223294,0
2,5098.311414522473,1,530,1227,3,0.7405742519252843,0,2549.1557072612363,0.5098311414522473,0
2,27399.089726868242,1,45,1346,4,0.9028701704775635,0,13699.544863434121,2.739908972686824,0
2,40074.923201515296,4,8,1955,5,0.8107747572959756,3,8014.984640303059,4.007492320151529,1
0,185022.18129771386,0,81,1119,1,0.909496560153552,0,185022.18129771386,10.0,0
0,66997.73165426089,8,1,1947,5,0.7209066824493091,3,7444.1924060289875,6.699773165426089,1
1,8704.803308337183,0,353,944,1,0.8083139789019815,0,8704.803308337183,0.8704803308337183,0
4,49127.19880129326,10,7,501,4,0.7915268909393374,3,4466.108981935751,4.912719880129326,1
4,3769.243392167722,2,206,1379,3,0.8111573106988192,0,1256.4144640559073,0.3769243392167722,0
4,7559.770149052436,3,107,476,5,0.9820988512197152,1,1889.942537263109,0.7559770149052436,0
1,31361.79252829185,3,85,167,1,0.7965797396484632,0,7840.448132072963,3.136179252829185,0
4,9290.659334189337,2,51,737,2,0.653765279817454,0,3096.8864447297788,0.9290659334189336,0
4,3127.059309377044,0,295,1071,4,0.6689617857147344,1,3127.059309377044,0.3127059309377044,0
2,13339.504350939196,11,2,629,3,0.9093870703571805,3,1111.6253625782663,1.3339504350939195,1
0,4720.914123216717,1,90,300,2,0.9249382725363727,1,2360.4570616083583,0.4720914123216717,0
0,8854.10189242688,1,78,452,3,0.8693300562258128,0,4427.05094621344,0.8854101892426879,0
2,33938.44910584036,1,1,1815,1,0.881441671137944,0,16969.22455292018,3.393844910584036,0
2,1621.997397803024,1,14,970,2,0.9250603939485336,0,810.998698901512,0.1621997397803024,0
2,25464.403640452238,6,12,249,3,0.8654652597129924,5,3637.771948636034,2.546440364045224,1
0,9635.139154238275,2,145,1219,4,0.790991325273363,0,3211.7130514127584,0.9635139154238276,0
4,897.4461143555188,0,115,1124,5,0.7171336935226308,0,897.4461143555188,0.08974461143555189,0
2,2980.0103732218236,1,352,963,5,0.943783133270954,0,1490.0051866109118,0.29800103732218236,0
1,3583.637956234231,2,141,1441,2,0.5849990696226107,0,1194.5459854114104,0.3583637956234231,0
2,3117.6523678734625,3,98,1771,4,0.7108741109749037,0,779.4130919683656,0.31176523678734624,0
3,10201.269517483976,3,36,369,4,0.8563665439049073,1,2550.317379370994,1.0201269517483975,1
2,6683.041441991397,0,344,248,3,0.9015131837819563,0,6683.041441991397,0.6683041441991396,0
0,4161.607416745082,1,172,1514,2,0.7957053753549518,0,2080.803708372541,0.4161607416745082,0
2,13542.05289268485,1,20,194,4,0.7559136901551915,1,6771.026446342425,1.3542052892684848,0
3,64067.31850508896,0,210,1132,3,0.9152119407569815,0,64067.31850508896,6.406731850508896,0
1,57936.78724462261,2,111,1780,4,0.837532452919871,1,19312.262414874203,5.793678724462261,0
4,806.475785975189,0,334,192,2,0.6227542836424262,0,806.475785975189,0.08064757859751889,0
2,16195.466244513495,0,503,1296,4,0.7341619274928874,0,16195.466244513495,1.6195466244513494,0
3,6544.446143512906,0,184,1173,4,0.5786369295701602,2,6544.446143512906,0.6544446143512906,0
3,9761.354118553021,2,264,1099,4,0.7718094412931535,0,3253.7847061843404,0.9761354118553022,0
1,5024.395161182782,1,12,1505,5,0.7574736337887543,0,2512.197580591391,0.5024395161182782,0
0,9331.082921518773,2,165,575,1,0.8113776237720328,0,3110.360973839591,0.9331082921518773,0
2,9717.550653184244,1,282,171,2,0.848977948594123,0,4858.775326592122,0.9717550653184244,0
3,4045.085195427966,3,138,1538,5,0.7310907863085456,0,1011.2712988569915,0.4045085195427966,0
1,2763.792038168082,3,181,314,1,0.6730861706582272,0,690.9480095420205,0.2763792038168082,0
4,4729.4546594627855,1,459,1080,4,0.8203650347560798,1,2364.7273297313927,0.47294546594627856,0
3,10733.351306140396,1,45,780,4,0.7766350053038881,0,5366.675653070198,1.0733351306140395,0
1,16627.207023745534,3,21,1293,5,0.7228422667738604,0,4156.801755936383,1.6627207023745534,1
0,22561.91919757507,0,235,1768,3,0.6334196149653876,0,22561.91919757507,2.256191919757507,0
0,4478.179907984869,1,347,445,2,0.8495278430543881,0,2239.0899539924344,0.4478179907984869,0
3,57380.63937724774,8,14,962,1,0.6078248392918227,4,6375.626597471971,5.738063937724774,1
3,25719.458136552614,1,206,1530,4,0.8450575485933072,1,12859.729068276307,2.5719458136552613,0
2,32817.39122642526,4,359,157,2,0.9461931721518501,1,6563.478245285051,3.281739122642526,0
1,7550.737918692069,2,242,1565,4,0.7676969044709253,0,2516.912639564023,0.7550737918692069,0
3,6216.00023636329,2,19,1977,4,0.9084792839421328,0,2072.0000787877634,0.621600023636329,0
2,10191.905243293757,3,288,908,4,0.8645381056097123,0,2547.9763108234392,1.0191905243293757,0
2,2039.2778570435553,1,40,685,2,0.8201806960168891,1,1019.6389285217776,0.20392778570435552,0
3,6423.179907535462,2,54,1755,5,0.8722941123947324,0,2141.0599691784873,0.6423179907535462,0
0,19801.3159811361,0,101,1533,2,0.8146961340739454,0,19801.3159811361,1.98013159811361,0
1,17506.65818615611,2,76,982,2,0.7998587270040731,0,5835.552728718703,1.750665818615611,0
1,5858.675743898478,3,78,1989,3,0.6224529009788545,0,1464.6689359746194,0.5858675743898478,0
0,10522.402569044605,0,38,818,3,0.9320833953240769,0,10522.402569044605,1.0522402569044604,0
3,3012.180733649151,3,70,1082,5,0.6866947094616005,2,753.0451834122878,0.30121807336491513,0
1,18848.537013910085,1,4,1440,3,0.9051592904270904,0,9424.268506955043,1.8848537013910085,0
3,7380.629976614562,5,129,1865,5,0.9364442316472847,0,1230.104996102427,0.7380629976614562,0
3,5818.851927583031,2,293,1198,4,0.855544303686891,1,1939.6173091943438,0.5818851927583031,0
2,5249.727222873564,2,397,1235,4,0.6651684881145938,0,1749.9090742911878,0.5249727222873564,0
0,7514.031059831316,5,344,85,2,0.8856194586124537,0,1252.338509971886,0.7514031059831316,0
3,4734.099585507991,2,108,1077,4,0.7476605481113605,1,1578.0331951693304,0.4734099585507991,0
4,17850.229480991053,2,263,462,3,0.8764839851068809,1,5950.076493663684,1.7850229480991053,0
0,5042.512467859963,0,68,1160,1,0.9358936577228065,2,5042.512467859963,0.5042512467859963,0
1,54806.10737816574,0,12,532,2,0.8570043125304165,0,54806.10737816574,5.480610737816574,0
2,47016.43987835494,2,226,961,5,0.6768073185240749,0,15672.146626118314,4.701643987835494,0
1,2779.8376680016486,2,210,1849,4,0.9234959645614567,2,926.6125560005495,0.27798376680016484,0
1,8810.021182656534,2,324,652,2,0.9617645417805458,0,2936.6737275521778,0.8810021182656533,0
0,3711.5767094770235,2,192,1880,2,0.8817676622249411,0,1237.1922364923412,0.37115767094770236,0
1,27039.13754501103,9,11,1131,2,0.6727533253708924,3,2703.913754501103,2.7039137545011034,1
3,89582.2934038857,0,384,1213,4,0.9365201558803979,0,89582.2934038857,8.95822934038857,0
1,5602.197998575787,2,198,221,5,0.6869153012480501,0,1867.3993328585957,0.5602197998575787,0
2,12484.850702503998,2,330,309,2,0.8908037477110115,0,4161.616900834666,1.2484850702503998,0
2,15515.356475609615,0,298,1568,2,0.997178644771659,0,15515.356475609615,1.5515356475609614,0
4,2438.759416233833,2,71,74,2,0.7914085036755852,1,812.9198054112776,0.24387594162338327,0
2,2904.1192254828024,2,16,247,4,0.8863544446287955,0,968.0397418276008,0.29041192254828024,0
1,1906.0210997199729,2,39,628,3,0.6195407892125777,1,635.3403665733243,0.19060210997199728,0
2,2798.4895923733757,2,20,472,5,0.91958346363991,0,932.8298641244586,0.27984895923733755,0
0,265.06202860917995,5,56,1191,2,0.993021288632469,0,44.17700476819666,0.026506202860917996,1
2,15576.192114016108,3,124,841,2,0.826383817157757,0,3894.048028504027,1.5576192114016107,0
3,95323.59156270324,2,475,55,2,0.7984608728455652,1,31774.53052090108,9.532359156270324,0
0,9675.816303985965,0,412,1170,4,0.7699848027052136,0,9675.816303985965,0.9675816303985965,0
4,1481.0067452646233,0,254,121,3,0.6821041750000363,0,1481.0067452646233,0.14810067452646233,0
3,3746.840912226048,1,5,978,2,0.9590929598376535,0,1873.420456113024,0.3746840912226048,0
1,17618.144779608483,10,4,481,2,0.9130092845663996,3,1601.649525418953,1.7618144779608482,1
1,2389.6406246016386,4,230,1012,4,0.6096720799017238,0,477.9281249203277,0.23896406246016386,0
1,22747.696490190065,1,28,429,5,0.7580436928330436,1,11373.848245095032,2.2747696490190066,0
3,21424.963787161792,2,323,1843,5,0.9507288778782284,0,7141.654595720597,2.1424963787161793,0
3,2025.2690753286302,4,493,599,3,0.7290875931727736,0,405.05381506572604,0.202526907532863,0
3,19343.22007497544,1,88,857,5,0.9147518465366111,0,9671.61003748772,1.934322007497544,0
0,50623.70360572051,2,245,105,2,0.6656147007575488,0,16874.567868573504,5.062370360572051,0
0,79464.83265837304,5,33,664,4,0.8487704396277538,1,13244.138776395506,7.946483265837304,1
1,252269.79975019736,1,235,1176,2,0.8514906972716912,0,126134.89987509868,10.0,0
2,2745.1989283665976,2,5,265,2,0.7400374563786642,0,915.0663094555325,0.27451989283665973,0
1,240160.92817383187,0,33,70,3,0.36448503799970494,1,240160.92817383187,10.0,1
4,5297.2989300359495,1,248,1700,5,0.9743377113445361,1,2648.6494650179748,0.529729893003595,0
0,3980.017333992049,0,249,259,5,0.7417404955363186,0,3980.017333992049,0.39800173339920486,0
3,11997.899236904352,1,205,340,5,0.766057164479338,1,5998.949618452176,1.1997899236904352,0
0,4030.0191189604047,1,130,764,2,0.5610085836122692,1,2015.0095594802024,0.40300191189604045,0
3,13080.174537605999,0,225,884,4,0.8113692828150176,0,13080.174537605999,1.3080174537606,0
4,1662.2167377672613,2,298,237,4,0.9328820162530284,0,554.0722459224204,0.16622167377672614,0
4,18520.851848173952,6,19,1224,2,0.5484622799662365,4,2645.8359783105648,1.8520851848173951,1
0,37899.70779832295,1,439,240,1,0.8165072812389842,0,18949.853899161473,3.7899707798322946,0
3,7566.806919774454,2,317,456,2,0.8864687843389456,1,2522.2689732581516,0.7566806919774455,0
4,9603.807794638786,0,238,263,5,0.6519053975143297,0,9603.807794638786,0.9603807794638786,0
1,14332.863489396506,1,171,1964,2,0.9525654707882399,1,7166.431744698253,1.4332863489396506,0
1,33017.53144136627,1,26,603,1,0.8218587296648071,0,16508.765720683135,3.3017531441366272,0
3,1111.7941551196752,2,37,1551,2,0.9407650126956807,0,370.5980517065584,0.11117941551196753,0
0,127134.85418398875,10,15,1009,5,0.9363062489723042,6,11557.71401672625,10.0,1
4,5873.658854749599,3,326,1267,3,0.5122039721591607,0,1468.4147136873999,0.5873658854749599,0
0,9896.787360068316,3,191,1323,4,0.6857991837011902,1,2474.196840017079,0.9896787360068316,0
1,28909.923929346027,0,116,642,1,0.8677352844568192,1,28909.923929346027,2.890992392934603,0
4,1933.2852141149826,2,6,90,3,0.6311964689282077,0,644.4284047049943,0.19332852141149826,0
0,2403.849453284193,0,80,419,4,0.9852940587783852,1,2403.849453284193,0.24038494532841928,0
2,794.3181298695655,0,110,69,3,0.9560367170771428,0,794.3181298695655,0.07943181298695655,0
3,4192.318788076605,2,134,1082,2,0.7844371686024344,1,1397.4395960255351,0.41923187880766055,0
3,39995.36347507807,1,530,874,2,0.6741013052841803,0,19997.681737539035,3.999536347507807,0
2,7011.418924146321,1,24,1709,4,0.7100285826286971,0,3505.7094620731605,0.7011418924146321,0
1,1622.7055458605844,1,147,1276,4,0.833555609134888,1,811.3527729302922,0.16227055458605844,0
4,4524.152322359546,3,92,1986,2,0.815643926459053,1,1131.0380805898865,0.4524152322359546,0
3,1359.083637689663,3,924,1663,2,0.5622261101701995,0,339.77090942241574,0.13590836376896628,0
2,2100.1765212618666,2,396,1795,4,0.5656668153835462,0,700.0588404206222,0.21001765212618667,0
2,12920.657838286596,0,116,67,4,0.8381406431830293,0,12920.657838286596,1.2920657838286596,0
1,1980.9900192206214,3,1620,797,4,0.8296437950149304,1,495.24750480515536,0.19809900192206215,0
1,30796.649058593794,1,145,368,5,0.9016966083866854,0,15398.324529296897,3.0796649058593792,0
0,7440.219655675312,3,37,1785,5,0.7944732738460704,1,1860.054913918828,0.7440219655675312,1
3,8979.627189004894,6,163,910,2,0.7803299843890905,0,1282.8038841435562,0.8979627189004894,0
0,5801.967939334187,1,52,1017,5,0.950983800984625,2,2900.9839696670933,0.5801967939334187,0
2,20484.369405027694,3,203,1355,1,0.7890232545023972,0,5121.092351256923,2.048436940502769,0
4,20739.42724271288,4,555,1549,2,0.8298203554534289,0,4147.885448542576,2.073942724271288,0
4,12113.371720699559,1,309,301,1,0.6526287370125152,0,6056.685860349779,1.211337172069956,0
1,15958.500725547592,2,64,389,3,0.6952420673121208,0,5319.500241849198,1.5958500725547593,0
4,6282.306041347004,2,71,800,1,0.7360956030213797,0,2094.102013782335,0.6282306041347004,0
4,15531.781271207346,0,15,1017,3,0.9167001756781248,0,15531.781271207346,1.5531781271207346,0
4,5402.11957501946,5,68,511,1,0.8539225525318358,0,900.3532625032434,0.5402119575019461,0
2,8124.81263476056,1,20,1854,3,0.9240390314353915,1,4062.40631738028,0.812481263476056,0
4,5827.990287327579,3,139,680,3,0.5169650865946369,0,1456.9975718318947,0.5827990287327579,0
4,4681.331012313635,4,247,450,2,0.8251867171472433,0,936.266202462727,0.46813310123136354,0
4,3544.1932631648415,0,279,420,4,0.9431804136319267,1,3544.1932631648415,0.35441932631648415,0
0,14203.278889288735,1,13,331,4,0.7109115419093439,0,7101.639444644367,1.4203278889288735,0
2,39055.03543585788,2,84,439,2,0.8506175643868149,1,13018.345145285959,3.905503543585788,0
1,276944.00558697316,6,19,386,3,0.5042930868216099,4,39563.429369567595,10.0,1
0,13052.508660556974,6,9,1973,4,0.8936790635309868,2,1864.644094365282,1.3052508660556974,1
3,38064.73955817911,3,91,1418,4,0.8159050140162564,1,9516.184889544778,3.8064739558179115,0
2,5531.475067281931,3,72,1592,1,0.6693393201838567,1,1382.8687668204827,0.5531475067281931,0
2,16661.894390577963,2,202,322,5,0.7843232702806209,0,5553.964796859321,1.6661894390577963,0
3,2731.3235882391914,1,430,1326,2,0.8583824564406115,0,1365.6617941195957,0.2731323588239191,0
3,9608.23571488876,1,122,1069,5,0.5298527325304176,1,4804.11785744438,0.9608235714888761,0
3,11807.23572402136,4,275,1927,3,0.6864900366178632,0,2361.4471448042723,1.180723572402136,0
1,1364.4057293349174,3,32,689,1,0.8071404222630246,0,341.10143233372935,0.13644057293349174,1
4,16813.21729150814,2,451,1447,4,0.5913065671411337,0,5604.405763836046,1.681321729150814,0
2,40746.368959313564,1,34,1677,1,0.8284273903300788,0,20373.184479656782,4.074636895931357,0
4,59263.642538153166,10,9,867,2,0.8272748025477293,3,5387.603867104834,5.926364253815317,1
4,41448.283857558155,5,23,1969,3,0.8209879855583078,0,6908.047309593026,4.144828385755815,1
3,6453.434881815118,2,75,55,1,0.7087567424638387,0,2151.1449606050396,0.6453434881815119,0
1,22460.229294490768,2,161,1487,1,0.8911577763002899,0,7486.743098163589,2.2460229294490768,0
0,565.5032489778998,2,885,635,1,0.7489003638591989,0,188.5010829926333,0.05655032489778998,0
1,147640.17392477946,2,316,1571,4,0.5775951153797494,0,49213.39130825982,10.0,0
4,48754.35931584331,4,96,1129,3,0.9466221917557929,0,9750.87186316866,4.875435931584331,0
1,5758.598423894389,1,172,1880,4,0.8060462024677234,0,2879.2992119471946,0.5758598423894389,0
3,760.1328100106755,0,196,1471,1,0.871635612512343,0,760.1328100106755,0.07601328100106755,0
0,11448.729498162309,0,347,871,4,0.8551389070762675,0,11448.729498162309,1.144872949816231,0
3,1432.6617311057594,1,267,287,4,0.7727078190882786,1,716.3308655528797,0.14326617311057593,0
0,13819.338697690544,3,169,539,2,0.7756885979980851,0,3454.834674422636,1.3819338697690544,0
4,13278.199884772563,1,222,1095,5,0.9427478481550975,1,6639.099942386281,1.3278199884772564,0
0,2618.393385957707,2,275,490,5,0.7286060076430002,1,872.7977953192357,0.2618393385957707,0
0,31106.13757382909,2,29,1114,2,0.7223497034530563,0,10368.712524609697,3.110613757382909,0
0,21304.841862805384,3,45,907,2,0.4509477030332473,0,5326.210465701346,2.1304841862805386,1
1,26133.88441472682,1,234,1851,4,0.7988928703494027,0,13066.94220736341,2.613388441472682,0
1,8189.672959809827,4,380,307,4,0.9510415377023852,0,1637.9345919619655,0.8189672959809827,0
4,1482.3309880777601,1,106,1524,3,0.8760254703008233,0,741.1654940388801,0.14823309880777602,0
0,26198.219427396736,4,782,97,5,0.792755768142387,0,5239.643885479347,2.6198219427396734,0
2,54638.43148483538,8,8,1883,4,0.7807811865994198,4,6070.936831648376,5.463843148483538,1
4,1528.838885893625,5,108,552,3,0.7991658085336818,0,254.80648098227084,0.1528838885893625,0
0,41045.94135270182,3,96,188,5,0.7302625607388342,1,10261.485338175455,4.104594135270182,0
0,100638.38500954061,1,533,1275,3,0.7089202199923658,0,50319.192504770304,10.0,0
1,7711.764085311905,1,68,1725,3,0.6916828521071007,1,3855.8820426559523,0.7711764085311905,0
4,108114.41954465964,1,128,558,2,0.7140803907363436,1,54057.20977232982,10.0,0
0,9041.475637788699,2,42,703,1,0.6666051345237628,1,3013.825212596233,0.9041475637788698,0
0,5133.037740213645,0,148,1359,1,0.9380990104362549,0,5133.037740213645,0.5133037740213645,0
4,21162.945159574014,7,4,1306,1,0.8697322967650428,4,2645.3681449467517,2.1162945159574016,1
2,57785.831195920364,2,73,1389,3,0.6631780311491449,1,19261.943731973453,5.778583119592036,0
4,3177.42799634964,1,333,510,4,0.4879692319989608,1,1588.71399817482,0.317742799634964,0
4,19581.16026461367,5,485,719,1,0.8580425473070404,0,3263.526710768945,1.958116026461367,0
2,4142.28728240417,1,16,1623,4,0.743491579266055,0,2071.143641202085,0.41422872824041695,0
4,4664.014723713595,1,283,1660,5,0.8294118137580616,0,2332.0073618567976,0.46640147237135954,0
0,222922.58389719005,7,5,1394,1,0.8191531799280943,3,27865.322987148757,10.0,1
4,5135.619637215357,0,39,1248,3,0.8317152443229403,0,5135.619637215357,0.5135619637215357,0
2,4985.283466623254,1,184,1112,2,0.8120874597039065,0,2492.641733311627,0.4985283466623254,0
3,31551.1600719319,1,245,482,3,0.7917656057931454,0,15775.58003596595,3.15511600719319,0
4,55098.44381752024,2,101,534,4,0.7101516038800556,0,18366.147939173414,5.509844381752024,0
1,90442.59394518056,6,3,1658,5,0.8181939615805589,2,12920.370563597224,9.044259394518056,1
0,3693.3023006665426,1,479,1131,3,0.6657291486339093,0,1846.6511503332713,0.3693302300666543,0
0,4390.813519424611,0,263,545,2,0.7982910489146204,0,4390.813519424611,0.43908135194246106,0
1,8918.636155227574,1,64,924,2,0.880330305593888,0,4459.318077613787,0.8918636155227574,0
1,11909.790528302889,3,138,650,5,0.8319019680575032,0,2977.447632075722,1.1909790528302888,0
4,2476.3993466940597,2,6,1858,1,0.7862831544087353,0,825.4664488980198,0.24763993466940595,0
1,19295.853890641545,2,83,1207,3,0.9692135486774758,0,6431.951296880515,1.9295853890641546,0
3,8978.750378710278,3,148,704,3,0.7225273428673105,0,2244.6875946775695,0.8978750378710277,0
2,7651.490743317559,8,16,1582,2,0.8511346635737307,6,850.1656381463954,0.7651490743317558,1
1,2657.890975791119,1,47,656,4,0.7197526054376405,0,1328.9454878955596,0.2657890975791119,0
1,4425.088652116719,3,300,205,3,0.6405374115664232,0,1106.2721630291796,0.4425088652116719,0
3,23469.589646164728,7,18,250,2,0.6005320318577791,3,2933.698705770591,2.346958964616473,1
0,78208.5733851161,2,174,1071,4,0.9256952350144553,0,26069.52446170537,7.820857338511611,0
0,10783.856942728464,0,64,548,1,0.9560204749687395,0,10783.856942728464,1.0783856942728465,0
4,15066.802648570254,6,13,1475,1,0.7353097618257367,4,2152.400378367179,1.5066802648570254,1
3,47379.865703354735,14,10,1569,2,0.9113636098853541,3,3158.6577135569823,4.737986570335473,1
2,5310.7837544660715,1,201,537,2,0.7916568209376592,0,2655.3918772330358,0.5310783754466072,0
2,11964.62773991598,3,111,209,1,0.7346826738118286,0,2991.156934978995,1.196462773991598,0
3,16263.542486039572,4,4,1284,2,0.9429277768645414,1,3252.7084972079147,1.6263542486039573,1
2,34581.591319393294,1,6,1526,5,0.9180815622861596,0,17290.795659696647,3.4581591319393294,0
0,7870.337345214061,0,128,1757,3,0.7712320390273699,1,7870.337345214061,0.7870337345214061,0
2,57916.21250684778,1,41,1143,5,0.7601216062344999,0,28958.10625342389,5.791621250684778,0
2,24091.809213312026,3,176,880,4,0.5208626714301707,1,6022.952303328007,2.4091809213312025,0
3,34039.53666488455,4,15,1021,2,0.8704066940093179,4,6807.907332976911,3.403953666488455,1
3,114901.07260355084,1,213,1387,2,0.8357049515273999,0,57450.53630177542,10.0,0
2,11996.778278403926,0,609,480,4,0.9606945442885594,1,11996.778278403926,1.1996778278403926,0
1,2974.5575827289963,2,151,1455,3,0.9504837483006877,0,991.5191942429988,0.2974557582728996,0
3,58894.06858786504,1,310,1730,1,0.9419051284690764,0,29447.03429393252,5.889406858786504,0
4,98059.83202659084,2,280,1240,5,0.754877350759271,0,32686.61067553028,9.805983202659084,0
4,7788.236112721174,0,510,1464,3,0.6700966222041451,0,7788.236112721174,0.7788236112721174,0
0,4427.629806870965,1,49,1392,1,0.7468847547997687,0,2213.8149034354824,0.44276298068709646,0
2,6588.955064107449,1,352,166,1,0.7451640595336076,0,3294.4775320537246,0.6588955064107449,0
1,19104.478691656757,1,472,746,2,0.9298284806160608,1,9552.239345828379,1.9104478691656757,0
0,37549.9747981133,1,100,1585,4,0.8528704442063363,0,18774.98739905665,3.7549974798113297,0
2,16067.996811420053,1,76,252,2,0.42245980381051507,0,8033.998405710026,1.6067996811420053,0
3,9155.113459144579,0,608,1235,4,0.7054499028659365,0,9155.113459144579,0.9155113459144579,0
4,397511.8321005923,10,1,1894,2,0.9478960082111905,5,36137.43928187203,10.0,1
1,5566.914514665378,2,96,1011,5,0.8063253287142702,0,1855.638171555126,0.5566914514665379,0
4,27920.12980496005,2,314,511,2,0.8493302935027938,0,9306.709934986682,2.792012980496005,0
3,5734.8945481695,1,73,1923,5,0.7976379964900737,0,2867.44727408475,0.57348945481695,0
2,13591.876126628114,8,39,993,3,0.6467233849366877,0,1510.208458514235,1.3591876126628115,1
3,7070.771827087993,6,158,749,3,0.8431260881867471,1,1010.1102610125705,0.7070771827087993,0
3,62471.502321274704,5,11,1628,2,0.644402766022556,3,10411.917053545783,6.247150232127471,1
4,5151.978934860551,0,350,250,3,0.8431364271058002,0,5151.978934860551,0.515197893486055,0
1,40693.548177066405,2,123,1304,1,0.8327951878979282,1,13564.516059022135,4.069354817706641,0
3,3362.663859826809,2,338,565,5,0.8960560439322502,3,1120.887953275603,0.33626638598268094,0
4,3333.3107121883468,3,75,1825,4,0.7813141260272977,0,833.3276780470867,0.33333107121883465,0
1,103279.30322317014,2,172,1279,5,0.8635962602902456,1,34426.434407723376,10.0,0
2,145385.95851698247,9,19,1404,2,0.8832320116006463,4,14538.595851698246,10.0,1
2,463.0632072782578,1,98,655,3,0.7553213706837618,0,231.5316036391289,0.04630632072782578,0
0,4112.101591556002,1,390,793,3,0.96314340062464,0,2056.050795778001,0.4112101591556002,0
4,921.140701481692,5,49,924,1,0.7784158488600976,0,153.52345024694867,0.09211407014816919,1
1,2589.3733300349923,1,333,396,3,0.7681309718110906,1,1294.6866650174961,0.25893733300349925,0
3,187.50066658406374,3,67,398,2,0.7898868612145795,0,46.875166646015934,0.018750066658406374,0
2,6874.763395669902,2,8,1233,2,0.7729363698125278,0,2291.587798556634,0.6874763395669902,0
1,2058.370268765173,4,24,1698,4,0.9060658766768421,0,411.6740537530346,0.2058370268765173,1
4,8707.032471311697,1,274,1325,5,0.7297440130965709,0,4353.5162356558485,0.8707032471311698,0
0,1152.691001752307,2,61,1295,5,0.9296708758988497,0,384.2303339174357,0.1152691001752307,0
2,8950.76447485844,0,213,907,5,0.9316248923046789,0,8950.76447485844,0.895076447485844,0
1,4925.102995875337,0,241,1679,4,0.6964114803643162,1,4925.102995875337,0.4925102995875337,0
1,49135.81896098761,1,85,443,4,0.8105497266436901,0,24567.909480493807,4.913581896098761,0
1,44074.12850609012,2,129,1469,4,0.6172109948823971,0,14691.376168696706,4.4074128506090124,0
4,20793.895220845556,2,104,1043,1,0.8478085477401287,0,6931.298406948518,2.0793895220845555,0
4,33199.218715889394,8,1,1027,4,0.8743419735858152,3,3688.802079543266,3.3199218715889396,1
4,87768.37089211683,3,78,216,3,0.7834791501150102,0,21942.092723029207,8.776837089211682,1
3,1256.8422036137179,3,41,1025,1,0.7456552722207159,0,314.21055090342946,0.12568422036137178,1
1,1503.7686123818899,1,92,501,3,0.8741421178863623,0,751.8843061909449,0.150376861238189,0
2,7328.017395074309,1,222,1211,5,0.7462767154098074,0,3664.0086975371546,0.7328017395074309,0
4,121157.39091584756,0,240,909,2,0.837874785062189,0,121157.39091584756,10.0,0
4,6356.246516515506,1,516,1946,5,0.9223970212442452,0,3178.123258257753,0.6356246516515506,0
1,6503.564616788689,5,427,259,4,0.8378556226352468,2,1083.927436131448,0.6503564616788688,0
4,1436.1304278336365,1,69,817,2,0.9120304731407728,0,718.0652139168183,0.14361304278336365,0
3,25213.01232476808,2,122,1658,5,0.8893197599919641,0,8404.33744158936,2.521301232476808,0
3,142390.24290705856,8,10,263,1,0.8028553022205688,4,15821.138100784285,10.0,1
4,20887.16723921442,1,497,1851,4,0.7974821205788614,0,10443.58361960721,2.088716723921442,0
1,3808.2886446656453,2,83,1433,5,0.6213583683183598,0,1269.4295482218818,0.38082886446656455,0
1,3470.14576045118,1,118,1736,2,0.9144661849645608,0,1735.07288022559,0.34701457604511804,0
1,1716.861681676267,2,460,1308,3,0.6611179280831438,0,572.2872272254223,0.1716861681676267,0
0,8961.088671584896,1,89,1022,5,0.9338231068867096,0,4480.544335792448,0.8961088671584896,0
4,2216.1155829231525,0,131,1801,1,0.7979871548968156,0,2216.1155829231525,0.22161155829231524,0
1,1972.5850974202565,3,470,1470,2,0.6994604250068771,0,493.1462743550641,0.19725850974202566,0
3,4873.517037444264,0,325,353,5,0.8463154513808604,0,4873.517037444264,0.48735170374442643,0
2,4505.312746768216,2,56,1182,3,0.9350917750305997,0,1501.7709155894054,0.45053127467682164,0
2,4248.944021063532,3,79,906,4,0.8655981595118758,0,1062.236005265883,0.4248944021063532,0
1,14182.066405163336,5,88,1885,4,0.8928737219790591,0,2363.677734193889,1.4182066405163336,0
2,8909.357096444484,4,488,910,4,0.8522528042608987,1,1781.871419288897,0.8909357096444485,0
2,5734.252972133267,3,1369,1905,2,0.7608349272566433,1,1433.5632430333167,0.5734252972133267,0
0,10093.18289423462,1,298,857,3,0.8660019271315366,0,5046.59144711731,1.009318289423462,0
3,2465.543504156611,1,133,1463,3,0.8160154641006143,0,1232.7717520783056,0.24655435041566112,0
3,9194.257181157065,1,3,169,5,0.8863372660584853,0,4597.128590578533,0.9194257181157065,0
0,9708.169159170859,0,240,1913,4,0.7548856617460695,1,9708.169159170859,0.9708169159170859,0
0,1334.5424376765943,1,99,1683,2,0.816872396716599,0,667.2712188382972,0.13345424376765944,0
2,26764.522581347755,3,201,1283,4,0.7450896570491412,1,6691.130645336939,2.6764522581347756,0
4,2813.7673369927843,3,187,476,4,0.8497554440516537,0,703.4418342481961,0.2813767336992784,0
2,9030.578955668312,0,132,1617,5,0.8991063473184787,0,9030.578955668312,0.9030578955668312,0
0,32770.83063006086,1,578,994,5,0.8798060076049614,0,16385.41531503043,3.277083063006086,0
3,199614.75758116605,8,6,379,5,0.8810233900962224,3,22179.41750901845,10.0,1
2,8443.904222905905,4,250,1299,1,0.8192724348223335,1,1688.780844581181,0.8443904222905905,0
4,5244.846196359928,2,106,1800,1,0.7177495594144917,2,1748.2820654533095,0.5244846196359928,0
2,25260.931969387497,1,251,684,2,0.9932021019123033,0,12630.465984693748,2.5260931969387497,0
1,18208.321127209336,1,225,1220,2,0.6665510663284533,0,9104.160563604668,1.8208321127209335,0
2,3858.2229312538225,2,3,1413,5,0.7259564834094467,0,1286.0743104179408,0.38582229312538224,0
0,3121.6832033896717,1,68,613,3,0.6566204884506035,0,1560.8416016948358,0.3121683203389672,0
3,673.9620353586461,4,42,229,2,0.49034890964399813,0,134.7924070717292,0.0673962035358646,1
3,9748.202714450466,1,37,339,1,0.9691786762231962,0,4874.101357225233,0.9748202714450467,0
0,7337.567812325874,1,261,236,1,0.8550954544165091,0,3668.783906162937,0.7337567812325874,0
1,31679.64530138606,1,55,535,4,0.9256688886397114,0,15839.82265069303,3.167964530138606,0
0,12467.320154569621,2,129,1410,5,0.7535772217585901,0,4155.77338485654,1.246732015456962,0
2,40178.00690600151,1,57,1181,3,0.9418801701906652,0,20089.003453000754,4.017800690600151,0
0,3509.268627450794,2,174,1199,5,0.8664800688334414,1,1169.7562091502648,0.3509268627450794,0
0,31754.203750946792,2,256,822,1,0.6610652555021049,0,10584.734583648931,3.1754203750946792,0
1,4295.401647046613,1,81,1779,3,0.8604160413001333,0,2147.7008235233066,0.42954016470466133,0
2,20601.419788009793,0,185,1882,2,0.9856837725217659,0,20601.419788009793,2.060141978800979,0
4,1407.386797848717,1,349,1107,4,0.6342257859031953,0,703.6933989243585,0.1407386797848717,0
4,10744.64058751062,1,20,1511,1,0.8553478209777851,0,5372.32029375531,1.0744640587510619,0
3,748.727029327755,3,249,1349,4,0.8297995666001688,2,187.18175733193874,0.0748727029327755,0
0,5880.723143209771,0,79,1567,5,0.8698479091981378,2,5880.723143209771,0.5880723143209771,0
3,84134.28453064706,11,15,231,3,0.8551420575436212,5,7011.190377553921,8.413428453064705,1
1,4336.564564019314,1,158,1312,5,0.6815461195686131,0,2168.282282009657,0.4336564564019314,0
4,2297.2656468799732,1,52,1907,4,0.9724085603378095,0,1148.6328234399866,0.22972656468799732,0
0,22367.005051472326,4,345,1421,1,0.8234713281258862,0,4473.401010294465,2.2367005051472324,0
1,7156.989081611874,5,9,195,4,0.9372492197106627,1,1192.831513601979,0.7156989081611874,1
1,4503.072513570935,0,21,1117,1,0.8965249521242517,1,4503.072513570935,0.45030725135709354,0
0,8520.881742609305,1,148,1944,4,0.738325326839978,0,4260.440871304652,0.8520881742609304,0
1,191760.59469210444,0,178,1889,5,0.7225889565302077,2,191760.59469210444,10.0,1
0,32344.634220865417,2,262,548,4,0.5918962677736641,3,10781.544740288473,3.2344634220865416,0
0,32698.628098319376,1,61,852,2,0.7523279237278155,2,16349.314049159688,3.2698628098319378,0
2,13665.85387639446,0,369,1952,5,0.855424043488957,0,13665.85387639446,1.366585387639446,0
3,9894.97495633992,1,613,1368,4,0.5401144527309448,0,4947.48747816996,0.989497495633992,0
1,457.008163513861,3,139,1844,4,0.7981929460909052,1,114.25204087846525,0.0457008163513861,0
1,3587.5456482731256,1,286,580,3,0.7293654091994322,2,1793.7728241365628,0.35875456482731255,0
2,4551.9486917422955,1,149,1800,5,0.8647005800393326,0,2275.9743458711478,0.4551948691742296,0
2,854.1693900656054,1,15,260,3,0.8499758310345921,0,427.0846950328027,0.08541693900656054,0
2,2020.5015501745686,2,79,942,5,0.8835259327480842,0,673.5005167248562,0.20205015501745685,0
4,752.1954784315267,3,19,1475,1,0.7645921035123145,0,188.04886960788167,0.07521954784315267,1
4,7738.873374687492,1,900,1304,5,0.8761564675053448,0,3869.436687343746,0.7738873374687493,0
4,21644.770675524225,1,53,1412,5,0.6235511647479433,0,10822.385337762113,2.1644770675524225,0
0,233618.35552316083,5,15,54,4,0.7557227744268818,3,38936.39258719347,10.0,1
1,13329.585994255987,2,67,360,2,0.8539571914355053,1,4443.195331418662,1.3329585994255988,0
3,2550.193175960256,1,212,1854,5,0.7216422316193,0,1275.096587980128,0.25501931759602564,0
0,797.5318807930618,2,48,211,3,0.6493318384750942,0,265.84396026435394,0.07975318807930618,0
1,984.1295655766411,1,308,265,2,0.8954298558074739,0,492.06478278832054,0.0984129565576641,0
1,1767.3223920075532,0,24,835,5,0.8236623589715957,0,1767.3223920075532,0.17673223920075531,0
2,2788.8047063589615,1,452,885,2,0.8480116909748282,0,1394.4023531794808,0.27888047063589616,0
2,6689.549438908502,0,368,1685,1,0.9876441650759568,0,6689.549438908502,0.6689549438908502,0
0,2399.4694712341447,1,228,1244,2,0.5221392026268238,0,1199.7347356170724,0.23994694712341447,0
2,12170.50976841165,3,14,301,1,0.8142477931445923,1,3042.6274421029125,1.217050976841165,1
1,6131.972753431757,2,47,1754,2,0.7847864643450196,1,2043.9909178105856,0.6131972753431757,0
2,8206.278853538584,3,393,1111,2,0.7522471599594598,1,2051.569713384646,0.8206278853538584,0
4,31834.333724436125,2,27,277,3,0.6430062925966968,0,10611.444574812042,3.1834333724436124,0
2,1965.932406646301,2,34,958,3,0.8663590644752733,1,655.3108022154337,0.1965932406646301,0
1,13392.437941920061,2,158,1710,4,0.7592048720005715,0,4464.145980640021,1.3392437941920061,0
0,7968.345233543004,2,65,1351,2,0.7940619141627884,0,2656.115077847668,0.7968345233543004,0
3,5430.662771447301,0,51,334,1,0.8646878781152488,0,5430.662771447301,0.5430662771447301,0
2,23442.53965877442,0,172,1583,2,0.8922881602466358,0,23442.53965877442,2.344253965877442,0
1,23267.597011915543,2,94,698,5,0.9005629045255499,1,7755.8656706385145,2.326759701191554,0
3,2602.4563937205207,1,31,415,1,0.8793438973792248,0,1301.2281968602604,0.2602456393720521,0
3,6512.035110767655,0,154,1693,5,0.7699700793915808,0,6512.035110767655,0.6512035110767656,0
4,11355.460619935007,1,98,1141,4,0.7661160620489169,0,5677.730309967504,1.1355460619935007,0
3,5839.450052951271,1,266,1177,5,0.8669793796147277,0,2919.7250264756353,0.583945005295127,0
1,16350.693621278766,2,22,1474,4,0.7096144589901271,0,5450.231207092922,1.6350693621278767,0
1,11355.192661382018,3,194,1319,4,0.9461633886641353,0,2838.7981653455045,1.1355192661382019,0
2,619822.8700135532,9,15,1750,4,0.809788217661304,2,61982.28700135532,10.0,1
2,1291.6361627232134,3,105,241,5,0.7870679420512877,0,322.90904068080334,0.12916361627232134,0
2,6995.880902261501,0,53,1780,4,0.5111271039505166,0,6995.880902261501,0.6995880902261501,0
3,2723.8374335782146,1,7,693,4,0.7874137619860242,0,1361.9187167891073,0.27238374335782145,0
3,16729.500659546367,3,377,1369,3,0.8605603798002589,1,4182.375164886592,1.6729500659546368,0
4,1163.7394138264485,2,80,1217,2,0.8838718763155671,0,387.9131379421495,0.11637394138264485,0
2,12278.13420274102,0,229,956,4,0.5077836299347813,1,12278.13420274102,1.227813420274102,0
0,3804.50771083683,2,590,780,1,0.8171086425059134,0,1268.16923694561,0.380450771083683,0
4,3357.6807466691457,2,167,75,1,0.9359365434991832,1,1119.226915556382,0.33576807466691455,0
0,1428.2456554794944,1,102,1324,3,0.9642948830258304,1,714.1228277397472,0.14282456554794945,0
3,4637.398707176125,2,63,1680,5,0.7094952554716095,1,1545.7995690587084,0.46373987071761247,0
4,29774.292617693034,2,544,1939,5,0.8602221675453375,1,9924.764205897678,2.9774292617693034,0
4,7861.821328510789,0,230,761,5,0.9172753297538265,0,7861.821328510789,0.7861821328510789,0
1,17209.494244147078,0,219,664,4,0.8795928355680633,0,17209.494244147078,1.7209494244147077,0
3,59728.8353141751,3,112,242,5,0.9217323654203978,0,14932.208828543775,5.97288353141751,0
3,11120.068210094796,3,373,430,5,0.8061653558181795,0,2780.017052523699,1.1120068210094796,0
4,4144.098336570597,2,251,1075,2,0.871303394525336,0,1381.366112190199,0.4144098336570597,0
3,14195.817503827286,0,67,1832,4,0.6393085171063725,0,14195.817503827286,1.4195817503827286,0
4,4216.85397067038,0,184,1676,4,0.9072224670625456,2,4216.85397067038,0.42168539706703795,0
